ISO3,Production,Imports_Original,Imports_Shocked,Population,Availability_Baseline,Availability_After_Shock,Percent_Drop,Severity
AFG,311000,0,0,40578842,7.664092533739627,7.664092533739627,0,Low
AFG,592000,0,0,40578842,14.588883536893439,14.588883536893439,0,Low
AFG,3802895,0,0,40578842,93.71620313857157,93.71620313857157,0,Low
ZAF,94819000.04,450969503.440033,339994333.2898078,62378410,8749.637951336577,6970.574167084537,-0.20332998852601367,High
ZAF,94819000.04,450969503.440033,339994333.2898078,1446883651,377.21658068554194,300.51713766292863,-0.20332998852601356,High
ZAF,40108154.29,450969503.440033,339994333.2898078,62378410,7872.558113136148,6093.494328884109,-0.22598293447761203,High
ZAF,40108154.29,450969503.440033,339994333.2898078,1446883651,339.4036952388185,262.7042522162052,-0.225982934477612,High
ZAF,26115468.87,450969503.440033,339994333.2898078,62378410,7648.238746547612,5869.174962295573,-0.23261091124477543,High
ZAF,26115468.87,450969503.440033,339994333.2898078,1446883651,329.73278257743823,253.03333955482492,-0.2326109112447754,High
ALB,401419,16189536.727174,13624876.184245,2827608,5867.487900435281,4960.4807965761165,-0.15458184477753717,High
ALB,0,16189536.727174,13624876.184245,2827608,5725.523738500528,4818.516634641364,-0.15841469624169308,High
ALB,233145,16189536.727174,13624876.184245,2827608,5807.976822520661,4900.969718661498,-0.15616575815905587,High
DZA,11000,0,0,45477389,0.24187844205391826,0.24187844205391826,0,Low
DZA,307.49,0,0,45477389,0.0067613820133781205,0.0067613820133781205,0,Low
DZA,3000000,0,0,45477389,65.9668478328868,65.9668478328868,0,Low
NA,574476164.4,0,0,5343,107519401.90903987,107519401.90903987,0,Low
NA,574476164.4,0,0,12077154,47567.18051289236,47567.18051289236,0,Low
NA,574476164.4,0,0,7465915,76946.51819636307,76946.51819636307,0,Low
NA,574476164.4,0,0,704356,815604.842437631,815604.842437631,0,Low
NA,574476164.4,0,0,1425179569,403.09037323843364,403.09037323843364,0,Low
NA,574476164.4,0,0,23420111,24529.181966729364,24529.181966729364,0,Low
NA,574476164.4,0,0,30395002,18900.34961669027,18900.34961669027,0,Low
NA,574476164.4,0,0,185345,3099496.422347514,3099496.422347514,0,Low
NA,574476164.4,0,0,102396968,5610.284909998507,5610.284909998507,0,Low
NA,574476164.4,0,0,89524246,6416.989699081074,6416.989699081074,0,Low
NA,574476164.4,0,0,112114,5124035.931284228,5124035.931284228,0,Low
NA,574476164.4,0,0,17904421,32085.71583521187,32085.71583521187,0,Low
NA,574476164.4,0,0,871540,659150.6579158731,659150.6579158731,0,Low
NA,574476164.4,0,0,10920,52607707.36263736,52607707.36263736,0,Low
NA,574476164.4,0,0,87058473,6598.739268031958,6598.739268031958,0,Low
NA,574476164.4,0,0,86507,6640805.534812212,6640805.534812212,0,Low
NA,574476164.4,0,0,28213017,20362.096134560867,20362.096134560867,0,Low
NA,574476164.4,0,0,11478,50050197.2817564,50050197.2817564,0,Low
NA,574476164.4,0,0,8021406686,71.61788285870736,71.61788285870736,0,Low
NA,574476164.4,0,0,475299909,1208.6603711089706,1208.6603711089706,0,Low
NA,574476164.4,0,0,199713824,2876.496743660569,2876.496743660569,0,Low
NA,574476164.4,0,0,264719925,2170.128162434316,2170.128162434316,0,Low
NA,574476164.4,0,0,71212991,8067.013564982827,8067.013564982827,0,Low
NA,574476164.4,0,0,435937001,1317.796294148475,1317.796294148475,0,Low
NA,574476164.4,0,0,1034848565,555.1306575952975,555.1306575952975,0,Low
NA,574476164.4,0,0,380481775,1509.8651292824736,1509.8651292824736,0,Low
NA,574476164.4,0,0,179821109,3194.709272980849,3194.709272980849,0,Low
NA,574476164.4,0,0,44052902,13040.597516140935,13040.597516140935,0,Low
NA,574476164.4,0,0,430492778,1334.4617929920303,1334.4617929920303,0,Low
NA,574476164.4,0,0,4747661033,121.00193345879923,121.00193345879923,0,Low
NA,574476164.4,0,0,79341768,7240.526382018611,7240.526382018611,0,Low
NA,574476164.4,0,0,1663264901,345.3906614963193,345.3906614963193,0,Low
NA,574476164.4,0,0,2022467287,284.0471972489313,284.0471972489313,0,Low
NA,574476164.4,0,0,684898412,838.7757283922568,838.7757283922568,0,Low
NA,574476164.4,0,0,297688665,1929.7885070632435,1929.7885070632435,0,Low
NA,574476164.4,0,0,746964086,769.0813724075082,769.0813724075082,0,Low
NA,574476164.4,0,0,289050977,1987.4562278334731,1987.4562278334731,0,Low
NA,574476164.4,0,0,107439461,5346.97548789825,5346.97548789825,0,Low
NA,574476164.4,0,0,151975351,3780.0614416741832,3780.0614416741832,0,Low
NA,574476164.4,0,0,198498297,2894.1113001085346,2894.1113001085346,0,Low
NA,574476164.4,0,0,45049350,12752.15212650127,12752.15212650127,0,Low
NA,574476164.4,0,0,31332719,18334.70514959139,18334.70514959139,0,Low
NA,574476164.4,0,0,12503827,45944.0269287155,45944.0269287155,0,Low
NA,574476164.4,0,0,449113453,1279.1337257047162,1279.1337257047162,0,Low
NA,574476164.4,0,0,1134811910,506.2302918551498,506.2302918551498,0,Low
NA,574476164.4,0,0,566128954,1014.7443622888788,1014.7443622888788,0,Low
NA,574476164.4,0,0,72230332,7953.392272930436,7953.392272930436,0,Low
NA,574476164.4,0,0,1039281637,552.7627391342045,552.7627391342045,0,Low
NA,574476164.4,0,0,1780529299,322.6434772641166,322.6434772641166,0,Low
NA,34206687.81,0,0,5343,6402150.067377878,6402150.067377878,0,Low
NA,34206687.81,0,0,12077154,2832.3467441087532,2832.3467441087532,0,Low
NA,34206687.81,0,0,7465915,4581.7140712156515,4581.7140712156515,0,Low
NA,34206687.81,0,0,704356,48564.48700657055,48564.48700657055,0,Low
NA,34206687.81,0,0,1425179569,24.00166866972537,24.00166866972537,0,Low
NA,34206687.81,0,0,23420111,1460.5689874825957,1460.5689874825957,0,Low
NA,34206687.81,0,0,30395002,1125.4050192199363,1125.4050192199363,0,Low
NA,34206687.81,0,0,185345,184556.84161968224,184556.84161968224,0,Low
NA,34206687.81,0,0,102396968,334.05957693981725,334.05957693981725,0,Low
NA,34206687.81,0,0,89524246,382.0941179443165,382.0941179443165,0,Low
NA,34206687.81,0,0,112114,305106.3008188095,305106.3008188095,0,Low
NA,34206687.81,0,0,17904421,1910.5162803086457,1910.5162803086457,0,Low
NA,34206687.81,0,0,871540,39248.5575074007,39248.5575074007,0,Low
NA,34206687.81,0,0,10920,3132480.5686813192,3132480.5686813192,0,Low
NA,34206687.81,0,0,87058473,392.91623929585813,392.91623929585813,0,Low
NA,34206687.81,0,0,86507,395421.0388754668,395421.0388754668,0,Low
NA,34206687.81,0,0,28213017,1212.4434550902515,1212.4434550902515,0,Low
NA,34206687.81,0,0,11478,2980195.836382645,2980195.836382645,0,Low
NA,34206687.81,0,0,8021406686,4.264425075180636,4.264425075180636,0,Low
NA,34206687.81,0,0,475299909,71.9686395100909,71.9686395100909,0,Low
NA,34206687.81,0,0,199713824,171.27851805591587,171.27851805591587,0,Low
NA,34206687.81,0,0,264719925,129.21841002334827,129.21841002334827,0,Low
NA,34206687.81,0,0,71212991,480.3433661422816,480.3433661422816,0,Low
NA,34206687.81,0,0,435937001,78.46704393417617,78.46704393417617,0,Low
NA,34206687.81,0,0,1034848565,33.054776289900936,33.054776289900936,0,Low
NA,34206687.81,0,0,380481775,89.90361709177793,89.90361709177793,0,Low
NA,34206687.81,0,0,179821109,190.22620870389585,190.22620870389585,0,Low
NA,34206687.81,0,0,44052902,776.4911335466618,776.4911335466618,0,Low
NA,34206687.81,0,0,430492778,79.4593766913321,79.4593766913321,0,Low
NA,34206687.81,0,0,4747661033,7.204955781854784,7.204955781854784,0,Low
NA,34206687.81,0,0,79341768,431.13089955343577,431.13089955343577,0,Low
NA,34206687.81,0,0,1663264901,20.56598909135521,20.56598909135521,0,Low
NA,34206687.81,0,0,2022467287,16.913345412246464,16.913345412246464,0,Low
NA,34206687.81,0,0,684898412,49.94417742933824,49.94417742933824,0,Low
NA,34206687.81,0,0,297688665,114.90759250104469,114.90759250104469,0,Low
NA,34206687.81,0,0,746964086,45.79428710311516,45.79428710311516,0,Low
NA,34206687.81,0,0,289050977,118.34136720458137,118.34136720458137,0,Low
NA,34206687.81,0,0,107439461,318.3810444655898,318.3810444655898,0,Low
NA,34206687.81,0,0,151975351,225.08049881062624,225.08049881062624,0,Low
NA,34206687.81,0,0,198498297,172.3273616297071,172.3273616297071,0,Low
NA,34206687.81,0,0,45049350,759.3159015612879,759.3159015612879,0,Low
NA,34206687.81,0,0,31332719,1091.7242072097224,1091.7242072097224,0,Low
NA,34206687.81,0,0,12503827,2735.6974636645245,2735.6974636645245,0,Low
NA,34206687.81,0,0,449113453,76.16491463683677,76.16491463683677,0,Low
NA,34206687.81,0,0,1134811910,30.14304618110679,30.14304618110679,0,Low
NA,34206687.81,0,0,566128954,60.42207798825991,60.42207798825991,0,Low
NA,34206687.81,0,0,72230332,473.5778842882794,473.5778842882794,0,Low
NA,34206687.81,0,0,1039281637,32.9137806271083,32.9137806271083,0,Low
NA,34206687.81,0,0,1780529299,19.21152762227026,19.21152762227026,0,Low
NA,119245278.38,0,0,5343,22318038.251918398,22318038.251918398,0,Low
NA,119245278.38,0,0,12077154,9873.624065736018,9873.624065736018,0,Low
NA,119245278.38,0,0,7465915,15971.957674310517,15971.957674310517,0,Low
NA,119245278.38,0,0,704356,169296.88734106047,169296.88734106047,0,Low
NA,119245278.38,0,0,1425179569,83.67035352862261,83.67035352862261,0,Low
NA,119245278.38,0,0,23420111,5091.576140693783,5091.576140693783,0,Low
NA,119245278.38,0,0,30395002,3923.1870548980387,3923.1870548980387,0,Low
NA,119245278.38,0,0,185345,643369.2755671855,643369.2755671855,0,Low
NA,119245278.38,0,0,102396968,1164.5391529561696,1164.5391529561696,0,Low
NA,119245278.38,0,0,89524246,1331.988636687317,1331.988636687317,0,Low
NA,119245278.38,0,0,112114,1063607.385161532,1063607.385161532,0,Low
NA,119245278.38,0,0,17904421,6660.10246184448,6660.10246184448,0,Low
NA,119245278.38,0,0,871540,136821.34885375312,136821.34885375312,0,Low
NA,119245278.38,0,0,10920,10919897.287545787,10919897.287545787,0,Low
NA,119245278.38,0,0,87058473,1369.7147936421995,1369.7147936421995,0,Low
NA,119245278.38,0,0,86507,1378446.5809703262,1378446.5809703262,0,Low
NA,119245278.38,0,0,28213017,4226.604988045057,4226.604988045057,0,Low
NA,119245278.38,0,0,11478,10389029.30649939,10389029.30649939,0,Low
NA,119245278.38,0,0,8021406686,14.865881141286893,14.865881141286893,0,Low
NA,119245278.38,0,0,475299909,250.88428615710086,250.88428615710086,0,Low
NA,119245278.38,0,0,199713824,597.080742793248,597.080742793248,0,Low
NA,119245278.38,0,0,264719925,450.4582659578798,450.4582659578798,0,Low
NA,119245278.38,0,0,71212991,1674.4877122209346,1674.4877122209346,0,Low
NA,119245278.38,0,0,435937001,273.53786924822197,273.53786924822197,0,Low
NA,119245278.38,0,0,1034848565,115.229689070497,115.229689070497,0,Low
NA,119245278.38,0,0,380481775,313.4060189348097,313.4060189348097,0,Low
NA,119245278.38,0,0,179821109,663.1328159587761,663.1328159587761,0,Low
NA,119245278.38,0,0,44052902,2706.8654496359854,2706.8654496359854,0,Low
NA,119245278.38,0,0,430492778,276.9971634227973,276.9971634227973,0,Low
NA,119245278.38,0,0,4747661033,25.11663691892723,25.11663691892723,0,Low
NA,119245278.38,0,0,79341768,1502.931953570785,1502.931953570785,0,Low
NA,119245278.38,0,0,1663264901,71.69349771543096,71.69349771543096,0,Low
NA,119245278.38,0,0,2022467287,58.960300196934654,58.960300196934654,0,Low
NA,119245278.38,0,0,684898412,174.10651899715603,174.10651899715603,0,Low
NA,119245278.38,0,0,297688665,400.5704361635671,400.5704361635671,0,Low
NA,119245278.38,0,0,746964086,159.63990855110535,159.63990855110535,0,Low
NA,119245278.38,0,0,289050977,412.54065154050664,412.54065154050664,0,Low
NA,119245278.38,0,0,107439461,1109.883438264829,1109.883438264829,0,Low
NA,119245278.38,0,0,151975351,784.6356504220214,784.6356504220214,0,Low
NA,119245278.38,0,0,198498297,600.7370349378866,600.7370349378866,0,Low
NA,119245278.38,0,0,45049350,2646.992206990778,2646.992206990778,0,Low
NA,119245278.38,0,0,31332719,3805.7749913117977,3805.7749913117977,0,Low
NA,119245278.38,0,0,12503827,9536.702513558448,9536.702513558448,0,Low
NA,119245278.38,0,0,449113453,265.5125950546843,265.5125950546843,0,Low
NA,119245278.38,0,0,1134811910,105.07933282089012,105.07933282089012,0,Low
NA,119245278.38,0,0,566128954,210.6327145740721,210.6327145740721,0,Low
NA,119245278.38,0,0,72230332,1650.9030912387334,1650.9030912387334,0,Low
NA,119245278.38,0,0,1039281637,114.73817503811048,114.73817503811048,0,Low
NA,119245278.38,0,0,1780529299,66.9718147558548,66.9718147558548,0,Low
AGO,3089902,69398533.246733,51012312.0524276,35635029,2034.1904379180667,1518.231234003699,-0.2536435106058391,High
AGO,10563,69398533.246733,51012312.0524276,35635029,1947.7771786500582,1431.8179747356905,-0.2648964211973992,High
AGO,8097,69398533.246733,51012312.0524276,35635029,1947.7079770787616,1431.748773164394,-0.2649058329001767,High
ATG,47.45,2653079.063387,1461556.6733846,92840,28577.407511708316,15743.258545719516,-0.44910123357867854,Critical
ARG,59037179,359634882.89031,239939496.15861,45407904,9220.246367026983,5804.151800501736,-0.37049927198710497,Critical
ARG,1222426,359634882.89031,239939496.15861,45407904,7947.0153233743185,5294.85938304067,-0.3337298133216054,Critical
ARG,22150287,359634882.89031,239939496.15861,45407904,8407.901185888475,5479.213728046333,-0.3483256276557517,Critical
ARM,5154.1,33566179.42868,28220743.956212,2880874,11653.176615388249,9797.685721837193,-0.1592261882567577,High
ARM,0,33566179.42868,28220743.956212,2880874,11651.387540267295,9795.896646716239,-0.15925063750033747,High
ARM,138612.8,33566179.42868,28220743.956212,2880874,11699.502383193434,9844.011489642378,-0.1585957105506047,High
NA,389490242.37,0,0,5343,72897294.09882088,72897294.09882088,0,Low
NA,389490242.37,0,0,12077154,32250.167743990016,32250.167743990016,0,Low
NA,389490242.37,0,0,7465915,52169.12359302242,52169.12359302242,0,Low
NA,389490242.37,0,0,704356,552973.5565111961,552973.5565111961,0,Low
NA,389490242.37,0,0,1425179569,273.29204743181384,273.29204743181384,0,Low
NA,389490242.37,0,0,23420111,16630.589085167016,16630.589085167016,0,Low
NA,389490242.37,0,0,30395002,12814.285795079073,12814.285795079073,0,Low
NA,389490242.37,0,0,185345,2101433.7714532358,2101433.7714532358,0,Low
NA,389490242.37,0,0,102396968,3803.728274161399,3803.728274161399,0,Low
NA,389490242.37,0,0,89524246,4350.667665718179,4350.667665718179,0,Low
NA,389490242.37,0,0,112114,3474055.3576716557,3474055.3576716557,0,Low
NA,389490242.37,0,0,17904421,21753.85857883927,21753.85857883927,0,Low
NA,389490242.37,0,0,871540,446898.8713885765,446898.8713885765,0,Low
NA,389490242.37,0,0,10920,35667604.61263736,35667604.61263736,0,Low
NA,389490242.37,0,0,87058473,4473.892419064138,4473.892419064138,0,Low
NA,389490242.37,0,0,86507,4502413.0113170035,4502413.0113170035,0,Low
NA,389490242.37,0,0,28213017,13805.338236956366,13805.338236956366,0,Low
NA,389490242.37,0,0,11478,33933633.24359644,33933633.24359644,0,Low
NA,389490242.37,0,0,8021406686,48.5563514750834,48.5563514750834,0,Low
NA,389490242.37,0,0,475299909,819.4620596277034,819.4620596277034,0,Low
NA,389490242.37,0,0,199713824,1950.241773799294,1950.241773799294,0,Low
NA,389490242.37,0,0,264719925,1471.3295282551928,1471.3295282551928,0,Low
NA,389490242.37,0,0,71212991,5469.370642921037,5469.370642921037,0,Low
NA,389490242.37,0,0,435937001,893.4553421171973,893.4553421171973,0,Low
NA,389490242.37,0,0,1034848565,376.374143563701,376.374143563701,0,Low
NA,389490242.37,0,0,380481775,1023.6764753581167,1023.6764753581167,0,Low
NA,389490242.37,0,0,179821109,2165.9873222670426,2165.9873222670426,0,Low
NA,389490242.37,0,0,44052902,8841.420762019265,8841.420762019265,0,Low
NA,389490242.37,0,0,430492778,904.7544169718917,904.7544169718917,0,Low
NA,389490242.37,0,0,4747661033,82.0383425991735,82.0383425991735,0,Low
NA,389490242.37,0,0,79341768,4909.018946615861,4909.018946615861,0,Low
NA,389490242.37,0,0,1663264901,234.17210459730612,234.17210459730612,0,Low
NA,389490242.37,0,0,2022467287,192.5817267223863,192.5817267223863,0,Low
NA,389490242.37,0,0,684898412,568.6832317695606,568.6832317695606,0,Low
NA,389490242.37,0,0,297688665,1308.3811651679785,1308.3811651679785,0,Low
NA,389490242.37,0,0,746964086,521.4310161225073,521.4310161225073,0,Low
NA,389490242.37,0,0,289050977,1347.4794183795477,1347.4794183795477,0,Low
NA,389490242.37,0,0,107439461,3625.2065930412664,3625.2065930412664,0,Low
NA,389490242.37,0,0,151975351,2562.851408515582,2562.851408515582,0,Low
NA,389490242.37,0,0,198498297,1962.1843021151965,1962.1843021151965,0,Low
NA,389490242.37,0,0,45049350,8645.85709605133,8645.85709605133,0,Low
NA,389490242.37,0,0,31332719,12430.783372805916,12430.783372805916,0,Low
NA,389490242.37,0,0,12503827,31149.682602774334,31149.682602774334,0,Low
NA,389490242.37,0,0,449113453,867.2424300992827,867.2424300992827,0,Low
NA,389490242.37,0,0,1134811910,343.2200869040932,343.2200869040932,0,Low
NA,389490242.37,0,0,566128954,687.9885574091305,687.9885574091305,0,Low
NA,389490242.37,0,0,72230332,5392.336316133782,5392.336316133782,0,Low
NA,389490242.37,0,0,1039281637,374.76871379571963,374.76871379571963,0,Low
NA,389490242.37,0,0,1780529299,218.74969571618377,218.74969571618377,0,Low
NA,710854812.26,0,0,5343,133044134.804417,133044134.804417,0,Low
NA,710854812.26,0,0,12077154,58859.464097253374,58859.464097253374,0,Low
NA,710854812.26,0,0,7465915,95213.3545935093,95213.3545935093,0,Low
NA,710854812.26,0,0,704356,1009226.6016900544,1009226.6016900544,0,Low
NA,710854812.26,0,0,1425179569,498.78262902602694,498.78262902602694,0,Low
NA,710854812.26,0,0,23420111,30352.324643551005,30352.324643551005,0,Low
NA,710854812.26,0,0,30395002,23387.227026996083,23387.227026996083,0,Low
NA,710854812.26,0,0,185345,3835306.1170250075,3835306.1170250075,0,Low
NA,710854812.26,0,0,102396968,6942.147078612718,6942.147078612718,0,Low
NA,710854812.26,0,0,89524246,7940.360785166512,7940.360785166512,0,Low
NA,710854812.26,0,0,112114,6340464.279750967,6340464.279750967,0,Low
NA,710854812.26,0,0,17904421,39702.75342944628,39702.75342944628,0,Low
NA,710854812.26,0,0,871540,815630.7366959634,815630.7366959634,0,Low
NA,710854812.26,0,0,10920,65096594.52930403,65096594.52930403,0,Low
NA,710854812.26,0,0,87058473,8165.25707107222,8165.25707107222,0,Low
NA,710854812.26,0,0,86507,8217309.723606182,8217309.723606182,0,Low
NA,710854812.26,0,0,28213017,25195.987095602006,25195.987095602006,0,Low
NA,710854812.26,0,0,11478,61931940.43038857,61931940.43038857,0,Low
NA,710854812.26,0,0,8021406686,88.61971971832273,88.61971971832273,0,Low
NA,710854812.26,0,0,475299909,1495.5921488720503,1495.5921488720503,0,Low
NA,710854812.26,0,0,199713824,3559.367088479564,3559.367088479564,0,Low
NA,710854812.26,0,0,264719925,2685.3090573367303,2685.3090573367303,0,Low
NA,710854812.26,0,0,71212991,9982.094590859131,9982.094590859131,0,Low
NA,710854812.26,0,0,435937001,1630.6365613135922,1630.6365613135922,0,Low
NA,710854812.26,0,0,1034848565,686.9167492733586,686.9167492733586,0,Low
NA,710854812.26,0,0,380481775,1868.3018713839842,1868.3018713839842,0,Low
NA,710854812.26,0,0,179821109,3953.1221679875193,3953.1221679875193,0,Low
NA,710854812.26,0,0,44052902,16136.390112506095,16136.390112506095,0,Low
NA,710854812.26,0,0,430492778,1651.2583917493732,1651.2583917493732,0,Low
NA,710854812.26,0,0,4747661033,149.7273725565066,149.7273725565066,0,Low
NA,710854812.26,0,0,79341768,8959.402218765783,8959.402218765783,0,Low
NA,710854812.26,0,0,1663264901,427.38520594802117,427.38520594802117,0,Low
NA,710854812.26,0,0,2022467287,351.4790161646753,351.4790161646753,0,Low
NA,710854812.26,0,0,684898412,1037.898175561838,1037.898175561838,0,Low
NA,710854812.26,0,0,297688665,2387.9136018161794,2387.9136018161794,0,Low
NA,710854812.26,0,0,746964086,951.6586213222572,951.6586213222572,0,Low
NA,710854812.26,0,0,289050977,2459.2714393765914,2459.2714393765914,0,Low
NA,710854812.26,0,0,107439461,6616.328913452014,6616.328913452014,0,Low
NA,710854812.26,0,0,151975351,4677.434910217776,4677.434910217776,0,Low
NA,710854812.26,0,0,198498297,3581.1632795015867,3581.1632795015867,0,Low
NA,710854812.26,0,0,45049350,15779.468788339898,15779.468788339898,0,Low
NA,710854812.26,0,0,31332719,22687.300526328403,22687.300526328403,0,Low
NA,710854812.26,0,0,12503827,56850.9794849209,56850.9794849209,0,Low
NA,710854812.26,0,0,449113453,1582.7956332895687,1582.7956332895687,0,Low
NA,710854812.26,0,0,1134811910,626.4076064023685,626.4076064023685,0,Low
NA,710854812.26,0,0,566128954,1255.6411524926175,1255.6411524926175,0,Low
NA,710854812.26,0,0,72230332,9841.499998366337,9841.499998366337,0,Low
NA,710854812.26,0,0,1039281637,683.9866951868408,683.9866951868408,0,Low
NA,710854812.26,0,0,1780529299,399.2379191172186,399.2379191172186,0,Low
NA,346130626.05,0,0,5343,64782074.87366648,64782074.87366648,0,Low
NA,346130626.05,0,0,12077154,28659.94969096196,28659.94969096196,0,Low
NA,346130626.05,0,0,7465915,46361.447464912206,46361.447464912206,0,Low
NA,346130626.05,0,0,704356,491414.32180601853,491414.32180601853,0,Low
NA,346130626.05,0,0,1425179569,242.86808033100564,242.86808033100564,0,Low
NA,346130626.05,0,0,23420111,14779.205190359688,14779.205190359688,0,Low
NA,346130626.05,0,0,30395002,11387.748092597592,11387.748092597592,0,Low
NA,346130626.05,0,0,185345,1867493.7335779222,1867493.7335779222,0,Low
NA,346130626.05,0,0,102396968,3380.2819830563735,3380.2819830563735,0,Low
NA,346130626.05,0,0,89524246,3866.3338873582916,3866.3338873582916,0,Low
NA,346130626.05,0,0,112114,3087309.578197192,3087309.578197192,0,Low
NA,346130626.05,0,0,17904421,19332.13177069507,19332.13177069507,0,Low
NA,346130626.05,0,0,871540,397148.2961768823,397148.2961768823,0,Low
NA,346130626.05,0,0,10920,31696943.777472526,31696943.777472526,0,Low
NA,346130626.05,0,0,87058473,3975.840766814277,3975.840766814277,0,Low
NA,346130626.05,0,0,86507,4001186.332319928,4001186.332319928,0,Low
NA,346130626.05,0,0,28213017,12268.472600785659,12268.472600785659,0,Low
NA,346130626.05,0,0,11478,30156005.05750131,30156005.05750131,0,Low
NA,346130626.05,0,0,8021406686,43.150863632698254,43.150863632698254,0,Low
NA,346130626.05,0,0,475299909,728.2362556690496,728.2362556690496,0,Low
NA,346130626.05,0,0,199713824,1733.133035648048,1733.133035648048,0,Low
NA,346130626.05,0,0,264719925,1307.5352225564434,1307.5352225564434,0,Low
NA,346130626.05,0,0,71212991,4860.498361176825,4860.498361176825,0,Low
NA,346130626.05,0,0,435937001,793.9923091089026,793.9923091089026,0,Low
NA,346130626.05,0,0,1034848565,334.4746639813913,334.4746639813913,0,Low
NA,346130626.05,0,0,380481775,909.716703382179,909.716703382179,0,Low
NA,346130626.05,0,0,179821109,1924.860924142115,1924.860924142115,0,Low
NA,346130626.05,0,0,44052902,7857.158333178595,7857.158333178595,0,Low
NA,346130626.05,0,0,430492778,804.033525621654,804.033525621654,0,Low
NA,346130626.05,0,0,4747661033,72.90550518331413,72.90550518331413,0,Low
NA,346130626.05,0,0,79341768,4362.527263697981,4362.527263697981,0,Low
NA,346130626.05,0,0,1663264901,208.10312647245598,208.10312647245598,0,Low
NA,346130626.05,0,0,2022467287,171.1427563129727,171.1427563129727,0,Low
NA,346130626.05,0,0,684898412,505.37513299125595,505.37513299125595,0,Low
NA,346130626.05,0,0,297688665,1162.726924956985,1162.726924956985,0,Low
NA,346130626.05,0,0,746964086,463.3832235543383,463.3832235543383,0,Low
NA,346130626.05,0,0,289050977,1197.472603768435,1197.472603768435,0,Low
NA,346130626.05,0,0,107439461,3221.634051663755,3221.634051663755,0,Low
NA,346130626.05,0,0,151975351,2277.5445081880416,2277.5445081880416,0,Low
NA,346130626.05,0,0,198498297,1743.7460738013283,1743.7460738013283,0,Low
NA,346130626.05,0,0,45049350,7683.365599059698,7683.365599059698,0,Low
NA,346130626.05,0,0,31332719,11046.938698489588,11046.938698489588,0,Low
NA,346130626.05,0,0,12503827,27681.97497054302,27681.97497054302,0,Low
NA,346130626.05,0,0,449113453,770.6975236165994,770.6975236165994,0,Low
NA,346130626.05,0,0,1134811910,305.01144991507886,305.01144991507886,0,Low
NA,346130626.05,0,0,566128954,611.3989111569093,611.3989111569093,0,Low
NA,346130626.05,0,0,72230332,4792.039804690362,4792.039804690362,0,Low
NA,346130626.05,0,0,1039281637,333.0479570957723,333.0479570957723,0,Low
NA,346130626.05,0,0,1780529299,194.39760201890394,194.39760201890394,0,Low
AUS,430000,1236719594.4400823,999536179.4350084,26200984,47217.67680328656,38165.21468945626,-0.1917176516655772,High
AUS,691444.48,1236719594.4400823,999536179.4350084,26200984,47227.65522547101,38175.19311164071,-0.1916771448976805,High
AUS,36237477.23,1236719594.4400823,999536179.4350084,26200984,48584.32308000655,39531.860966176246,-0.18632475539327992,High
NA,618249,0,0,5343,115711.95957327345,115711.95957327345,0,Low
NA,618249,0,0,12077154,51.191613520867584,51.191613520867584,0,Low
NA,618249,0,0,7465915,82.80954176413742,82.80954176413742,0,Low
NA,618249,0,0,704356,877.750739682774,877.750739682774,0,Low
NA,618249,0,0,1425179569,0.4338042822448011,0.4338042822448011,0,Low
NA,618249,0,0,23420111,26.39820964127796,26.39820964127796,0,Low
NA,618249,0,0,30395002,20.340482293766588,20.340482293766588,0,Low
NA,618249,0,0,185345,3335.665920310772,3335.665920310772,0,Low
NA,618249,0,0,102396968,6.0377666651223505,6.0377666651223505,0,Low
NA,618249,0,0,89524246,6.9059392022134425,6.9059392022134425,0,Low
NA,618249,0,0,112114,5514.467417093316,5514.467417093316,0,Low
NA,618249,0,0,17904421,34.53052181916411,34.53052181916411,0,Low
NA,618249,0,0,871540,709.3753585607086,709.3753585607086,0,Low
NA,618249,0,0,10920,56616.20879120879,56616.20879120879,0,Low
NA,618249,0,0,87058473,7.101537377068398,7.101537377068398,0,Low
NA,618249,0,0,86507,7146.80892875721,7146.80892875721,0,Low
NA,618249,0,0,28213017,21.913608175970687,21.913608175970687,0,Low
NA,618249,0,0,11478,53863.82645060115,53863.82645060115,0,Low
NA,618249,0,0,8021406686,0.07707488526657655,0.07707488526657655,0,Low
NA,618249,0,0,475299909,1.300755561474345,1.300755561474345,0,Low
NA,618249,0,0,199713824,3.0956745387840554,3.0956745387840554,0,Low
NA,618249,0,0,264719925,2.3354834359370567,2.3354834359370567,0,Low
NA,618249,0,0,71212991,8.681688429573194,8.681688429573194,0,Low
NA,618249,0,0,435937001,1.4182072147622082,1.4182072147622082,0,Low
NA,618249,0,0,1034848565,0.5974294412825514,0.5974294412825514,0,Low
NA,618249,0,0,380481775,1.6249109435005133,1.6249109435005133,0,Low
NA,618249,0,0,179821109,3.438133617560995,3.438133617560995,0,Low
NA,618249,0,0,44052902,14.034240014426292,14.034240014426292,0,Low
NA,618249,0,0,430492778,1.4361425593996842,1.4361425593996842,0,Low
NA,618249,0,0,4747661033,0.13022180726523658,0.13022180726523658,0,Low
NA,618249,0,0,79341768,7.792226157602134,7.792226157602134,0,Low
NA,618249,0,0,1663264901,0.3717080782672032,0.3717080782672032,0,Low
NA,618249,0,0,2022467287,0.305690482102715,0.305690482102715,0,Low
NA,618249,0,0,684898412,0.9026871564713163,0.9026871564713163,0,Low
NA,618249,0,0,297688665,2.0768308393603094,2.0768308393603094,0,Low
NA,618249,0,0,746964086,0.827682363299057,0.827682363299057,0,Low
NA,618249,0,0,289050977,2.138892614779157,2.138892614779157,0,Low
NA,618249,0,0,107439461,5.75439409548043,5.75439409548043,0,Low
NA,618249,0,0,151975351,4.068087330819851,4.068087330819851,0,Low
NA,618249,0,0,198498297,3.114631255501401,3.114631255501401,0,Low
NA,618249,0,0,45049350,13.723816214884344,13.723816214884344,0,Low
NA,618249,0,0,31332719,19.731737931840513,19.731737931840513,0,Low
NA,618249,0,0,12503827,49.4447819855473,49.4447819855473,0,Low
NA,618249,0,0,449113453,1.3765987099032635,1.3765987099032635,0,Low
NA,618249,0,0,1134811910,0.5448030590373342,0.5448030590373342,0,Low
NA,618249,0,0,566128954,1.0920639116437065,1.0920639116437065,0,Low
NA,618249,0,0,72230332,8.559409639706487,8.559409639706487,0,Low
NA,618249,0,0,1039281637,0.5948810967012208,0.5948810967012208,0,Low
NA,618249,0,0,1780529299,0.347227647614239,0.347227647614239,0,Low
NA,691444.48,0,0,5343,129411.28205128205,129411.28205128205,0,Low
NA,691444.48,0,0,12077154,57.25226986424119,57.25226986424119,0,Low
NA,691444.48,0,0,7465915,92.6134947960163,92.6134947960163,0,Low
NA,691444.48,0,0,704356,981.6690423592615,981.6690423592615,0,Low
NA,691444.48,0,0,1425179569,0.4851630594768932,0.4851630594768932,0,Low
NA,691444.48,0,0,23420111,29.523535563089347,29.523535563089347,0,Low
NA,691444.48,0,0,30395002,22.74862426394971,22.74862426394971,0,Low
NA,691444.48,0,0,185345,3730.580700855162,3730.580700855162,0,Low
NA,691444.48,0,0,102396968,6.752587439893728,6.752587439893728,0,Low
NA,691444.48,0,0,89524246,7.723544301060072,7.723544301060072,0,Low
NA,691444.48,0,0,112114,6167.333963644148,6167.333963644148,0,Low
NA,691444.48,0,0,17904421,38.61864508212804,38.61864508212804,0,Low
NA,691444.48,0,0,871540,793.3594327282741,793.3594327282741,0,Low
NA,691444.48,0,0,10920,63319.091575091574,63319.091575091574,0,Low
NA,691444.48,0,0,87058473,7.942299654164621,7.942299654164621,0,Low
NA,691444.48,0,0,86507,7992.930976683968,7992.930976683968,0,Low
NA,691444.48,0,0,28213017,24.50799501520876,24.50799501520876,0,Low
NA,691444.48,0,0,11478,60240.850322355815,60240.850322355815,0,Low
NA,691444.48,0,0,8021406686,0.08619990321732454,0.08619990321732454,0,Low
NA,691444.48,0,0,475299909,1.4547540761258593,1.4547540761258593,0,Low
NA,691444.48,0,0,199713824,3.462176358908435,3.462176358908435,0,Low
NA,691444.48,0,0,264719925,2.611985025305519,2.611985025305519,0,Low
NA,691444.48,0,0,71212991,9.709527296782127,9.709527296782127,0,Low
NA,691444.48,0,0,435937001,1.5861110169907326,1.5861110169907326,0,Low
NA,691444.48,0,0,1034848565,0.6681600606944843,0.6681600606944843,0,Low
NA,691444.48,0,0,380481775,1.8172867281225231,1.8172867281225231,0,Low
NA,691444.48,0,0,179821109,3.8451797113541324,3.8451797113541324,0,Low
NA,691444.48,0,0,44052902,15.695775955917728,15.695775955917728,0,Low
NA,691444.48,0,0,430492778,1.6061697555353647,1.6061697555353647,0,Low
NA,691444.48,0,0,4747661033,0.145638973632261,0.145638973632261,0,Low
NA,691444.48,0,0,79341768,8.714760175245905,8.714760175245905,0,Low
NA,691444.48,0,0,1663264901,0.41571518739094704,0.41571518739094704,0,Low
NA,691444.48,0,0,2022467287,0.3418816632755751,0.3418816632755751,0,Low
NA,691444.48,0,0,684898412,1.0095577210945557,1.0095577210945557,0,Low
NA,691444.48,0,0,297688665,2.322710137451824,2.322710137451824,0,Low
NA,691444.48,0,0,746964086,0.9256729914589227,0.9256729914589227,0,Low
NA,691444.48,0,0,289050977,2.3921195049273263,2.3921195049273263,0,Low
NA,691444.48,0,0,107439461,6.43566594214392,6.43566594214392,0,Low
NA,691444.48,0,0,151975351,4.549714644185951,4.549714644185951,0,Low
NA,691444.48,0,0,198498297,3.483377391393942,3.483377391393942,0,Low
NA,691444.48,0,0,45049350,15.34860059024159,15.34860059024159,0,Low
NA,691444.48,0,0,31332719,22.067809691204904,22.067809691204904,0,Low
NA,691444.48,0,0,12503827,55.298628171998864,55.298628171998864,0,Low
NA,691444.48,0,0,449113453,1.5395764152270897,1.5395764152270897,0,Low
NA,691444.48,0,0,1134811910,0.6093031575602692,0.6093031575602692,0,Low
NA,691444.48,0,0,566128954,1.2213550907696553,1.2213550907696553,0,Low
NA,691444.48,0,0,72230332,9.572771726980294,9.572771726980294,0,Low
NA,691444.48,0,0,1039281637,0.6653100135550649,0.6653100135550649,0,Low
NA,691444.48,0,0,1780529299,0.38833647971327206,0.38833647971327206,0,Low
NA,36640034.23,0,0,5343,6857577.059704286,6857577.059704286,0,Low
NA,36640034.23,0,0,12077154,3033.8301747249393,3033.8301747249393,0,Low
NA,36640034.23,0,0,7465915,4907.641492034131,4907.641492034131,0,Low
NA,36640034.23,0,0,704356,52019.198004986116,52019.198004986116,0,Low
NA,36640034.23,0,0,1425179569,25.70906503782472,25.70906503782472,0,Low
NA,36640034.23,0,0,23420111,1564.4688545669148,1564.4688545669148,0,Low
NA,36640034.23,0,0,30395002,1205.4624714286908,1205.4624714286908,0,Low
NA,36640034.23,0,0,185345,197685.5821845747,197685.5821845747,0,Low
NA,36640034.23,0,0,102396968,357.8234292054429,357.8234292054429,0,Low
NA,36640034.23,0,0,89524246,409.27498266782385,409.27498266782385,0,Low
NA,36640034.23,0,0,112114,326810.51634943,326810.51634943,0,Low
NA,36640034.23,0,0,17904421,2046.4238541977984,2046.4238541977984,0,Low
NA,36640034.23,0,0,871540,42040.565240838056,42040.565240838056,0,Low
NA,36640034.23,0,0,10920,3355314.48992674,3355314.48992674,0,Low
NA,36640034.23,0,0,87058473,420.8669526055207,420.8669526055207,0,Low
NA,36640034.23,0,0,86507,423549.9350341591,423549.9350341591,0,Low
NA,36640034.23,0,0,28213017,1298.692523029352,1298.692523029352,0,Low
NA,36640034.23,0,0,11478,3192196.744206308,3192196.744206308,0,Low
NA,36640034.23,0,0,8021406686,4.567781645325245,4.567781645325245,0,Low
NA,36640034.23,0,0,475299909,77.08824162640435,77.08824162640435,0,Low
NA,36640034.23,0,0,199713824,183.46268423561907,183.46268423561907,0,Low
NA,36640034.23,0,0,264719925,138.41056441066914,138.41056441066914,0,Low
NA,36640034.23,0,0,71212991,514.5133453248719,514.5133453248719,0,Low
NA,36640034.23,0,0,435937001,84.04892024753825,84.04892024753825,0,Low
NA,36640034.23,0,0,1034848565,35.406179676153876,35.406179676153876,0,Low
NA,36640034.23,0,0,380481775,96.29905198481583,96.29905198481583,0,Low
NA,36640034.23,0,0,179821109,203.75824859360642,203.75824859360642,0,Low
NA,36640034.23,0,0,44052902,831.728048926266,831.728048926266,0,Low
NA,36640034.23,0,0,430492778,85.1118441527026,85.1118441527026,0,Low
NA,36640034.23,0,0,4747661033,7.717491618572341,7.717491618572341,0,Low
NA,36640034.23,0,0,79341768,461.80007269311164,461.80007269311164,0,Low
NA,36640034.23,0,0,1663264901,22.028983000826276,22.028983000826276,0,Low
NA,36640034.23,0,0,2022467287,18.11650278128825,18.11650278128825,0,Low
NA,36640034.23,0,0,684898412,53.497034871209486,53.497034871209486,0,Low
NA,36640034.23,0,0,297688665,123.08172442508014,123.08172442508014,0,Low
NA,36640034.23,0,0,746964086,49.051935583955235,49.051935583955235,0,Low
NA,36640034.23,0,0,289050977,126.75976608098439,126.75976608098439,0,Low
NA,36640034.23,0,0,107439461,341.0295797183867,341.0295797183867,0,Low
NA,36640034.23,0,0,151975351,241.09195332603642,241.09195332603642,0,Low
NA,36640034.23,0,0,198498297,184.58613894304594,184.58613894304594,0,Low
NA,36640034.23,0,0,45049350,813.3310298594763,813.3310298594763,0,Low
NA,36640034.23,0,0,31332719,1169.3857219987835,1169.3857219987835,0,Low
NA,36640034.23,0,0,12503827,2930.305596038717,2930.305596038717,0,Low
NA,36640034.23,0,0,449113453,81.58302536976107,81.58302536976107,0,Low
NA,36640034.23,0,0,1134811910,32.28731907651551,32.28731907651551,0,Low
NA,36640034.23,0,0,566128954,64.72029732999665,64.72029732999665,0,Low
NA,36640034.23,0,0,72230332,507.26659030170316,507.26659030170316,0,Low
NA,36640034.23,0,0,1039281637,35.25515406561542,35.25515406561542,0,Low
NA,36640034.23,0,0,1780529299,20.578169789499206,20.578169789499206,0,Low
AUT,2113960,928939571.5868618,543543983.3381752,9064677,102712.26780467322,60056.146218798,-0.41529724245787164,Critical
AUT,1712530,928939571.5868618,543543983.3381752,9064677,102667.98271872918,60038.43218442038,-0.4152175722698028,Critical
AZE,269600.1,50600848.57519,42101133.942634,10295304,4941.131284242797,4115.539865810082,-0.16708550551277904,High
AZE,10715.4,50600848.57519,42101133.942634,10295304,4915.9853827716015,4090.393964338887,-0.16794016949807347,High
AZE,1690831.6,50600848.57519,42101133.942634,10295304,5079.1778635375895,4253.586445104876,-0.16254430158066938,High
BHS,615.55,15452533.725,6948801.2544,397538,38872.13115475753,17481.13841796256,-0.5502912266794239,Critical
BGD,4261845,0,0,169384897,25.160714299103066,25.160714299103066,0,Low
BGD,57189193,0,0,169384897,337.6286434793534,337.6286434793534,0,Low
BGD,1085834,0,0,169384897,6.410453465635723,6.410453465635723,0,Low
BRB,51,8861841.0885,5675430.5412,282318,31389.75229528404,20103.151556755147,-0.3595632304567303,Critical
BLR,975000,0,0,9173237,106.28745338205042,106.28745338205042,0,Low
BLR,2900000,0,0,9173237,316.13704082866275,316.13704082866275,0,Low
BEL,500390,2017804613.203371,1097465306.234997,11641820,173366.79343980332,94286.41417192476,-0.45614490352408216,Critical
BEL,0,2017804613.203371,1097465306.234997,11641820,173323.81132875883,94269.22132750697,-0.4561092292812667,Critical
BEL,1851870,2017804613.203371,1097465306.234997,11641820,173482.88181773736,94332.84952309837,-0.45624116607536364,Critical
BLZ,110652,5839378.878941999,4021938.1073117997,402733,14774.132934082874,10261.364495364918,-0.30545064531721655,Critical
BLZ,15364,5839378.878941999,4021938.1073117997,402733,14537.529526862707,10024.761088144749,-0.3104219620245093,Critical
BEN,1619605.06,15652789.574935,10639048.8295282,13759501,1255.3067611198253,890.9228531999961,-0.2902747911552489,High
BEN,525014.19,15652789.574935,10639048.8295282,13759501,1175.7551211293926,811.3712132095632,-0.30991479549739404,Critical
BTN,25981.09,0,0,780914,33.270104006331046,33.270104006331046,0,Low
BTN,41049.13,0,0,780914,52.56549376755955,52.56549376755955,0,Low
BTN,769.78,0,0,780914,0.9857423480690576,0.9857423480690576,0,Low
NA,985620.8,0,0,5343,184469.54894254165,184469.54894254165,0,Low
NA,985620.8,0,0,12077154,81.6103529026789,81.6103529026789,0,Low
NA,985620.8,0,0,7465915,132.0160757254804,132.0160757254804,0,Low
NA,985620.8,0,0,704356,1399.3219337948424,1399.3219337948424,0,Low
NA,985620.8,0,0,1425179569,0.6915765714292246,0.6915765714292246,0,Low
NA,985620.8,0,0,23420111,42.08437782382842,42.08437782382842,0,Low
NA,985620.8,0,0,30395002,32.4270681081054,32.4270681081054,0,Low
NA,985620.8,0,0,185345,5317.763090452939,5317.763090452939,0,Low
NA,985620.8,0,0,102396968,9.62548812968759,9.62548812968759,0,Low
NA,985620.8,0,0,89524246,11.009540365187773,11.009540365187773,0,Low
NA,985620.8,0,0,112114,8791.237490411546,8791.237490411546,0,Low
NA,985620.8,0,0,17904421,55.04901834021888,55.04901834021888,0,Low
NA,985620.8,0,0,871540,1130.8956559653027,1130.8956559653027,0,Low
NA,985620.8,0,0,10920,90258.31501831501,90258.31501831501,0,Low
NA,985620.8,0,0,87058473,11.321365583795618,11.321365583795618,0,Low
NA,985620.8,0,0,86507,11393.538095183048,11393.538095183048,0,Low
NA,985620.8,0,0,28213017,34.93496636676609,34.93496636676609,0,Low
NA,985620.8,0,0,11478,85870.43038856944,85870.43038856944,0,Low
NA,985620.8,0,0,8021406686,0.12287380986681966,0.12287380986681966,0,Low
NA,985620.8,0,0,475299909,2.0736818613613495,2.0736818613613495,0,Low
NA,985620.8,0,0,199713824,4.935165629796363,4.935165629796363,0,Low
NA,985620.8,0,0,264719925,3.72325883667427,3.72325883667427,0,Low
NA,985620.8,0,0,71212991,13.840463462628609,13.840463462628609,0,Low
NA,985620.8,0,0,435937001,2.260924853222083,2.260924853222083,0,Low
NA,985620.8,0,0,1034848565,0.952429981868893,0.952429981868893,0,Low
NA,985620.8,0,0,380481775,2.590454693920622,2.590454693920622,0,Low
NA,985620.8,0,0,179821109,5.481118459791058,5.481118459791058,0,Low
NA,985620.8,0,0,44052902,22.373572574174567,22.373572574174567,0,Low
NA,985620.8,0,0,430492778,2.289517618806604,2.289517618806604,0,Low
NA,985620.8,0,0,4747661033,0.2076013416183581,0.2076013416183581,0,Low
NA,985620.8,0,0,79341768,12.422470847889349,12.422470847889349,0,Low
NA,985620.8,0,0,1663264901,0.5925819750103655,0.5925819750103655,0,Low
NA,985620.8,0,0,2022467287,0.487335842876355,0.487335842876355,0,Low
NA,985620.8,0,0,684898412,1.4390759019601873,1.4390759019601873,0,Low
NA,985620.8,0,0,297688665,3.310911418142172,3.310911418142172,0,Low
NA,985620.8,0,0,746964086,1.3195022605143027,1.3195022605143027,0,Low
NA,985620.8,0,0,289050977,3.409851128093575,3.409851128093575,0,Low
NA,985620.8,0,0,107439461,9.173731800460168,9.173731800460168,0,Low
NA,985620.8,0,0,151975351,6.485399069747831,6.485399069747831,0,Low
NA,985620.8,0,0,198498297,4.9653866803703615,4.9653866803703615,0,Low
NA,985620.8,0,0,45049350,21.87869081351895,21.87869081351895,0,Low
NA,985620.8,0,0,31332719,31.456599728864898,31.456599728864898,0,Low
NA,985620.8,0,0,12503827,78.82553077549777,78.82553077549777,0,Low
NA,985620.8,0,0,449113453,2.194592019936664,2.194592019936664,0,Low
NA,985620.8,0,0,1134811910,0.8685323015335643,0.8685323015335643,0,Low
NA,985620.8,0,0,566128954,1.7409828503489684,1.7409828503489684,0,Low
NA,985620.8,0,0,72230332,13.645524985265194,13.645524985265194,0,Low
NA,985620.8,0,0,1039281637,0.9483673769557809,0.9483673769557809,0,Low
NA,985620.8,0,0,1780529299,0.5535549460228231,0.5535549460228231,0,Low
NA,608680.66,0,0,5343,113921.14168070373,113921.14168070373,0,Low
NA,608680.66,0,0,12077154,50.399345739898656,50.399345739898656,0,Low
NA,608680.66,0,0,7465915,81.52793863846561,81.52793863846561,0,Low
NA,608680.66,0,0,704356,864.16621708340665,864.16621708340665,0,Low
NA,608680.66,0,0,1425179569,0.42709050370901014,0.42709050370901014,0,Low
NA,608680.66,0,0,23420111,25.98965735047114,25.98965735047114,0,Low
NA,608680.66,0,0,30395002,20.025682511881396,20.025682511881396,0,Low
NA,608680.66,0,0,185345,3284.0414362405245,3284.0414362405245,0,Low
NA,608680.66,0,0,102396968,5.944323078003638,5.944323078003638,0,Low
NA,608680.66,0,0,89524246,6.799059329692651,6.799059329692651,0,Low
NA,608680.66,0,0,112114,5429.122678702035,5429.122678702035,0,Low
NA,608680.66,0,0,17904421,33.99610967592864,33.99610967592864,0,Low
NA,608680.66,0,0,871540,698.3967000940863,698.3967000940863,0,Low
NA,608680.66,0,0,10920,55739.98717948718,55739.98717948718,0,Low
NA,608680.66,0,0,87058473,6.991630326435889,6.991630326435889,0,Low
NA,608680.66,0,0,86507,7036.201232270221,7036.201232270221,0,Low
NA,608680.66,0,0,28213017,21.574461887574802,21.574461887574802,0,Low
NA,608680.66,0,0,11478,53030.20212580589,53030.20212580589,0,Low
NA,608680.66,0,0,8021406686,0.07588203463893041,0.07588203463893041,0,Low
NA,608680.66,0,0,475299909,1.2806243983522412,1.2806243983522412,0,Low
NA,608680.66,0,0,199713824,3.0477642849600635,3.0477642849600635,0,Low
NA,608680.66,0,0,264719925,2.299338291214762,2.299338291214762,0,Low
NA,608680.66,0,0,71212991,8.547326147275573,8.547326147275573,0,Low
NA,608680.66,0,0,435937001,1.396258309351447,1.396258309351447,0,Low
NA,608680.66,0,0,1034848565,0.588183315497954,0.588183315497954,0,Low
NA,608680.66,0,0,380481775,1.5997629847053778,1.5997629847053778,0,Low
NA,608680.66,0,0,179821109,3.3849232906243505,3.3849232906243505,0,Low
NA,608680.66,0,0,44052902,13.81703888656416,13.81703888656416,0,Low
NA,608680.66,0,0,430492778,1.4139160773563546,1.4139160773563546,0,Low
NA,608680.66,0,0,4747661033,0.12820642749538938,0.12820642749538938,0,Low
NA,608680.66,0,0,79341768,7.671629651610486,7.671629651610486,0,Low
NA,608680.66,0,0,1663264901,0.36595533257152524,0.36595533257152524,0,Low
NA,608680.66,0,0,2022467287,0.3009594587326445,0.3009594587326445,0,Low
NA,608680.66,0,0,684898412,0.8887167050403382,0.8887167050403382,0,Low
NA,608680.66,0,0,297688665,2.044688735461258,2.044688735461258,0,Low
NA,608680.66,0,0,746964086,0.8148727246841155,0.8148727246841155,0,Low
NA,608680.66,0,0,289050977,2.105790010874103,2.105790010874103,0,Low
NA,608680.66,0,0,107439461,5.665336128222013,5.665336128222013,0,Low
NA,608680.66,0,0,151975351,4.005127515711413,4.005127515711413,0,Low
NA,608680.66,0,0,198498297,3.0664276177643983,3.0664276177643983,0,Low
NA,608680.66,0,0,45049350,13.511419365651225,13.511419365651225,0,Low
NA,608680.66,0,0,31332719,19.426359391280407,19.426359391280407,0,Low
NA,608680.66,0,0,12503827,48.67954906925696,48.67954906925696,0,Low
NA,608680.66,0,0,449113453,1.3552937591473129,1.3552937591473129,0,Low
NA,608680.66,0,0,1134811910,0.5363714062535703,0.5363714062535703,0,Low
NA,608680.66,0,0,566128954,1.0751625679968313,1.0751625679968313,0,Low
NA,608680.66,0,0,72230332,8.4269398069498,8.4269398069498,0,Low
NA,608680.66,0,0,1039281637,0.5856744104100822,0.5856744104100822,0,Low
NA,608680.66,0,0,1780529299,0.3418537736738473,0.3418537736738473,0,Low
NA,310729.65,0,0,5343,58156.4008983717,58156.4008983717,0,Low
NA,310729.65,0,0,12077154,25.728714728652132,25.728714728652132,0,Low
NA,310729.65,0,0,7465915,41.619767972177556,41.619767972177556,0,Low
NA,310729.65,0,0,704356,441.15426006167337,441.15426006167337,0,Low
NA,310729.65,0,0,1425179569,0.21802842024884514,0.21802842024884514,0,Low
NA,310729.65,0,0,23420111,13.267642070526481,13.267642070526481,0,Low
NA,310729.65,0,0,30395002,10.223050816051929,10.223050816051929,0,Low
NA,310729.65,0,0,185345,1676.4932962853059,1676.4932962853059,0,Low
NA,310729.65,0,0,102396968,3.0345590896792958,3.0345590896792958,0,Low
NA,310729.65,0,0,89524246,3.4708993807107853,3.4708993807107853,0,Low
NA,310729.65,0,0,112114,2771.550832188665,2771.550832188665,0,Low
NA,310729.65,0,0,17904421,17.35491195163474,17.35491195163474,0,Low
NA,310729.65,0,0,871540,356.5294191890217,356.5294191890217,0,Low
NA,310729.65,0,0,10920,28455.096153846152,28455.096153846152,0,Low
NA,310729.65,0,0,87058473,3.5692062965542712,3.5692062965542712,0,Low
NA,310729.65,0,0,86507,3591.9596102049545,3591.9596102049545,0,Low
NA,310729.65,0,0,28213017,11.013698038745732,11.013698038745732,0,Low
NA,310729.65,0,0,11478,27071.75901725039,27071.75901725039,0,Low
NA,310729.65,0,0,8021406686,0.03873755092636379,0.03873755092636379,0,Low
NA,310729.65,0,0,475299909,0.6537549116172879,0.6537549116172879,0,Low
NA,310729.65,0,0,199713824,1.5558745197327952,1.5558745197327952,0,Low
NA,310729.65,0,0,264719925,1.1738052962956982,1.1738052962956982,0,Low
NA,310729.65,0,0,71212991,4.363384343735822,4.363384343735822,0,Low
NA,310729.65,0,0,435937001,0.7127856761119481,0.7127856761119481,0,Low
NA,310729.65,0,0,1034848565,0.30026581715364314,0.30026581715364314,0,Low
NA,310729.65,0,0,380481775,0.8166742020692056,0.8166742020692056,0,Low
NA,310729.65,0,0,179821109,1.7279931801555066,1.7279931801555066,0,Low
NA,310729.65,0,0,44052902,7.053556880316307,7.053556880316307,0,Low
NA,310729.65,0,0,430492778,0.7217999136793881,0.7217999136793881,0,Low
NA,310729.65,0,0,4747661033,0.06544899643007011,0.06544899643007011,0,Low
NA,310729.65,0,0,79341768,3.9163439110658587,3.9163439110658587,0,Low
NA,310729.65,0,0,1663264901,0.1868190988778642,0.1868190988778642,0,Low
NA,310729.65,0,0,2022467287,0.15363890036556127,0.15363890036556127,0,Low
NA,310729.65,0,0,684898412,0.45368721047640564,0.45368721047640564,0,Low
NA,310729.65,0,0,297688665,1.0438074624037164,1.0438074624037164,0,Low
NA,310729.65,0,0,746964086,0.415990080144228,0.415990080144228,0,Low
NA,310729.65,0,0,289050977,1.074999480109005,1.074999480109005,0,Low
NA,310729.65,0,0,107439461,2.8921370891836475,2.8921370891836475,0,Low
NA,310729.65,0,0,151975351,2.044605575544945,2.044605575544945,0,Low
NA,310729.65,0,0,198498297,1.5654020951121812,1.5654020951121812,0,Low
NA,310729.65,0,0,45049350,6.897539032194693,6.897539032194693,0,Low
NA,310729.65,0,0,31332719,9.917098161828854,9.917098161828854,0,Low
NA,310729.65,0,0,12503827,24.85076369018861,24.85076369018861,0,Low
NA,310729.65,0,0,449113453,0.6918733961861525,0.6918733961861525,0,Low
NA,310729.65,0,0,1134811910,0.2738159929957027,0.2738159929957027,0,Low
NA,310729.65,0,0,566128954,0.5488672639060959,0.5488672639060959,0,Low
NA,310729.65,0,0,72230332,4.301927478334171,4.301927478334171,0,Low
NA,310729.65,0,0,1039281637,0.2989850286366601,0.2989850286366601,0,Low
NA,310729.65,0,0,1780529299,0.17451532540043868,0.17451532540043868,0,Low
BIH,987215,54986765.93717,40105938.204284,3204802,17465.659637372293,12822.368809144526,-0.26585258871598794,High
BIH,281414,54986765.93717,40105938.204284,3204802,17245.427311007046,12602.136482779279,-0.2692476529859104,High
BWA,29782.35,34201180.05944699,30220553.04256619,2439892,14029.703941587164,12398.227213567729,-0.11628732400997968,Medium
BWA,2860,34201180.05944699,30220553.04256619,2439892,14018.66970318645,12387.192975167012,-0.11637885495287774,Medium
BRA,109738941,1284828852.725,906597926.2958,210306415,6631.123419249955,4519.564953336302,-0.31843148323613785,Critical
BRA,10776268,1284828852.725,906597926.2958,210306415,6160.559204649083,4331.339267495954,-0.2969243337151444,High
BRA,10343182,1284828852.725,906597926.2958,210306415,6158.499895141097,4330.515543692759,-0.2968229897820689,High
BRN,3600,37653878.15588,34963242.733808,455370,82696.44059968815,76787.76101589478,-0.07145022858233703,Medium
BGR,2554370,217941534.4730691,159707680.42778596,6825864,32303.00288330812,23771.650069175997,-0.2641040167364909,High
BGR,64320,217941534.4730691,159707680.42778596,6825864,31938.20657327323,23406.853759141108,-0.26712059722449766,High
BGR,6447770,217941534.4730691,159707680.42778596,6825864,32873.39221424117,24342.03940010905,-0.2595215230156938,High
BFA,1810276.28,23039505.329675,15317169.373350801,22509038,1103.9912771783052,760.914156053706,-0.3107607172417802,Critical
BFA,438982.38,23039505.329675,15317169.373350801,22509038,1043.069353282668,699.9922321580692,-0.328911131407411,Critical
BDI,1055585,5259929.421304,4569304.4102464,13321097,474.09867380321606,422.2542190216316,-0.10935372243437974,Medium
BDI,453112,5259929.421304,4569304.4102464,13321097,428.87169287214107,377.02723809055664,-0.12088569994998655,Medium
BDI,8142,5259929.421304,4569304.4102464,13321097,395.468287732159,343.6238329505746,-0.13109636446171233,Medium
CPV,221.6,7045939.551193,5484549.013507,519741,13557.062366049628,10552.891947156371,-0.22159449722798885,High
KHM,1163000,117956767.18601,111197696.411258,17201724,6924.873761839802,6531.943915113276,-0.056741806455997044,Medium
KHM,11624000,117956767.18601,111197696.411258,17201724,7533.010481159331,7140.080634432804,-0.05216106465128072,Medium
CMR,2200000,31207875.216532,22189009.329583,27632771,1208.9947554131288,882.611784738599,-0.26996227172466153,High
CMR,343100,31207875.216532,22189009.329583,27632771,1141.795559212357,815.4125885378271,-0.2858506218921346,High
CMR,607.34,31207875.216532,22189009.329583,27632771,1129.4011214630627,803.0181507885329,-0.288987645285603,High
CAN,14538878,2451919918.1323237,1487587766.666787,38821259,63533.71476520954,38468.69875772929,-0.3945151971690724,Critical
CAN,34334787,2451919918.1323237,1487587766.666787,38821259,64043.63921150326,38672.668536246776,-0.3961512960165988,Critical
NA,424625.08,0,0,5343,79473.1574022085,79473.1574022085,0,Low
NA,424625.08,0,0,12077154,35.159366188424855,35.159366188424855,0,Low
NA,424625.08,0,0,7465915,56.875155958780674,56.875155958780674,0,Low
NA,424625.08,0,0,704356,602.8557717972162,602.8557717972162,0,Low
NA,424625.08,0,0,1425179569,0.2979449672422297,0.2979449672422297,0,Low
NA,424625.08,0,0,23420111,18.1307885346914,18.1307885346914,0,Low
NA,424625.08,0,0,30395002,13.970227078780912,13.970227078780912,0,Low
NA,424625.08,0,0,185345,2290.9983004666974,2290.9983004666974,0,Low
NA,424625.08,0,0,102396968,4.146852082573383,4.146852082573383,0,Low
NA,424625.08,0,0,89524246,4.743129364083111,4.743129364083111,0,Low
NA,424625.08,0,0,112114,3787.4402839966465,3787.4402839966465,0,Low
NA,424625.08,0,0,17904421,23.71621400100009,23.71621400100009,0,Low
NA,424625.08,0,0,871540,487.21238267893614,487.21238267893614,0,Low
NA,424625.08,0,0,10920,38885.080586080585,38885.080586080585,0,Low
NA,424625.08,0,0,87058473,4.8774698816506925,4.8774698816506925,0,Low
NA,424625.08,0,0,86507,4908.563237657068,4908.563237657068,0,Low
NA,424625.08,0,0,28213017,15.050679620687147,15.050679620687147,0,Low
NA,424625.08,0,0,11478,36994.69245513155,36994.69245513155,0,Low
NA,424625.08,0,0,8021406686,0.05293648565919377,0.05293648565919377,0,Low
NA,424625.08,0,0,475299909,0.8933834658066387,0.8933834658066387,0,Low
NA,424625.08,0,0,199713824,2.126167690825448,2.126167690825448,0,Low
NA,424625.08,0,0,264719925,1.604054096041316,1.604054096041316,0,Low
NA,424625.08,0,0,71212991,5.962747443089421,5.962747443089421,0,Low
NA,424625.08,0,0,435937001,0.97405147768129,0.97405147768129,0,Low
NA,424625.08,0,0,1034848565,0.4103258141929201,0.4103258141929201,0,Low
NA,424625.08,0,0,380481775,1.1160194992256856,1.1160194992256856,0,Low
NA,424625.08,0,0,179821109,2.3613750485767495,2.3613750485767495,0,Low
NA,424625.08,0,0,44052902,9.63898087803614,9.63898087803614,0,Low
NA,424625.08,0,0,430492778,0.9863698108310658,0.9863698108310658,0,Low
NA,424625.08,0,0,4747661033,0.08943879460823335,0.08943879460823335,0,Low
NA,424625.08,0,0,79341768,5.351847969911636,5.351847969911636,0,Low
NA,424625.08,0,0,1663264901,0.2552961225507157,0.2552961225507157,0,Low
NA,424625.08,0,0,2022467287,0.20995399170577536,0.20995399170577536,0,Low
NA,424625.08,0,0,684898412,0.619982573415574,0.619982573415574,0,Low
NA,424625.08,0,0,297688665,1.4264066117532557,1.4264066117532557,0,Low
NA,424625.08,0,0,746964086,0.568467866070873,0.568467866070873,0,Low
NA,424625.08,0,0,289050977,1.4690318102609285,1.4690318102609285,0,Low
NA,424625.08,0,0,107439461,3.9522264543006225,3.9522264543006225,0,Low
NA,424625.08,0,0,151975351,2.794039146519227,2.794039146519227,0,Low
NA,424625.08,0,0,198498297,2.139187521593699,2.139187521593699,0,Low
NA,424625.08,0,0,45049350,9.42577595459202,9.42577595459202,0,Low
NA,424625.08,0,0,31332719,13.552129963569392,13.552129963569392,0,Low
NA,424625.08,0,0,12503827,33.959609326008746,33.959609326008746,0,Low
NA,424625.08,0,0,449113453,0.9454739713619756,0.9454739713619756,0,Low
NA,424625.08,0,0,1134811910,0.37418102176950185,0.37418102176950185,0,Low
NA,424625.08,0,0,566128954,0.7500501025425383,0.7500501025425383,0,Low
NA,424625.08,0,0,72230332,5.878764062720908,5.878764062720908,0,Low
NA,424625.08,0,0,1039281637,0.40857556304538073,0.40857556304538073,0,Low
NA,424625.08,0,0,1780529299,0.23848250081505679,0.23848250081505679,0,Low
NA,1316434,0,0,5343,246384.80254538648,246384.80254538648,0,Low
NA,1316434,0,0,12077154,109.00200494255517,109.00200494255517,0,Low
NA,1316434,0,0,7465915,176.32587566292946,176.32587566292946,0,Low
NA,1316434,0,0,704356,1868.9895450596005,1868.9895450596005,0,Low
NA,1316434,0,0,1425179569,0.9236969352035386,0.9236969352035386,0,Low
NA,1316434,0,0,23420111,56.20955425873088,56.20955425873088,0,Low
NA,1316434,0,0,30395002,43.31087064906263,43.31087064906263,0,Low
NA,1316434,0,0,185345,7102.614044079959,7102.614044079959,0,Low
NA,1316434,0,0,102396968,12.856181444747465,12.856181444747465,0,Low
NA,1316434,0,0,89524246,14.704776178734864,14.704776178734864,0,Low
NA,1316434,0,0,112114,11741.923399397043,11741.923399397043,0,Low
NA,1316434,0,0,17904421,73.52563928205218,73.52563928205218,0,Low
NA,1316434,0,0,871540,1510.4688252977487,1510.4688252977487,0,Low
NA,1316434,0,0,10920,120552.56410256411,120552.56410256411,0,Low
NA,1316434,0,0,87058473,15.121262234865984,15.121262234865984,0,Low
NA,1316434,0,0,86507,15217.658686580276,15217.658686580276,0,Low
NA,1316434,0,0,28213017,46.660518440831765,46.660518440831765,0,Low
NA,1316434,0,0,11478,114691.93239240286,114691.93239240286,0,Low
NA,1316434,0,0,8021406686,0.16411510493509965,0.16411510493509965,0,Low
NA,1316434,0,0,475299909,2.7696912519291055,2.7696912519291055,0,Low
NA,1316434,0,0,199713824,6.591601791170951,6.591601791170951,0,Low
NA,1316434,0,0,264719925,4.9729312971057995,4.9729312971057995,0,Low
NA,1316434,0,0,71212991,18.485868680898406,18.485868680898406,0,Low
NA,1316434,0,0,435937001,3.019780374183012,3.019780374183012,0,Low
NA,1316434,0,0,1034848565,1.2721030347082716,1.2721030347082716,0,Low
NA,1316434,0,0,380481775,3.459913421608696,3.459913421608696,0,Low
NA,1316434,0,0,179821109,7.320797915888729,7.320797915888729,0,Low
NA,1316434,0,0,44052902,29.883025640399353,29.883025640399353,0,Low
NA,1316434,0,0,430492778,3.0579699992086744,3.0579699992086744,0,Low
NA,1316434,0,0,4747661033,0.2772805368474586,0.2772805368474586,0,Low
NA,1316434,0,0,79341768,16.591941838250946,16.591941838250946,0,Low
NA,1316434,0,0,1663264901,0.7914758492219274,0.7914758492219274,0,Low
NA,1316434,0,0,2022467287,0.6509049656633581,0.6509049656633581,0,Low
NA,1316434,0,0,684898412,1.9220865122987028,1.9220865122987028,0,Low
NA,1316434,0,0,297688665,4.422183827523295,4.422183827523295,0,Low
NA,1316434,0,0,746964086,1.7623792424204985,1.7623792424204985,0,Low
NA,1316434,0,0,289050977,4.554331604974994,4.554331604974994,0,Low
NA,1316434,0,0,107439461,12.252797880287206,12.252797880287206,0,Low
NA,1316434,0,0,151975351,8.662154693756884,8.662154693756884,0,Low
NA,1316434,0,0,198498297,6.63196621782604,6.63196621782604,0,Low
NA,1316434,0,0,45049350,29.222042049441335,29.222042049441335,0,Low
NA,1316434,0,0,31332719,42.014674819635026,42.014674819635026,0,Low
NA,1316434,0,0,12503827,105.28248671386768,105.28248671386768,0,Low
NA,1316434,0,0,449113453,2.93118362677949,2.93118362677949,0,Low
NA,1316434,0,0,1134811910,1.1600459850654898,1.1600459850654898,0,Low
NA,1316434,0,0,566128954,2.325325335683149,2.325325335683149,0,Low
NA,1316434,0,0,72230332,18.225501164801514,18.225501164801514,0,Low
NA,1316434,0,0,1039281637,1.2666768594122673,1.2666768594122673,0,Low
NA,1316434,0,0,1780529299,0.7393498106093226,0.7393498106093226,0,Low
CAF,214384,2757978.911107,2128871.4283816,5098039,583.0404418457764,459.638584244177,-0.21165231216369235,High
CAF,51773,2757978.911107,2128871.4283816,5098039,551.1436674193743,427.741809817775,-0.22390143422930922,High
NA,30725600.11,0,0,5343,5750627.009170878,5750627.009170878,0,Low
NA,30725600.11,0,0,12077154,2544.109324928704,2544.109324928704,0,Low
NA,30725600.11,0,0,7465915,4115.450029902564,4115.450029902564,0,Low
NA,30725600.11,0,0,704356,43622.25935464453,43622.25935464453,0,Low
NA,30725600.11,0,0,1425179569,21.559107903545872,21.559107903545872,0,Low
NA,30725600.11,0,0,23420111,1311.9323008332453,1311.9323008332453,0,Low
NA,30725600.11,0,0,30395002,1010.8767260485787,1010.8767260485787,0,Low
NA,30725600.11,0,0,185345,165775.1766165799,165775.1766165799,0,Low
NA,30725600.11,0,0,102396968,300.0635732690835,300.0635732690835,0,Low
NA,30725600.11,0,0,89524246,343.209817260008,343.209817260008,0,Low
NA,30725600.11,0,0,112114,274056.7646324277,274056.7646324277,0,Low
NA,30725600.11,0,0,17904421,1716.0901271255852,1716.0901271255852,0,Low
NA,30725600.11,0,0,871540,35254.37743534433,35254.37743534433,0,Low
NA,30725600.11,0,0,10920,2813699.6437728936,2813699.6437728936,0,Low
NA,30725600.11,0,0,87058473,352.9306114753472,352.9306114753472,0,Low
NA,30725600.11,0,0,86507,355180.50689539575,355180.50689539575,0,Low
NA,30725600.11,0,0,28213017,1089.0575832425154,1089.0575832425154,0,Low
NA,30725600.11,0,0,11478,2676912.363652204,2676912.363652204,0,Low
NA,30725600.11,0,0,8021406686,3.830450357744148,3.830450357744148,0,Low
NA,30725600.11,0,0,475299909,64.64465809523224,64.64465809523224,0,Low
NA,30725600.11,0,0,199713824,153.8481387748101,153.8481387748101,0,Low
NA,30725600.11,0,0,264719925,116.06833187943825,116.06833187943825,0,Low
NA,30725600.11,0,0,71212991,431.46060400692903,431.46060400692903,0,Low
NA,30725600.11,0,0,435937001,70.48174401236476,70.48174401236476,0,Low
NA,30725600.11,0,0,1034848565,29.69091435131864,29.69091435131864,0,Low
NA,30725600.11,0,0,380481775,80.7544595532861,80.7544595532861,0,Low
NA,30725600.11,0,0,179821109,170.8675932479095,170.8675932479095,0,Low
NA,30725600.11,0,0,44052902,697.4705119313138,697.4705119313138,0,Low
NA,30725600.11,0,0,430492778,71.37309074671631,71.37309074671631,0,Low
NA,30725600.11,0,0,4747661033,6.471734164767192,6.471734164767192,0,Low
NA,30725600.11,0,0,79341768,387.2563075478731,387.2563075478731,0,Low
NA,30725600.11,0,0,1663264901,18.473064688328922,18.473064688328922,0,Low
NA,30725600.11,0,0,2022467287,15.192137003895084,15.192137003895084,0,Low
NA,30725600.11,0,0,684898412,44.861543802206974,44.861543802206974,0,Low
NA,30725600.11,0,0,297688665,103.21387315838848,103.21387315838848,0,Low
NA,30725600.11,0,0,746964086,41.13397241698177,41.13397241698177,0,Low
NA,30725600.11,0,0,289050977,106.29820535081602,106.29820535081602,0,Low
NA,30725600.11,0,0,107439461,285.98058687208044,285.98058687208044,0,Low
NA,30725600.11,0,0,151975351,202.174891571726,202.174891571726,0,Low
NA,30725600.11,0,0,198498297,154.7902454296623,154.7902454296623,0,Low
NA,30725600.11,0,0,45049350,682.0431395791504,682.0431395791504,0,Low
NA,30725600.11,0,0,31332719,980.6234853093981,980.6234853093981,0,Low
NA,30725600.11,0,0,12503827,2457.2956831536458,2457.2956831536458,0,Low
NA,30725600.11,0,0,449113453,68.4138938719344,68.4138938719344,0,Low
NA,30725600.11,0,0,1134811910,27.075500212189347,27.075500212189347,0,Low
NA,30725600.11,0,0,566128954,54.27314729781512,54.27314729781512,0,Low
NA,30725600.11,0,0,72230332,425.3836201389743,425.3836201389743,0,Low
NA,30725600.11,0,0,1039281637,29.564267293986646,29.564267293986646,0,Low
NA,30725600.11,0,0,1780529299,17.256441737440905,17.256441737440905,0,Low
NA,1406864.78,0,0,5343,263309.8970615759,263309.8970615759,0,Low
NA,1406864.78,0,0,12077154,116.48976074992503,116.48976074992503,0,Low
NA,1406864.78,0,0,7465915,188.43836020099346,188.43836020099346,0,Low
NA,1406864.78,0,0,704356,1997.3774341384187,1997.3774341384187,0,Low
NA,1406864.78,0,0,1425179569,0.9871491358714531,0.9871491358714531,0,Low
NA,1406864.78,0,0,23420111,60.07079898126871,60.07079898126871,0,Low
NA,1406864.78,0,0,30395002,46.28605650363175,46.28605650363175,0,Low
NA,1406864.78,0,0,185345,7590.519193935634,7590.519193935634,0,Low
NA,1406864.78,0,0,102396968,13.739320679885756,13.739320679885756,0,Low
NA,1406864.78,0,0,89524246,15.714902307024177,15.714902307024177,0,Low
NA,1406864.78,0,0,112114,12548.520077777976,12548.520077777976,0,Low
NA,1406864.78,0,0,17904421,78.57639071377957,78.57639071377957,0,Low
NA,1406864.78,0,0,871540,1614.2285838859948,1614.2285838859948,0,Low
NA,1406864.78,0,0,10920,128833.77106227106,128833.77106227106,0,Low
NA,1406864.78,0,0,87058473,16.159998349614977,16.159998349614977,0,Low
NA,1406864.78,0,0,86507,16263.016634492007,16263.016634492007,0,Low
NA,1406864.78,0,0,28213017,49.86580414281819,49.86580414281819,0,Low
NA,1406864.78,0,0,11478,122570.55061857466,122570.55061857466,0,Low
NA,1406864.78,0,0,8021406686,0.17538878591649554,0.17538878591649554,0,Low
NA,1406864.78,0,0,475299909,2.9599517133507383,2.9599517133507383,0,Low
NA,1406864.78,0,0,199713824,7.044403596217756,7.044403596217756,0,Low
NA,1406864.78,0,0,264719925,5.3145405658452045,5.3145405658452045,0,Low
NA,1406864.78,0,0,71212991,19.75573220902911,19.75573220902911,0,Low
NA,1406864.78,0,0,435937001,3.2272203937100534,3.2272203937100534,0,Low
NA,1406864.78,0,0,1034848565,1.3594885547336097,1.3594885547336097,0,Low
NA,1406864.78,0,0,380481775,3.6975878279583827,3.6975878279583827,0,Low
NA,1406864.78,0,0,179821109,7.823690932748057,7.823690932748057,0,Low
NA,1406864.78,0,0,44052902,31.93580254939845,31.93580254939845,0,Low
NA,1406864.78,0,0,430492778,3.268033407055205,3.268033407055205,0,Low
NA,1406864.78,0,0,4747661033,0.2963279750220533,0.2963279750220533,0,Low
NA,1406864.78,0,0,79341768,17.731704440969857,17.731704440969857,0,Low
NA,1406864.78,0,0,1663264901,0.8458452884769917,0.8458452884769917,0,Low
NA,1406864.78,0,0,2022467287,0.6956180646495668,0.6956180646495668,0,Low
NA,1406864.78,0,0,684898412,2.0541218308446014,2.0541218308446014,0,Low
NA,1406864.78,0,0,297688665,4.725960190657578,4.725960190657578,0,Low
NA,1406864.78,0,0,746964086,1.883443670677361,1.883443670677361,0,Low
NA,1406864.78,0,0,289050977,4.867185693684751,4.867185693684751,0,Low
NA,1406864.78,0,0,107439461,13.094488439401236,13.094488439401236,0,Low
NA,1406864.78,0,0,151975351,9.25719052953528,9.25719052953528,0,Low
NA,1406864.78,0,0,198498297,7.087540806458405,7.087540806458405,0,Low
NA,1406864.78,0,0,45049350,31.2294135209498,31.2294135209498,0,Low
NA,1406864.78,0,0,31332719,44.90082012990957,44.90082012990957,0,Low
NA,1406864.78,0,0,12503827,112.51473488876645,112.51473488876645,0,Low
NA,1406864.78,0,0,449113453,3.132537604033874,3.132537604033874,0,Low
NA,1406864.78,0,0,1134811910,1.2397338868253507,1.2397338868253507,0,Low
NA,1406864.78,0,0,566128954,2.485060638675619,2.485060638675619,0,Low
NA,1406864.78,0,0,72230332,19.4774790734729,19.4774790734729,0,Low
NA,1406864.78,0,0,1039281637,1.3536896351417012,1.3536896351417012,0,Low
NA,1406864.78,0,0,1780529299,0.7901385171196781,0.7901385171196781,0,Low
NA,3612121.01,0,0,5343,676047.3535466966,676047.3535466966,0,Low
NA,3612121.01,0,0,12077154,299.0871036338528,299.0871036338528,0,Low
NA,3612121.01,0,0,7465915,483.8149121708458,483.8149121708458,0,Low
NA,3612121.01,0,0,704356,5128.260439323297,5128.260439323297,0,Low
NA,3612121.01,0,0,1425179569,2.5345023803102245,2.5345023803102245,0,Low
NA,3612121.01,0,0,23420111,154.23159224138604,154.23159224138604,0,Low
NA,3612121.01,0,0,30395002,118.83930818626035,118.83930818626035,0,Low
NA,3612121.01,0,0,185345,19488.63476220022,19488.63476220022,0,Low
NA,3612121.01,0,0,102396968,35.275663728636964,35.275663728636964,0,Low
NA,3612121.01,0,0,89524246,40.34796350030136,40.34796350030136,0,Low
NA,3612121.01,0,0,112114,32218.286833044935,32218.286833044935,0,Low
NA,3612121.01,0,0,17904421,201.74464228695248,201.74464228695248,0,Low
NA,3612121.01,0,0,871540,4144.526940817404,4144.526940817404,0,Low
NA,3612121.01,0,0,10920,330780.3122710623,330780.3122710623,0,Low
NA,3612121.01,0,0,87058473,41.490746225241054,41.490746225241054,0,Low
NA,3612121.01,0,0,86507,41755.245355867155,41755.245355867155,0,Low
NA,3612121.01,0,0,28213017,128.0302992763943,128.0302992763943,0,Low
NA,3612121.01,0,0,11478,314699.51298135566,314699.51298135566,0,Low
NA,3612121.01,0,0,8021406686,0.45031017019799563,0.45031017019799563,0,Low
NA,3612121.01,0,0,475299909,7.599666950493778,7.599666950493778,0,Low
NA,3612121.01,0,0,199713824,18.086484639140455,18.086484639140455,0,Low
NA,3612121.01,0,0,264719925,13.645066611438486,13.645066611438486,0,Low
NA,3612121.01,0,0,71212991,50.722781886804896,50.722781886804896,0,Low
NA,3612121.01,0,0,435937001,8.285878468022034,8.285878468022034,0,Low
NA,3612121.01,0,0,1034848565,3.4904826968571965,3.4904826968571965,0,Low
NA,3612121.01,0,0,380481775,9.49354541357467,9.49354541357467,0,Low
NA,3612121.01,0,0,179821109,20.08730248682873,20.08730248682873,0,Low
NA,3612121.01,0,0,44052902,81.99507514851122,81.99507514851122,0,Low
NA,3612121.01,0,0,430492778,8.390665754676144,8.390665754676144,0,Low
NA,3612121.01,0,0,4747661033,0.7608211674955102,0.7608211674955102,0,Low
NA,3612121.01,0,0,79341768,45.52609679683468,45.52609679683468,0,Low
NA,3612121.01,0,0,1663264901,2.1717051852824496,2.1717051852824496,0,Low
NA,3612121.01,0,0,2022467287,1.7859972486170552,1.7859972486170552,0,Low
NA,3612121.01,0,0,684898412,5.273951503920263,5.273951503920263,0,Low
NA,3612121.01,0,0,297688665,12.133888302398077,12.133888302398077,0,Low
NA,3612121.01,0,0,746964086,4.835735850893372,4.835735850893372,0,Low
NA,3612121.01,0,0,289050977,12.496484348502998,12.496484348502998,0,Low
NA,3612121.01,0,0,107439461,33.620058927883115,33.620058927883115,0,Low
NA,3612121.01,0,0,151975351,23.76780830728267,23.76780830728267,0,Low
NA,3612121.01,0,0,198498297,18.197239294199083,18.197239294199083,0,Low
NA,3612121.01,0,0,45049350,80.18142348335769,80.18142348335769,0,Low
NA,3612121.01,0,0,31332719,115.28271804307823,115.28271804307823,0,Low
NA,3612121.01,0,0,12503827,288.8812369205044,288.8812369205044,0,Low
NA,3612121.01,0,0,449113453,8.04278069577221,8.04278069577221,0,Low
NA,3612121.01,0,0,1134811910,3.1830129541026757,3.1830129541026757,0,Low
NA,3612121.01,0,0,566128954,6.3803855720122735,6.3803855720122735,0,Low
NA,3612121.01,0,0,72230332,50.00836781423073,50.00836781423073,0,Low
NA,3612121.01,0,0,1039281637,3.4755939885811724,3.4755939885811724,0,Low
NA,3612121.01,0,0,1780529299,2.028678220587933,2.028678220587933,0,Low
NA,2718717.41,0,0,5343,508837.2468650571,508837.2468650571,0,Low
NA,2718717.41,0,0,12077154,225.1124238376028,225.1124238376028,0,Low
NA,2718717.41,0,0,7465915,364.15059774990743,364.15059774990743,0,Low
NA,2718717.41,0,0,704356,3859.8626404829374,3859.8626404829374,0,Low
NA,2718717.41,0,0,1425179569,1.9076314796651426,1.9076314796651426,0,Low
NA,2718717.41,0,0,23420111,116.08473631914042,116.08473631914042,0,Low
NA,2718717.41,0,0,30395002,89.44619941133743,89.44619941133743,0,Low
NA,2718717.41,0,0,185345,14668.415171706816,14668.415171706816,0,Low
NA,2718717.41,0,0,102396968,26.550760858466045,26.550760858466045,0,Low
NA,2718717.41,0,0,89524246,30.368503857603002,30.368503857603002,0,Low
NA,2718717.41,0,0,112114,24249.579981090676,24249.579981090676,0,Low
NA,2718717.41,0,0,17904421,151.84615073562,151.84615073562,0,Low
NA,2718717.41,0,0,871540,3119.4407715079055,3119.4407715079055,0,Low
NA,2718717.41,0,0,10920,248966.7957875458,248966.7957875458,0,Low
NA,2718717.41,0,0,87058473,31.228636528003427,31.228636528003427,0,Low
NA,2718717.41,0,0,86507,31427.715791785635,31427.715791785635,0,Low
NA,2718717.41,0,0,28213017,96.36393761078442,96.36393761078442,0,Low
NA,2718717.41,0,0,11478,236863.3394319568,236863.3394319568,0,Low
NA,2718717.41,0,0,8021406686,0.33893274788635996,0.33893274788635996,0,Low
NA,2718717.41,0,0,475299909,5.720004061688133,5.720004061688133,0,Low
NA,2718717.41,0,0,199713824,13.613065713468087,13.613065713468087,0,Low
NA,2718717.41,0,0,264719925,10.270165383281972,10.270165383281972,0,Low
NA,2718717.41,0,0,71212991,38.17726754378285,38.17726754378285,0,Low
NA,2718717.41,0,0,435937001,6.236491520021261,6.236491520021261,0,Low
NA,2718717.41,0,0,1034848565,2.6271644972518273,2.6271644972518273,0,Low
NA,2718717.41,0,0,380481775,7.145460278616499,7.145460278616499,0,Low
NA,2718717.41,0,0,179821109,15.119011472674211,15.119011472674211,0,Low
NA,2718717.41,0,0,44052902,61.714831181836786,61.714831181836786,0,Low
NA,2718717.41,0,0,430492778,6.315361253284486,6.315361253284486,0,Low
NA,2718717.41,0,0,4747661033,0.5726435377552785,0.5726435377552785,0,Low
NA,2718717.41,0,0,79341768,34.265904056990514,34.265904056990514,0,Low
NA,2718717.41,0,0,1663264901,1.6345666937151342,1.6345666937151342,0,Low
NA,2718717.41,0,0,2022467287,1.3442577921904355,1.3442577921904355,0,Low
NA,2718717.41,0,0,684898412,3.9695192197350284,3.9695192197350284,0,Low
NA,2718717.41,0,0,297688665,9.13275421487748,9.13275421487748,0,Low
NA,2718717.41,0,0,746964086,3.639689592787196,3.639689592787196,0,Low
NA,2718717.41,0,0,289050977,9.405667603053976,9.405667603053976,0,Low
NA,2718717.41,0,0,107439461,25.304644910681375,25.304644910681375,0,Low
NA,2718717.41,0,0,151975351,17.8891997426609,17.8891997426609,0,Low
NA,2718717.41,0,0,198498297,13.696426876649728,13.696426876649728,0,Low
NA,2718717.41,0,0,45049350,60.34975887554427,60.34975887554427,0,Low
NA,2718717.41,0,0,31332719,86.76927814659174,86.76927814659174,0,Low
NA,2718717.41,0,0,12503827,217.4308241788694,217.4308241788694,0,Low
NA,2718717.41,0,0,449113453,6.053520311715089,6.053520311715089,0,Low
NA,2718717.41,0,0,1134811910,2.3957427535282037,2.3957427535282037,0,Low
NA,2718717.41,0,0,566128954,4.80229352480707,4.80229352480707,0,Low
NA,2718717.41,0,0,72230332,37.63955300662331,37.63955300662331,0,Low
NA,2718717.41,0,0,1039281637,2.615958286194563,2.615958286194563,0,Low
NA,2718717.41,0,0,1780529299,1.5269152894742677,1.5269152894742677,0,Low
NA,1063071.06,0,0,5343,198965.19932622122,198965.19932622122,0,Low
NA,1063071.06,0,0,12077154,88.02330913392343,88.02330913392343,0,Low
NA,1063071.06,0,0,7465915,142.38992273552537,142.38992273552537,0,Low
NA,1063071.06,0,0,704356,1509.2809034068,1509.2809034068,0,Low
NA,1063071.06,0,0,1425179569,0.7459207829831022,0.7459207829831022,0,Low
NA,1063071.06,0,0,23420111,45.39137581371839,45.39137581371839,0,Low
NA,1063071.06,0,0,30395002,34.97519296100063,34.97519296100063,0,Low
NA,1063071.06,0,0,185345,5735.633871968491,5735.633871968491,0,Low
NA,1063071.06,0,0,102396968,10.381860720719777,10.381860720719777,0,Low
NA,1063071.06,0,0,89524246,11.874672030189453,11.874672030189453,0,Low
NA,1063071.06,0,0,112114,9482.054515939133,9482.054515939133,0,Low
NA,1063071.06,0,0,17904421,59.37478011715654,59.37478011715654,0,Low
NA,1063071.06,0,0,871540,1219.761640314845,1219.761640314845,0,Low
NA,1063071.06,0,0,10920,97350.82967032967,97350.82967032967,0,Low
NA,1063071.06,0,0,87058473,12.211000530643354,12.211000530643354,0,Low
NA,1063071.06,0,0,86507,12288.84437097576,12288.84437097576,0,Low
NA,1063071.06,0,0,28213017,37.680162316564726,37.680162316564726,0,Low
NA,1063071.06,0,0,11478,92618.14427600628,92618.14427600628,0,Low
NA,1063071.06,0,0,8021406686,0.13252925597893067,0.13252925597893067,0,Low
NA,1063071.06,0,0,475299909,2.236632155551286,2.236632155551286,0,Low
NA,1063071.06,0,0,199713824,5.3229718339377445,5.3229718339377445,0,Low
NA,1063071.06,0,0,264719925,4.015833186716112,4.015833186716112,0,Low
NA,1063071.06,0,0,71212991,14.928049574550238,14.928049574550238,0,Low
NA,1063071.06,0,0,435937001,2.43858873543978,2.43858873543978,0,Low
NA,1063071.06,0,0,1034848565,1.027272101401619,1.027272101401619,0,Low
NA,1063071.06,0,0,380481775,2.794013090377325,2.794013090377325,0,Low
NA,1063071.06,0,0,179821109,5.9118257356537605,5.9118257356537605,0,Low
NA,1063071.06,0,0,44052902,24.131691937116877,24.131691937116877,0,Low
NA,1063071.06,0,0,430492778,2.469428325694235,2.469428325694235,0,Low
NA,1063071.06,0,0,4747661033,0.22391469243714224,0.22391469243714224,0,Low
NA,1063071.06,0,0,79341768,13.398630844727332,13.398630844727332,0,Low
NA,1063071.06,0,0,1663264901,0.6391471733461416,0.6391471733461416,0,Low
NA,1063071.06,0,0,2022467287,0.5256307811914686,0.5256307811914686,0,Low
NA,1063071.06,0,0,684898412,1.5521587455513037,1.5521587455513037,0,Low
NA,1063071.06,0,0,297688665,3.571083433761242,3.571083433761242,0,Low
NA,1063071.06,0,0,746964086,1.4231889858222715,1.4231889858222715,0,Low
NA,1063071.06,0,0,289050977,3.6777978439422467,3.6777978439422467,0,Low
NA,1063071.06,0,0,107439461,9.894605297768573,9.894605297768573,0,Low
NA,1063071.06,0,0,151975351,6.995022896838054,6.995022896838054,0,Low
NA,1063071.06,0,0,198498297,5.355567660109447,5.355567660109447,0,Low
NA,1063071.06,0,0,45049350,23.597922278567836,23.597922278567836,0,Low
NA,1063071.06,0,0,31332719,33.928465001712745,33.928465001712745,0,Low
NA,1063071.06,0,0,12503827,85.01965518236936,85.01965518236936,0,Low
NA,1063071.06,0,0,449113453,2.3670434561665203,2.3670434561665203,0,Low
NA,1063071.06,0,0,1134811910,0.9367817262333809,0.9367817262333809,0,Low
NA,1063071.06,0,0,566128954,1.877789596325787,1.877789596325787,0,Low
NA,1063071.06,0,0,72230332,14.717792796522104,14.717792796522104,0,Low
NA,1063071.06,0,0,1039281637,1.0228902562626534,1.0228902562626534,0,Low
NA,1063071.06,0,0,1780529299,0.5970533933909727,0.5970533933909727,0,Low
NA,25337056.95,0,0,5343,4742103.116226839,4742103.116226839,0,Low
NA,25337056.95,0,0,12077154,2097.9327538590633,2097.9327538590633,0,Low
NA,25337056.95,0,0,7465915,3393.6974838315195,3393.6974838315195,0,Low
NA,25337056.95,0,0,704356,35971.947353327014,35971.947353327014,0,Low
NA,25337056.95,0,0,1425179569,17.778150558092936,17.778150558092936,0,Low
NA,25337056.95,0,0,23420111,1081.8504212042376,1081.8504212042376,0,Low
NA,25337056.95,0,0,30395002,833.592869972504,833.592869972504,0,Low
NA,25337056.95,0,0,185345,136702.13358871295,136702.13358871295,0,Low
NA,25337056.95,0,0,102396968,247.43952330697917,247.43952330697917,0,Low
NA,25337056.95,0,0,89524246,283.0189371268204,283.0189371268204,0,Low
NA,25337056.95,0,0,112114,225993.69347271527,225993.69347271527,0,Low
NA,25337056.95,0,0,17904421,1415.1285288700483,1415.1285288700483,0,Low
NA,25337056.95,0,0,871540,29071.593902746863,29071.593902746863,0,Low
NA,25337056.95,0,0,10920,2320243.3104395606,2320243.3104395606,0,Low
NA,25337056.95,0,0,87058473,291.0349340724136,291.0349340724136,0,Low
NA,25337056.95,0,0,86507,292890.25107794744,292890.25107794744,0,Low
NA,25337056.95,0,0,28213017,898.0626549085481,898.0626549085481,0,Low
NA,25337056.95,0,0,11478,2207445.2822791426,2207445.2822791426,0,Low
NA,25337056.95,0,0,8021406686,3.158680009856815,3.158680009856815,0,Low
NA,25337056.95,0,0,475299909,53.30751483480717,53.30751483480717,0,Low
NA,25337056.95,0,0,199713824,126.86681593959165,126.86681593959165,0,Low
NA,25337056.95,0,0,264719925,95.71269314162883,95.71269314162883,0,Low
NA,25337056.95,0,0,71212991,355.79262426991727,355.79262426991727,0,Low
NA,25337056.95,0,0,435937001,58.12091401252724,58.12091401252724,0,Low
NA,25337056.95,0,0,1034848565,24.48383058829482,24.48383058829482,0,Low
NA,25337056.95,0,0,380481775,66.59203834401792,66.59203834401792,0,Low
NA,25337056.95,0,0,179821109,140.90146085129527,140.90146085129527,0,Low
NA,25337056.95,0,0,44052902,575.1506892780866,575.1506892780866,0,Low
NA,25337056.95,0,0,430492778,58.85593962275483,58.85593962275483,0,Low
NA,25337056.95,0,0,4747661033,5.336745141215308,5.336745141215308,0,Low
NA,25337056.95,0,0,79341768,319.34071534680197,319.34071534680197,0,Low
NA,25337056.95,0,0,1663264901,15.233326293825279,15.233326293825279,0,Low
NA,25337056.95,0,0,2022467287,12.52779568444016,12.52779568444016,0,Low
NA,25337056.95,0,0,684898412,36.993890635564796,36.993890635564796,0,Low
NA,25337056.95,0,0,297688665,85.1126022887032,85.1126022887032,0,Low
NA,25337056.95,0,0,746964086,33.92004706100422,33.92004706100422,0,Low
NA,25337056.95,0,0,289050977,87.65601560308859,87.65601560308859,0,Low
NA,25337056.95,0,0,107439461,235.82635946023595,235.82635946023595,0,Low
NA,25337056.95,0,0,151975351,166.71819991387946,166.71819991387946,0,Low
NA,25337056.95,0,0,198498297,127.64369938146119,127.64369938146119,0,Low
NA,25337056.95,0,0,45049350,562.4289129587885,562.4289129587885,0,Low
NA,25337056.95,0,0,31332719,808.6453317377276,808.6453317377276,0,Low
NA,25337056.95,0,0,12503827,2026.3441704687693,2026.3441704687693,0,Low
NA,25337056.95,0,0,449113453,56.4157158525376,56.4157158525376,0,Low
NA,25337056.95,0,0,1134811910,22.327098197268654,22.327098197268654,0,Low
NA,25337056.95,0,0,566128954,44.75492159689116,44.75492159689116,0,Low
NA,25337056.95,0,0,72230332,350.78139956493624,350.78139956493624,0,Low
NA,25337056.95,0,0,1039281637,24.37939442780706,24.37939442780706,0,Low
NA,25337056.95,0,0,1780529299,14.230070218013301,14.230070218013301,0,Low
TCD,363985,0,0,18455316,19.722501635843027,19.722501635843027,0,Low
TCD,231965,0,0,18455316,12.569007217215896,12.569007217215896,0,Low
TCD,1205,0,0,18455316,0.06529284028515145,0.06529284028515145,0,Low
CHL,608005.91,443751315.805623,298191885.9308046,19553036,22725.847879358636,15281.508807164506,-0.3275714557147789,Critical
CHL,100557,443751315.805623,298191885.9308046,19553036,22699.895443634585,15255.556371440456,-0.32794596304106066,Critical
CHL,1106926.47,443751315.805623,298191885.9308046,19553036,22751.36415007997,15307.025077885839,-0.32720407546059016,Critical
CHN,277430136,9042198066.513,7161370518.0294,1456769951,6397.460488607374,5106.366073052944,-0.20181358178821376,High
CHN,210070800.06,9042198066.513,7161370518.0294,1456769951,6351.221660099302,5060.127244544873,-0.20328284614368866,High
CHN,137726000,9042198066.513,7161370518.0294,1456769951,6301.560558831846,5010.4661432774155,-0.2048848699462102,High
NA,0.06,0,0,5343,0.011229646266142616,0.011229646266142616,0,Low
NA,0.06,0,0,12077154,4.968057871912538e-6,4.968057871912538e-6,0,Low
NA,0.06,0,0,7465915,8.036523319646688e-6,8.036523319646688e-6,0,Low
NA,0.06,0,0,704356,8.51841966278416e-5,8.51841966278416e-5,0,Low
NA,0.06,0,0,1425179569,4.209995800185373e-8,4.209995800185373e-8,0,Low
NA,0.06,0,0,23420111,2.561900752733409e-6,2.561900752733409e-6,0,Low
NA,0.06,0,0,30395002,1.974008753149613e-6,1.974008753149613e-6,0,Low
NA,0.06,0,0,185345,3.237206290970892e-4,3.237206290970892e-4,0,Low
NA,0.06,0,0,102396968,5.859548497568795e-7,5.859548497568795e-7,0,Low
NA,0.06,0,0,89524246,6.702094983296481e-7,6.702094983296481e-7,0,Low
NA,0.06,0,0,112114,5.351695595554525e-4,5.351695595554525e-4,0,Low
NA,0.06,0,0,17904421,3.3511276349008996e-6,3.3511276349008996e-6,0,Low
NA,0.06,0,0,871540,6.884365605709434e-5,6.884365605709434e-5,0,Low
NA,0.06,0,0,10920,0.005494505494505495,0.005494505494505495,0,Low
NA,0.06,0,0,87058473,6.891919641181852e-7,6.891919641181852e-7,0,Low
NA,0.06,0,0,86507,6.935854901915452e-4,6.935854901915452e-4,0,Low
NA,0.06,0,0,28213017,2.126677908994986e-6,2.126677908994986e-6,0,Low
NA,0.06,0,0,11478,0.005227391531625719,0.005227391531625719,0,Low
NA,0.06,0,0,8021406686,7.479984789291358e-9,7.479984789291358e-9,0,Low
NA,0.06,0,0,475299909,1.2623608560379506e-7,1.2623608560379506e-7,0,Low
NA,0.06,0,0,199713824,3.0042987910541434e-7,3.0042987910541434e-7,0,Low
NA,0.06,0,0,264719925,2.2665464263787472e-7,2.2665464263787472e-7,0,Low
NA,0.06,0,0,71212991,8.425429006345205e-7,8.425429006345205e-7,0,Low
NA,0.06,0,0,435937001,1.3763456614686396e-7,1.3763456614686396e-7,0,Low
NA,0.06,0,0,1034848565,5.79794977055411e-8,5.79794977055411e-8,0,Low
NA,0.06,0,0,380481775,1.5769480680119303e-7,1.5769480680119303e-7,0,Low
NA,0.06,0,0,179821109,3.336649425290776e-7,3.336649425290776e-7,0,Low
NA,0.06,0,0,44052902,1.3619988077062436e-6,1.3619988077062436e-6,0,Low
NA,0.06,0,0,430492778,1.393751604353279e-7,1.393751604353279e-7,0,Low
NA,0.06,0,0,4747661033,1.2637801979322563e-8,1.2637801979322563e-8,0,Low
NA,0.06,0,0,79341768,7.562221199809916e-7,7.562221199809916e-7,0,Low
NA,0.06,0,0,1663264901,3.607362841837543e-8,3.607362841837543e-8,0,Low
NA,0.06,0,0,2022467287,2.9666734481030942e-8,2.9666734481030942e-8,0,Low
NA,0.06,0,0,684898412,8.760423290337545e-8,8.760423290337545e-8,0,Low
NA,0.06,0,0,297688665,2.0155285388511518e-7,2.0155285388511518e-7,0,Low
NA,0.06,0,0,746964086,8.03251469843759e-8,8.03251469843759e-8,0,Low
NA,0.06,0,0,289050977,2.0757584223629868e-7,2.0757584223629868e-7,0,Low
NA,0.06,0,0,107439461,5.584540302189342e-7,5.584540302189342e-7,0,Low
NA,0.06,0,0,151975351,3.948008647797102e-7,3.948008647797102e-7,0,Low
NA,0.06,0,0,198498297,3.0226959579406367e-7,3.0226959579406367e-7,0,Low
NA,0.06,0,0,45049350,1.3318727129248257e-6,1.3318727129248257e-6,0,Low
NA,0.06,0,0,31332719,1.9149311618950148e-6,1.9149311618950148e-6,0,Low
NA,0.06,0,0,12503827,4.798530881785233e-6,4.798530881785233e-6,0,Low
NA,0.06,0,0,449113453,1.3359653245568665e-7,1.3359653245568665e-7,0,Low
NA,0.06,0,0,1134811910,5.2872198001517276e-8,5.2872198001517276e-8,0,Low
NA,0.06,0,0,566128954,1.0598292063330858e-7,1.0598292063330858e-7,0,Low
NA,0.06,0,0,72230332,8.306759548052472e-7,8.306759548052472e-7,0,Low
NA,0.06,0,0,1039281637,5.7732185255573795e-8,5.7732185255573795e-8,0,Low
NA,0.06,0,0,1780529299,3.3697844811482655e-8,3.3697844811482655e-8,0,Low
NA,227136,0,0,5343,42510.948905109486,42510.948905109486,0,Low
NA,227136,0,0,12077154,18.807079879912106,18.807079879912106,0,Low
NA,227136,0,0,7465915,30.4230626788545,30.4230626788545,0,Low
NA,227136,0,0,704356,322.4732947543572,322.4732947543572,0,Low
NA,227136,0,0,1425179569,0.15937360101181747,0.15937360101181747,0,Low
NA,227136,0,0,23420111,9.698331489547595,9.698331489547595,0,Low
NA,227136,0,0,30395002,7.472807535923176,7.472807535923176,0,Low
NA,227136,0,0,185345,1225.476813509941,1225.476813509941,0,Low
NA,227136,0,0,102396968,2.218190679239643,2.218190679239643,0,Low
NA,227136,0,0,89524246,2.5371450768767154,2.5371450768767154,0,Low
NA,227136,0,0,112114,2025.9378846531208,2025.9378846531208,0,Low
NA,227136,0,0,17904421,12.686028774680846,12.686028774680846,0,Low
NA,227136,0,0,871540,260.61454436973634,260.61454436973634,0,Low
NA,227136,0,0,10920,20800,20800,0,Low
NA,227136,0,0,87058473,2.609005099365802,2.609005099365802,0,Low
NA,227136,0,0,86507,2625.6372316691136,2625.6372316691136,0,Low
NA,227136,0,0,28213017,8.05075189229142,8.05075189229142,0,Low
NA,227136,0,0,11478,19788.81338212232,19788.81338212232,0,Low
NA,227136,0,0,8021406686,0.028316230418341366,0.028316230418341366,0,Low
NA,227136,0,0,475299909,0.4778793256617266,0.4778793256617266,0,Low
NA,227136,0,0,199713824,1.1373073503414566,1.1373073503414566,0,Low
NA,227136,0,0,264719925,0.8580238151699385,0.8580238151699385,0,Low
NA,227136,0,0,71212991,3.1895304046420407,3.1895304046420407,0,Low
NA,227136,0,0,435937001,0.5210294136055682,0.5210294136055682,0,Low
NA,227136,0,0,1034848565,0.21948718651409638,0.21948718651409638,0,Low
NA,227136,0,0,380481775,0.5969694606265964,0.5969694606265964,0,Low
NA,227136,0,0,179821109,1.2631220064380762,1.2631220064380762,0,Low
NA,227136,0,0,44052902,5.155982686452757,5.155982686452757,0,Low
NA,227136,0,0,430492778,0.5276186073439774,0.5276186073439774,0,Low
NA,227136,0,0,4747661033,0.047841663172923495,0.047841663172923495,0,Low
NA,227136,0,0,79341768,2.8627544574000416,2.8627544574000416,0,Low
NA,227136,0,0,1663264901,0.13656032774060203,0.13656032774060203,0,Low
NA,227136,0,0,2022467287,0.11230639005139073,0.11230639005139073,0,Low
NA,227136,0,0,684898412,0.33163458407901814,0.33163458407901814,0,Low
NA,227136,0,0,297688665,0.762998483667492,0.762998483667492,0,Low
NA,227136,0,0,746964086,0.3040788764240534,0.3040788764240534,0,Low
NA,227136,0,0,289050977,0.7857991083697323,0.7857991083697323,0,Low
NA,227136,0,0,107439461,2.1140835767967974,2.1140835767967974,0,Low
NA,227136,0,0,151975351,1.494558153710071,1.494558153710071,0,Low
NA,227136,0,0,198498297,1.1442717818380075,1.1442717818380075,0,Low
NA,227136,0,0,45049350,5.041937342048221,5.041937342048221,0,Low
NA,227136,0,0,31332719,7.249163406469767,7.249163406469767,0,Low
NA,227136,0,0,12503827,18.165318506086177,18.165318506086177,0,Low
NA,227136,0,0,449113453,0.5057430332642474,0.5057430332642474,0,Low
NA,227136,0,0,1134811910,0.2001529927545438,0.2001529927545438,0,Low
NA,227136,0,0,566128954,0.4012089443494529,0.4012089443494529,0,Low
NA,227136,0,0,72230332,3.1446068945107437,3.1446068945107437,0,Low
NA,227136,0,0,1039281637,0.21855096050350017,0.21855096050350017,0,Low
NA,227136,0,0,1780529299,0.12756656131834873,0.12756656131834873,0,Low
NA,1576000,0,0,5343,294965.3752573461,294965.3752573461,0,Low
NA,1576000,0,0,12077154,130.494320102236,130.494320102236,0,Low
NA,1576000,0,0,7465915,211.09267919605298,211.09267919605298,0,Low
NA,1576000,0,0,704356,2237.504898091306,2237.504898091306,0,Low
NA,1576000,0,0,1425179569,1.105825563515358,1.105825563515358,0,Low
NA,1576000,0,0,23420111,67.29259310513089,67.29259310513089,0,Low
NA,1576000,0,0,30395002,51.85062991606318,51.85062991606318,0,Low
NA,1576000,0,0,185345,8503.061857616876,8503.061857616876,0,Low
NA,1576000,0,0,102396968,15.391080720280701,15.391080720280701,0,Low
NA,1576000,0,0,89524246,17.604169489458755,17.604169489458755,0,Low
NA,1576000,0,0,112114,14057.120430989886,14057.120430989886,0,Low
NA,1576000,0,0,17904421,88.02295254339697,88.02295254339697,0,Low
NA,1576000,0,0,871540,1808.2933657663446,1808.2933657663446,0,Low
NA,1576000,0,0,10920,144322.34432234432,144322.34432234432,0,Low
NA,1576000,0,0,87058473,18.102775590837666,18.102775590837666,0,Low
NA,1576000,0,0,86507,18218.178875697922,18218.178875697922,0,Low
NA,1576000,0,0,28213017,55.860739742934975,55.860739742934975,0,Low
NA,1576000,0,0,11478,137306.15089736888,137306.15089736888,0,Low
NA,1576000,0,0,8021406686,0.19647426713205302,0.19647426713205302,0,Low
NA,1576000,0,0,475299909,3.3158011818596833,3.3158011818596833,0,Low
NA,1576000,0,0,199713824,7.891291491168884,7.891291491168884,0,Low
NA,1576000,0,0,264719925,5.953461946621509,5.953461946621509,0,Low
NA,1576000,0,0,71212991,22.130793523333406,22.130793523333406,0,Low
NA,1576000,0,0,435937001,3.61520127079096,3.61520127079096,0,Low
NA,1576000,0,0,1034848565,1.522928139732213,1.522928139732213,0,Low
NA,1576000,0,0,380481775,4.1421169253113375,4.1421169253113375,0,Low
NA,1576000,0,0,179821109,8.764265823763772,8.764265823763772,0,Low
NA,1576000,0,0,44052902,35.77516868241734,35.77516868241734,0,Low
NA,1576000,0,0,430492778,3.6609208807679465,3.6609208807679465,0,Low
NA,1576000,0,0,4747661033,0.331952931990206,0.331952931990206,0,Low
NA,1576000,0,0,79341768,19.86343435150071,19.86343435150071,0,Low
NA,1576000,0,0,1663264901,0.9475339731226614,0.9475339731226614,0,Low
NA,1576000,0,0,2022467287,0.7792462257017461,0.7792462257017461,0,Low
NA,1576000,0,0,684898412,2.3010711842619953,2.3010711842619953,0,Low
NA,1576000,0,0,297688665,5.294121628715692,5.294121628715692,0,Low
NA,1576000,0,0,746964086,2.109873860789607,2.109873860789607,0,Low
NA,1576000,0,0,289050977,5.452325456073446,5.452325456073446,0,Low
NA,1576000,0,0,107439461,14.668725860417338,14.668725860417338,0,Low
NA,1576000,0,0,151975351,10.370102714880389,10.370102714880389,0,Low
NA,1576000,0,0,198498297,7.939614716190739,7.939614716190739,0,Low
NA,1576000,0,0,45049350,34.983856592825425,34.983856592825425,0,Low
NA,1576000,0,0,31332719,50.298858519109054,50.298858519109054,0,Low
NA,1576000,0,0,12503827,126.04141116155878,126.04141116155878,0,Low
NA,1576000,0,0,449113453,3.509135585836036,3.509135585836036,0,Low
NA,1576000,0,0,1134811910,1.3887764008398538,1.3887764008398538,0,Low
NA,1576000,0,0,566128954,2.783818048634905,2.783818048634905,0,Low
NA,1576000,0,0,72230332,21.819088412884494,21.819088412884494,0,Low
NA,1576000,0,0,1039281637,1.516432066046405,1.516432066046405,0,Low
NA,1576000,0,0,1780529299,0.8851300570482777,0.8851300570482777,0,Low
NA,6000,0,0,5343,1122.9646266142618,1122.9646266142618,0,Low
NA,6000,0,0,12077154,0.49680578719125384,0.49680578719125384,0,Low
NA,6000,0,0,7465915,0.8036523319646688,0.8036523319646688,0,Low
NA,6000,0,0,704356,8.51841966278416,8.51841966278416,0,Low
NA,6000,0,0,1425179569,0.004209995800185373,0.004209995800185373,0,Low
NA,6000,0,0,23420111,0.2561900752733409,0.2561900752733409,0,Low
NA,6000,0,0,30395002,0.1974008753149613,0.1974008753149613,0,Low
NA,6000,0,0,185345,32.37206290970892,32.37206290970892,0,Low
NA,6000,0,0,102396968,0.05859548497568795,0.05859548497568795,0,Low
NA,6000,0,0,89524246,0.0670209498329648,0.0670209498329648,0,Low
NA,6000,0,0,112114,53.51695595554525,53.51695595554525,0,Low
NA,6000,0,0,17904421,0.33511276349008995,0.33511276349008995,0,Low
NA,6000,0,0,871540,6.884365605709434,6.884365605709434,0,Low
NA,6000,0,0,10920,549.4505494505495,549.4505494505495,0,Low
NA,6000,0,0,87058473,0.06891919641181853,0.06891919641181853,0,Low
NA,6000,0,0,86507,69.35854901915452,69.35854901915452,0,Low
NA,6000,0,0,28213017,0.21266779089949864,0.21266779089949864,0,Low
NA,6000,0,0,11478,522.7391531625718,522.7391531625718,0,Low
NA,6000,0,0,8021406686,7.479984789291358e-4,7.479984789291358e-4,0,Low
NA,6000,0,0,475299909,0.012623608560379506,0.012623608560379506,0,Low
NA,6000,0,0,199713824,0.030042987910541434,0.030042987910541434,0,Low
NA,6000,0,0,264719925,0.022665464263787474,0.022665464263787474,0,Low
NA,6000,0,0,71212991,0.08425429006345204,0.08425429006345204,0,Low
NA,6000,0,0,435937001,0.013763456614686396,0.013763456614686396,0,Low
NA,6000,0,0,1034848565,0.00579794977055411,0.00579794977055411,0,Low
NA,6000,0,0,380481775,0.015769480680119304,0.015769480680119304,0,Low
NA,6000,0,0,179821109,0.03336649425290776,0.03336649425290776,0,Low
NA,6000,0,0,44052902,0.13619988077062437,0.13619988077062437,0,Low
NA,6000,0,0,430492778,0.01393751604353279,0.01393751604353279,0,Low
NA,6000,0,0,4747661033,0.0012637801979322562,0.0012637801979322562,0,Low
NA,6000,0,0,79341768,0.07562221199809915,0.07562221199809915,0,Low
NA,6000,0,0,1663264901,0.003607362841837543,0.003607362841837543,0,Low
NA,6000,0,0,2022467287,0.002966673448103094,0.002966673448103094,0,Low
NA,6000,0,0,684898412,0.008760423290337545,0.008760423290337545,0,Low
NA,6000,0,0,297688665,0.020155285388511517,0.020155285388511517,0,Low
NA,6000,0,0,746964086,0.00803251469843759,0.00803251469843759,0,Low
NA,6000,0,0,289050977,0.020757584223629867,0.020757584223629867,0,Low
NA,6000,0,0,107439461,0.05584540302189342,0.05584540302189342,0,Low
NA,6000,0,0,151975351,0.03948008647797102,0.03948008647797102,0,Low
NA,6000,0,0,198498297,0.030226959579406368,0.030226959579406368,0,Low
NA,6000,0,0,45049350,0.1331872712924826,0.1331872712924826,0,Low
NA,6000,0,0,31332719,0.19149311618950146,0.19149311618950146,0,Low
NA,6000,0,0,12503827,0.4798530881785233,0.4798530881785233,0,Low
NA,6000,0,0,449113453,0.013359653245568665,0.013359653245568665,0,Low
NA,6000,0,0,1134811910,0.005287219800151727,0.005287219800151727,0,Low
NA,6000,0,0,566128954,0.010598292063330857,0.010598292063330857,0,Low
NA,6000,0,0,72230332,0.08306759548052473,0.08306759548052473,0,Low
NA,6000,0,0,1039281637,0.00577321852555738,0.00577321852555738,0,Low
NA,6000,0,0,1780529299,0.0033697844811482656,0.0033697844811482656,0,Low
NA,277203000,0,0,5343,51881527.2318922,51881527.2318922,0,Low
NA,277203000,0,0,12077154,22952.67577112952,22952.67577112952,0,Low
NA,277203000,0,0,7465915,37129.13956293368,37129.13956293368,0,Low
NA,277203000,0,0,704356,393555.2476304596,393555.2476304596,0,Low
NA,277203000,0,0,1425179569,194.50391096646433,194.50391096646433,0,Low
NA,277203000,0,0,23420111,11836.109572665988,11836.109572665988,0,Low
NA,277203000,0,0,30395002,9120.01913998887,9120.01913998887,0,Low
NA,277203000,0,0,185345,1495605.492460007,1495605.492460007,0,Low
NA,277203000,0,0,102396968,2707.1407036192713,2707.1407036192713,0,Low
NA,277203000,0,0,89524246,3096.4013927578903,3096.4013927578903,0,Low
NA,277203000,0,0,112114,2472510.1236241683,2472510.1236241683,0,Low
NA,277203000,0,0,17904421,15482.377229623902,15482.377229623902,0,Low
NA,277203000,0,0,871540,318061.1331665787,318061.1331665787,0,Low
NA,277203000,0,0,10920,25384890.10989011,25384890.10989011,0,Low
NA,277203000,0,0,87058473,3184.101333824222,3184.101333824222,0,Low
NA,277203000,0,0,86507,3204399.643959448,3204399.643959448,0,Low
NA,277203000,0,0,28213017,9825.358273452286,9825.358273452286,0,Low
NA,277203000,0,0,11478,24150810.245687403,24150810.245687403,0,Low
NA,277203000,0,0,8021406686,34.55790372576554,34.55790372576554,0,Low
NA,277203000,0,0,475299909,583.2170272938133,583.2170272938133,0,Low
NA,277203000,0,0,199713824,1388.0010629609696,1388.0010629609696,0,Low
NA,277203000,0,0,264719925,1047.155781719113,1047.155781719113,0,Low
NA,277203000,0,0,71212991,3892.5903280765165,3892.5903280765165,0,Low
NA,277203000,0,0,435937001,635.8785773268188,635.8785773268188,0,Low
NA,277203000,0,0,1034848565,267.8681783744852,267.8681783744852,0,Low
NA,277203000,0,0,380481775,728.5578921618519,728.5578921618519,0,Low
NA,277203000,0,0,179821109,1541.548717731465,1541.548717731465,0,Low
NA,277203000,0,0,44052902,6292.502591543232,6292.502591543232,0,Low
NA,277203000,0,0,430492778,643.9202099692367,643.9202099692367,0,Low
NA,277203000,0,0,4747661033,58.3872770345692,58.3872770345692,0,Low
NA,277203000,0,0,79341768,3493.78400541818,3493.78400541818,0,Low
NA,277203000,0,0,1663264901,166.66196697431542,166.66196697431542,0,Low
NA,277203000,0,0,2022467287,137.061796639087,137.061796639087,0,Low
NA,277203000,0,0,684898412,404.73593622523975,404.73593622523975,0,Low
NA,277203000,0,0,297688665,931.1842625919263,931.1842625919263,0,Low
NA,277203000,0,0,746964086,371.10619532516586,371.10619532516586,0,Low
NA,277203000,0,0,289050977,959.0107699238117,959.0107699238117,0,Low
NA,277203000,0,0,107439461,2580.085542312987,2580.085542312987,0,Low
NA,277203000,0,0,151975351,1823.9997353255003,1823.9997353255003,0,Low
NA,277203000,0,0,198498297,1396.500646048364,1396.500646048364,0,Low
NA,277203000,0,0,45049350,6153.318527348341,6153.318527348341,0,Low
NA,277203000,0,0,31332719,8847.077714513061,8847.077714513061,0,Low
NA,277203000,0,0,12503827,22169.452600391865,22169.452600391865,0,Low
NA,277203000,0,0,449113453,617.2226597718951,617.2226597718951,0,Low
NA,277203000,0,0,1134811910,244.27219837690987,244.27219837690987,0,Low
NA,277203000,0,0,566128954,489.6463924719173,489.6463924719173,0,Low
NA,277203000,0,0,72230332,3837.764444997982,3837.764444997982,0,Low
NA,277203000,0,0,1039281637,266.7255824900137,266.7255824900137,0,Low
NA,277203000,0,0,1780529299,155.68572792129044,155.68572792129044,0,Low
NA,208494800,0,0,5343,39022047.53883586,39022047.53883586,0,Low
NA,208494800,0,0,12077154,17263.570539880504,17263.570539880504,0,Low
NA,208494800,0,0,7465915,27926.222037084535,27926.222037084535,0,Low
NA,208494800,0,0,704356,296007.70065137517,296007.70065137517,0,Low
NA,208494800,0,0,1425179569,146.29370539341488,146.29370539341488,0,Low
NA,208494800,0,0,23420111,8902.383084350027,8902.383084350027,0,Low
NA,208494800,0,0,30395002,6859.509336436299,6859.509336436299,0,Low
NA,208494800,0,0,185345,1124901.13032453,1124901.13032453,0,Low
NA,208494800,0,0,102396968,2036.1423201515108,2036.1423201515108,0,Low
NA,208494800,0,0,89524246,2328.9199218723384,2328.9199218723384,0,Low
NA,208494800,0,0,112114,1859667.8380933693,1859667.8380933693,0,Low
NA,208494800,0,0,17904421,11644.878100218935,11644.878100218935,0,Low
NA,208494800,0,0,871540,239225.73834821122,239225.73834821122,0,Low
NA,208494800,0,0,10920,19092930.4029304,19092930.4029304,0,Low
NA,208494800,0,0,87058473,2394.8823453404702,2394.8823453404702,0,Low
NA,208494800,0,0,86507,2410149.4676731364,2410149.4676731364,0,Low
NA,208494800,0,0,28213017,7390.021421672131,7390.021421672131,0,Low
NA,208494800,0,0,11478,18164732.531799965,18164732.531799965,0,Low
NA,208494800,0,0,8021406686,25.992298877439065,25.992298877439065,0,Low
NA,208494800,0,0,475299909,438.6594570124355,438.6594570124355,0,Low
NA,208494800,0,0,199713824,1043.9677926351258,1043.9677926351258,0,Low
NA,208494800,0,0,264719925,787.6052397642527,787.6052397642527,0,Low
NA,208494800,0,0,71212991,2927.763559320237,2927.763559320237,0,Low
NA,208494800,0,0,435937001,478.26818903128617,478.26818903128617,0,Low
NA,208494800,0,0,1034848565,201.47372963695418,201.47372963695418,0,Low
NA,208494800,0,0,380481775,547.9757867508897,547.9757867508897,0,Low
NA,208494800,0,0,179821109,1159.4567576601921,1159.4567576601921,0,Low
NA,208494800,0,0,44052902,4732.827816882529,4732.827816882529,0,Low
NA,208494800,0,0,430492778,484.31660333219344,484.31660333219344,0,Low
NA,208494800,0,0,4747661033,43.91526660197436,43.91526660197436,0,Low
NA,208494800,0,0,79341768,2627.8063276835474,2627.8063276835474,0,Low
NA,208494800,0,0,1663264901,125.35273237272503,125.35273237272503,0,Low
NA,208494800,0,0,2022467287,103.08933120459416,103.08933120459416,0,Low
NA,208494800,0,0,684898412,304.4171169723781,304.4171169723781,0,Low
NA,208494800,0,0,297688665,700.3786993367719,700.3786993367719,0,Low
NA,208494800,0,0,746964086,279.1229242579676,279.1229242579676,0,Low
NA,208494800,0,0,289050977,721.3080618648108,721.3080618648108,0,Low
NA,208494800,0,0,107439461,1940.5793556615106,1940.5793556615106,0,Low
NA,208494800,0,0,151975351,1371.8987890345454,1371.8987890345454,0,Low
NA,208494800,0,0,198498297,1050.360648686069,1050.360648686069,0,Low
NA,208494800,0,0,45049350,4628.142248445316,4628.142248445316,0,Low
NA,208494800,0,0,31332719,6654.219826884479,6654.219826884479,0,Low
NA,208494800,0,0,12503827,16674.47894152726,16674.47894152726,0,Low
NA,208494800,0,0,449113453,464.2363719173649,464.2363719173649,0,Low
NA,208494800,0,0,1134811910,183.7263057981124,183.7263057981124,0,Low
NA,208494800,0,0,566128954,368.2814640142924,368.2814640142924,0,Low
NA,208494800,0,0,72230332,2886.526951032151,2886.526951032151,0,Low
NA,208494800,0,0,1039281637,200.61434030706346,200.61434030706346,0,Low
NA,208494800,0,0,1780529299,117.09709024001857,117.09709024001857,0,Low
NA,137720000,0,0,5343,25775781.396219354,25775781.396219354,0,Low
NA,137720000,0,0,12077154,11403.348835329913,11403.348835329913,0,Low
NA,137720000,0,0,7465915,18446.499859695698,18446.499859695698,0,Low
NA,137720000,0,0,704356,195526.12599310576,195526.12599310576,0,Low
NA,137720000,0,0,1425179569,96.63343693358826,96.63343693358826,0,Low
NA,137720000,0,0,23420111,5880.416194440752,5880.416194440752,0,Low
NA,137720000,0,0,30395002,4531.008091396079,4531.008091396079,0,Low
NA,137720000,0,0,185345,743046.7506541854,743046.7506541854,0,Low
NA,137720000,0,0,102396968,1344.9616984752909,1344.9616984752909,0,Low
NA,137720000,0,0,89524246,1538.354201832652,1538.354201832652,0,Low
NA,137720000,0,0,112114,1228392.5290329487,1228392.5290329487,0,Low
NA,137720000,0,0,17904421,7691.954964642531,7691.954964642531,0,Low
NA,137720000,0,0,871540,158019.13853638386,158019.13853638386,0,Low
NA,137720000,0,0,10920,12611721.611721613,12611721.611721613,0,Low
NA,137720000,0,0,87058473,1581.9252883059412,1581.9252883059412,0,Low
NA,137720000,0,0,86507,1592009.8951529935,1592009.8951529935,0,Low
NA,137720000,0,0,28213017,4881.4346937798255,4881.4346937798255,0,Low
NA,137720000,0,0,11478,11998606.0289249,11998606.0289249,0,Low
NA,137720000,0,0,8021406686,17.169058419686763,17.169058419686763,0,Low
NA,137720000,0,0,475299909,289.7538951559109,289.7538951559109,0,Low
NA,137720000,0,0,199713824,689.5867158399611,689.5867158399611,0,Low
NA,137720000,0,0,264719925,520.2479564014685,520.2479564014685,0,Low
NA,137720000,0,0,71212991,1933.9168045897693,1933.9168045897693,0,Low
NA,137720000,0,0,435937001,315.9172074957684,315.9172074957684,0,Low
NA,137720000,0,0,1034848565,133.082273733452,133.082273733452,0,Low
NA,137720000,0,0,380481775,361.96214654433845,361.96214654433845,0,Low
NA,137720000,0,0,179821109,765.8722647517428,765.8722647517428,0,Low
NA,137720000,0,0,44052902,3126.241263288398,3126.241263288398,0,Low
NA,137720000,0,0,430492778,319.9124515858893,319.9124515858893,0,Low
NA,137720000,0,0,4747661033,29.007968143205055,29.007968143205055,0,Low
NA,137720000,0,0,79341768,1735.7818393963694,1735.7818393963694,0,Low
NA,137720000,0,0,1663264901,82.80100176297775,82.80100176297775,0,Low
NA,137720000,0,0,2022467287,68.09504454545969,68.09504454545969,0,Low
NA,137720000,0,0,684898412,201.08091592421445,201.08091592421445,0,Low
NA,137720000,0,0,297688665,462.6309839509677,462.6309839509677,0,Low
NA,137720000,0,0,746964086,184.37298737813748,184.37298737813748,0,Low
NA,137720000,0,0,289050977,476.4557498797176,476.4557498797176,0,Low
NA,137720000,0,0,107439461,1281.8381506958603,1281.8381506958603,0,Low
NA,137720000,0,0,151975351,906.1995849576949,906.1995849576949,0,Low
NA,137720000,0,0,198498297,693.8094788793074,693.8094788793074,0,Low
NA,137720000,0,0,45049350,3057.09183373345,3057.09183373345,0,Low
NA,137720000,0,0,31332719,4395.405326936357,4395.405326936357,0,Low
NA,137720000,0,0,12503827,11014.227883991038,11014.227883991038,0,Low
NA,137720000,0,0,449113453,306.64857416328607,306.64857416328607,0,Low
NA,137720000,0,0,1134811910,121.35931847948265,121.35931847948265,0,Low
NA,137720000,0,0,566128954,243.2661304936543,243.2661304936543,0,Low
NA,137720000,0,0,72230332,1906.6782082629775,1906.6782082629775,0,Low
NA,137720000,0,0,1039281637,132.51460922329372,132.51460922329372,0,Low
NA,137720000,0,0,1780529299,77.34778645728986,77.34778645728986,0,Low
COL,1921177.46,334907898.06895,228007808.49319,51737944,6510.291084024328,4421.827807405528,-0.3207941472453823,Critical
COL,2608500,334907898.06895,228007808.49319,51737944,6523.575773883671,4427.141683349265,-0.3213627254744585,Critical
COL,12930,334907898.06895,228007808.49319,51737944,6473.408144493527,4407.074631593207,-0.31920334185293175,Critical
COM,19173.59,0,0,834188,22.984734855931755,22.984734855931755,0,Low
COM,5,0,0,834188,0.005993852704666095,0.005993852704666095,0,Low
COG,13000,16115114.24568,12267967.0938858,6035104,2672.383814045292,2034.9221975107305,-0.2385367001492241,High
COG,1000,16115114.24568,12267967.0938858,6035104,2670.3954473162353,2032.9338307816734,-0.23871431370781243,High
CRI,6706,89616610.422019,59029051.2423136,5081765,17636.257564452313,11617.175773046098,-0.34129019546291345,Critical
CRI,114343,89616610.422019,59029051.2423136,5081765,17657.438591123166,11638.356799716948,-0.34088079991580206,Critical
HRV,1641890,179857111.846,120751971.9148,3907027,46454.50411425363,31326.59741404398,-0.32564994479336085,Critical
HRV,0,179857111.846,120751971.9148,3907027,46034.263865082066,30906.35716487242,-0.32862275683492514,Critical
HRV,971470,179857111.846,120751971.9148,3907027,46282.91072623762,31155.004026027975,-0.32685728842100864,Critical
CUB,167054.07,26654186.12556,20799431.46894,11059820,2425.1063937351605,1895.7347894396114,-0.21828799167866958,High
CUB,143812,26654186.12556,20799431.46894,11059820,2423.004906550016,1893.6333022544673,-0.21847731420787425,High
CYP,0,49139279.68893254,40767317.78783888,1331370,36908.80798645947,30620.57714071887,-0.17037209242974002,High
CYP,31100,49139279.68893254,40767317.78783888,1331370,36932.16738317112,30643.936537430527,-0.1702643330000165,High
CZE,639470,1030445038.5600001,682650262.686,10673213,96604.88444857234,63983.17457788953,-0.3376817855214039,Critical
CZE,0,1030445038.5600001,682650262.686,10673213,96544.97090613672,63959.20916091528,-0.3375189969957325,Critical
CZE,5188690,1030445038.5600001,682650262.686,10673213,97031.11223958523,64153.66569429468,-0.33883406864502297,Critical
NA,1199340,0,0,5343,224469.39921392477,224469.39921392477,0,Low
NA,1199340,0,0,12077154,99.30650880165973,99.30650880165973,0,Low
NA,1199340,0,0,7465915,160.64206463641764,160.64206463641764,0,Low
NA,1199340,0,0,704356,1702.7469063939259,1702.7469063939259,0,Low
NA,1199340,0,0,1425179569,0.8415360604990542,0.8415360604990542,0,Low
NA,1199340,0,0,23420111,51.20983414638812,51.20983414638812,0,Low
NA,1199340,0,0,30395002,39.45846096670762,39.45846096670762,0,Low
NA,1199340,0,0,185345,6470.851655021716,6470.851655021716,0,Low
NA,1199340,0,0,102396968,11.712651491790265,11.712651491790265,0,Low
NA,1199340,0,0,89524246,13.396817662111335,13.396817662111335,0,Low
NA,1199340,0,0,112114,10697.50432595394,10697.50432595394,0,Low
NA,1199340,0,0,17904421,66.98569029403409,66.98569029403409,0,Low
NA,1199340,0,0,871540,1376.1158409252587,1376.1158409252587,0,Low
NA,1199340,0,0,10920,109829.67032967033,109829.67032967033,0,Low
NA,1199340,0,0,87058473,13.776258170758405,13.776258170758405,0,Low
NA,1199340,0,0,86507,13864.080363438798,13864.080363438798,0,Low
NA,1199340,0,0,28213017,42.51016472290078,42.51016472290078,0,Low
NA,1199340,0,0,11478,104490.32932566649,104490.32932566649,0,Low
NA,1199340,0,0,8021406686,0.14951741595314497,0.14951741595314497,0,Low
NA,1199340,0,0,475299909,2.5233331151342595,2.5233331151342595,0,Low
NA,1199340,0,0,199713824,6.005292853438127,6.005292853438127,0,Low
NA,1199340,0,0,264719925,4.530599651688478,4.530599651688478,0,Low
NA,1199340,0,0,71212991,16.84159004078343,16.84159004078343,0,Low
NA,1199340,0,0,435937001,2.7511773427096635,2.7511773427096635,0,Low
NA,1199340,0,0,1034848565,1.1589521796360611,1.1589521796360611,0,Low
NA,1199340,0,0,380481775,3.152161493149048,3.152161493149048,0,Low
NA,1199340,0,0,179821109,6.669628536213732,6.669628536213732,0,Low
NA,1199340,0,0,44052902,27.224994167240105,27.224994167240105,0,Low
NA,1199340,0,0,430492778,2.7859700819417696,2.7859700819417696,0,Low
NA,1199340,0,0,4747661033,0.2526170237646787,0.2526170237646787,0,Low
NA,1199340,0,0,79341768,15.116123956300042,15.116123956300042,0,Low
NA,1199340,0,0,1663264901,0.7210757584549066,0.7210757584549066,0,Low
NA,1199340,0,0,2022467287,0.5930083555413275,0.5930083555413275,0,Low
NA,1199340,0,0,684898412,1.751121011505572,1.751121011505572,0,Low
NA,1199340,0,0,297688665,4.028839996309567,4.028839996309567,0,Low
NA,1199340,0,0,746964086,1.6056193630706899,1.6056193630706899,0,Low
NA,1199340,0,0,289050977,4.149233510461374,4.149233510461374,0,Low
NA,1199340,0,0,107439461,11.162937610046276,11.162937610046276,0,Low
NA,1199340,0,0,151975351,7.8916744860816275,7.8916744860816275,0,Low
NA,1199340,0,0,198498297,6.042066950327539,6.042066950327539,0,Low
NA,1199340,0,0,45049350,26.62280365865434,26.62280365865434,0,Low
NA,1199340,0,0,31332719,38.27755899511945,38.27755899511945,0,Low
NA,1199340,0,0,12503827,95.91783379600501,95.91783379600501,0,Low
NA,1199340,0,0,449113453,2.6704610872567205,2.6704610872567205,0,Low
NA,1199340,0,0,1134811910,1.0568623658523288,1.0568623658523288,0,Low
NA,1199340,0,0,566128954,2.118492600539205,2.118492600539205,0,Low
NA,1199340,0,0,72230332,16.604381660602087,16.604381660602087,0,Low
NA,1199340,0,0,1039281637,1.1540086510736647,1.1540086510736647,0,Low
NA,1199340,0,0,1780529299,0.6735862199367268,0.6735862199367268,0,Low
NA,1703514,0,0,5343,318830.99382369453,318830.99382369453,0,Low
NA,1703514,0,0,12077154,141.0526022935536,141.0526022935536,0,Low
NA,1703514,0,0,7465915,228.1721664390768,228.1721664390768,0,Low
NA,1703514,0,0,704356,2418.541192238016,2418.541192238016,0,Low
NA,1703514,0,0,1425179569,1.195297797592831,1.195297797592831,0,Low
NA,1703514,0,0,23420111,72.73722998153168,72.73722998153168,0,Low
NA,1703514,0,0,30395002,56.045859118548506,56.045859118548506,0,Low
NA,1703514,0,0,185345,9191.043729261648,9191.043729261648,0,Low
NA,1703514,0,0,102396968,16.63637149881235,16.63637149881235,0,Low
NA,1703514,0,0,89524246,19.028521055625536,19.028521055625536,0,Low
NA,1703514,0,0,112114,15194.480617942452,15194.480617942452,0,Low
NA,1703514,0,0,17904421,95.14488069734286,95.14488069734286,0,Low
NA,1703514,0,0,871540,1954.6021984074168,1954.6021984074168,0,Low
NA,1703514,0,0,10920,155999.45054945056,155999.45054945056,0,Low
NA,1703514,0,0,87058473,19.567469326047103,19.567469326047103,0,Low
NA,1703514,0,0,86507,19692.209878969334,19692.209878969334,0,Low
NA,1703514,0,0,28213017,60.38042652439475,60.38042652439475,0,Low
NA,1703514,0,0,11478,148415.57762676425,148415.57762676425,0,Low
NA,1703514,0,0,8021406686,0.21237098013908132,0.21237098013908132,0,Low
NA,1703514,0,0,475299909,3.5840823188543887,3.5840823188543887,0,Low
NA,1703514,0,0,199713824,8.529775084573014,8.529775084573014,0,Low
NA,1703514,0,0,264719925,6.435155948310276,6.435155948310276,0,Low
NA,1703514,0,0,71212991,23.921393780525243,23.921393780525243,0,Low
NA,1703514,0,0,435937001,3.907706838585147,3.907706838585147,0,Low
NA,1703514,0,0,1034848565,1.6461481009059524,1.6461481009059524,0,Low
NA,1703514,0,0,380481775,4.477255185218793,4.477255185218793,0,Low
NA,1703514,0,0,179821109,9.473381681791318,9.473381681791318,0,Low
NA,1703514,0,0,44052902,38.6697339485149,38.6697339485149,0,Low
NA,1703514,0,0,430492778,3.9571256175637863,3.9571256175637863,0,Low
NA,1703514,0,0,4747661033,0.3588112100167283,0.3588112100167283,0,Low
NA,1703514,0,0,79341768,21.470582808288317,21.470582808288317,0,Low
NA,1703514,0,0,1663264901,1.0241988506916735,1.0241988506916735,0,Low
NA,1703514,0,0,2022467287,0.8422949587119823,0.8422949587119823,0,Low
NA,1703514,0,0,684898412,2.4872506201693456,2.4872506201693456,0,Low
NA,1703514,0,0,297688665,5.722468472220801,5.722468472220801,0,Low
NA,1703514,0,0,746964086,2.280583540665702,2.280583540665702,0,Low
NA,1703514,0,0,289050977,5.893472555188769,5.893472555188769,0,Low
NA,1703514,0,0,107439461,15.855570980572958,15.855570980572958,0,Low
NA,1703514,0,0,151975351,11.209146672739054,11.209146672739054,0,Low
NA,1703514,0,0,198498297,8.582008136825475,8.582008136825475,0,Low
NA,1703514,0,0,45049350,37.81439687809036,37.81439687809036,0,Low
NA,1703514,0,0,31332719,54.36853405540707,54.36853405540707,0,Low
NA,1703514,0,0,12503827,136.23940894255816,136.23940894255816,0,Low
NA,1703514,0,0,449113453,3.79305938982861,3.79305938982861,0,Low
NA,1703514,0,0,1134811910,1.5011421584392783,1.5011421584392783,0,Low
NA,1703514,0,0,566128954,3.0090564843288337,3.0090564843288337,0,Low
NA,1703514,0,0,72230332,23.584468641235098,23.584468641235098,0,Low
NA,1703514,0,0,1039281637,1.6391264305577258,1.6391264305577258,0,Low
NA,1703514,0,0,1780529299,0.9567458401031345,0.9567458401031345,0,Low
PRK,2300000,0,0,26328845,87.35666148666985,87.35666148666985,0,Low
PRK,2300000,0,0,51782512,44.41653969973492,44.41653969973492,0,Low
PRK,1992213.15,0,0,26328845,75.6665607625401,75.6665607625401,0,Low
PRK,1992213.15,0,0,51782512,38.47270194230825,38.47270194230825,0,Low
PRK,70578.54,0,0,26328845,2.6806546204362554,2.6806546204362554,0,Low
PRK,70578.54,0,0,51782512,1.3629802277649257,1.3629802277649257,0,Low
NA,2283672,0,0,5343,427413.81246490736,427413.81246490736,0,Low
NA,2283672,0,0,12077154,189.0902442744375,189.0902442744375,0,Low
NA,2283672,0,0,7465915,305.8797213737365,305.8797213737365,0,Low
NA,2283672,0,0,704356,3242.2127446916047,3242.2127446916047,0,Low
NA,2283672,0,0,1425179569,1.6023749215001553,1.6023749215001553,0,Low
NA,2283672,0,0,23420111,97.50901692993683,97.50901692993683,0,Low
NA,2283672,0,0,30395002,75.13314195537806,75.13314195537806,0,Low
NA,2283672,0,0,185345,12321.195608190132,12321.195608190132,0,Low
NA,2283672,0,0,102396968,22.302144727566542,22.302144727566542,0,Low
NA,2283672,0,0,89524246,25.5089777578244,25.5089777578244,0,Low
NA,2283672,0,0,112114,20369.19564015199,20369.19564015199,0,Low
NA,2283672,0,0,17904421,127.54793913749012,127.54793913749012,0,Low
NA,2283672,0,0,871540,2620.272161920279,2620.272161920279,0,Low
NA,2283672,0,0,10920,209127.47252747254,209127.47252747254,0,Low
NA,2283672,0,0,87058473,26.231473184695073,26.231473184695073,0,Low
NA,2283672,0,0,86507,26398.69605927844,26398.69605927844,0,Low
NA,2283672,0,0,28213017,80.94391322983996,80.94391322983996,0,Low
NA,2283672,0,0,11478,198960.7945635128,198960.7945635128,0,Low
NA,2283672,0,0,8021406686,0.2846971970621762,0.2846971970621762,0,Low
NA,2283672,0,0,475299909,4.804696901383164,4.804696901383164,0,Low
NA,2283672,0,0,199713824,11.434721714606997,11.434721714606997,0,Low
NA,2283672,0,0,264719925,8.626747684368677,8.626747684368677,0,Low
NA,2283672,0,0,71212991,32.06819384963061,32.06819384963061,0,Low
NA,2283672,0,0,435937001,5.238536749029018,5.238536749029018,0,Low
NA,2283672,0,0,1034848565,2.206769258070141,2.206769258070141,0,Low
NA,2283672,0,0,380481775,6.002053580621569,6.002053580621569,0,Low
NA,2283672,0,0,179821109,12.69968811058773,12.69968811058773,0,Low
NA,2283672,0,0,44052902,51.839309019868885,51.839309019868885,0,Low
NA,2283672,0,0,430492778,5.304785856361103,5.304785856361103,0,Low
NA,2283672,0,0,4747661033,0.4810099086953919,0.4810099086953919,0,Low
NA,2283672,0,0,79341768,28.782721353020516,28.782721353020516,0,Low
NA,2283672,0,0,1663264901,1.373005585957471,1.373005585957471,0,Low
NA,2283672,0,0,2022467287,1.1291515144294149,1.1291515144294149,0,Low
NA,2283672,0,0,684898412,3.334322229381954,3.334322229381954,0,Low
NA,2283672,0,0,297688665,7.671343482292146,7.671343482292146,0,Low
NA,2283672,0,0,746964086,3.057271484401728,3.057271484401728,0,Low
NA,2283672,0,0,289050977,7.9005856465242115,7.9005856465242115,0,Low
NA,2283672,0,0,107439461,21.255430534968898,21.255430534968898,0,Low
NA,2283672,0,0,151975351,15.026594674553508,15.026594674553508,0,Low
NA,2283672,0,0,198498297,11.504743539437015,11.504743539437015,0,Low
NA,2283672,0,0,45049350,50.69267370117438,50.69267370117438,0,Low
NA,2283672,0,0,31332719,72.88457793911853,72.88457793911853,0,Low
NA,2283672,0,0,12503827,182.6378435978041,182.6378435978041,0,Low
NA,2283672,0,0,449113453,5.0848443411023805,5.0848443411023805,0,Low
NA,2283672,0,0,1134811910,2.0123793025753494,2.0123793025753494,0,Low
NA,2283672,0,0,566128954,4.033837138808484,4.033837138808484,0,Low
NA,2283672,0,0,72230332,31.616523651033475,31.616523651033475,0,Low
NA,2283672,0,0,1039281637,2.1973562494494456,2.1973562494494456,0,Low
NA,2283672,0,0,1780529299,1.2825804109388037,1.2825804109388037,0,Low
NA,1692323,0,0,5343,316736.47763428785,316736.47763428785,0,Low
NA,1692323,0,0,12077154,140.12597669947738,140.12597669947738,0,Low
NA,1692323,0,0,7465915,226.67322089790736,226.67322089790736,0,Low
NA,1692323,0,0,704356,2402.6529198303133,2402.6529198303133,0,Low
NA,1692323,0,0,1425179569,1.1874454537595185,1.1874454537595185,0,Low
NA,1692323,0,0,23420111,72.25939279280102,72.25939279280102,0,Low
NA,1692323,0,0,30395002,55.67767358594021,55.67767358594021,0,Low
NA,1692323,0,0,185345,9130.664436591222,9130.664436591222,0,Low
NA,1692323,0,0,102396968,16.52708115341853,16.52708115341853,0,Low
NA,1692323,0,0,89524246,18.90351581402875,18.90351581402875,0,Low
NA,1692323,0,0,112114,15094.6625755927,15094.6625755927,0,Low
NA,1692323,0,0,17904421,94.51983954130658,94.51983954130658,0,Low
NA,1692323,0,0,871540,1941.761709158501,1941.761709158501,0,Low
NA,1692323,0,0,10920,154974.6336996337,154974.6336996337,0,Low
NA,1692323,0,0,87058473,19.43892353820633,19.43892353820633,0,Low
NA,1692323,0,0,86507,19562.84462529044,19562.84462529044,0,Low
NA,1692323,0,0,28213017,59.98376564973537,59.98376564973537,0,Low
NA,1692323,0,0,11478,147440.58198292385,147440.58198292385,0,Low
NA,1692323,0,0,8021406686,0.2109758383094653,0.2109758383094653,0,Low
NA,1692323,0,0,475299909,3.560537184954521,3.560537184954521,0,Low
NA,1692323,0,0,199713824,8.473739904955202,8.473739904955202,0,Low
NA,1692323,0,0,264719925,6.392881079880935,6.392881079880935,0,Low
NA,1692323,0,0,71212991,23.764245487175227,23.764245487175227,0,Low
NA,1692323,0,0,435937001,3.882035698089321,3.882035698089321,0,Low
NA,1692323,0,0,1034848565,1.6353339582589073,1.6353339582589073,0,Low
NA,1692323,0,0,380481775,4.44784247550359,4.44784247550359,0,Low
NA,1692323,0,0,179821109,9.41114760892727,9.41114760892727,0,Low
NA,1692323,0,0,44052902,38.41569847089756,38.41569847089756,0,Low
NA,1692323,0,0,430492778,3.9311298272232573,3.9311298272232573,0,Low
NA,1692323,0,0,4747661033,0.3564540493175516,0.3564540493175516,0,Low
NA,1692323,0,0,79341768,21.32953477920986,21.32953477920986,0,Low
NA,1692323,0,0,1663264901,1.017470517764506,1.017470517764506,0,Low
NA,1692323,0,0,2022467287,0.8367616182856954,0.8367616182856954,0,Low
NA,1692323,0,0,684898412,2.4709109706623176,2.4709109706623176,0,Low
NA,1692323,0,0,297688665,5.684875505756996,5.684875505756996,0,Low
NA,1692323,0,0,746964086,2.265601562000666,2.265601562000666,0,Low
NA,1692323,0,0,289050977,5.854756201014328,5.854756201014328,0,Low
NA,1692323,0,0,107439461,15.751409996369956,15.751409996369956,0,Low
NA,1692323,0,0,151975351,11.135509731443227,11.135509731443227,0,Low
NA,1692323,0,0,198498297,8.525629819383287,8.525629819383287,0,Low
NA,1692323,0,0,45049350,37.56598041925133,37.56598041925133,0,Low
NA,1692323,0,0,31332719,54.01136747819428,54.01136747819428,0,Low
NA,1692323,0,0,12503827,135.34440295759052,135.34440295759052,0,Low
NA,1692323,0,0,449113453,3.76814140991675,3.76814140991675,0,Low
NA,1692323,0,0,1134811910,1.4912806123086952,1.4912806123086952,0,Low
NA,1692323,0,0,566128954,2.989288903248711,2.989288903248711,0,Low
NA,1692323,0,0,72230332,23.429533731064673,23.429533731064673,0,Low
NA,1692323,0,0,1039281637,1.6283584158044737,1.6283584158044737,0,Low
NA,1692323,0,0,1780529299,0.950460630415046,0.950460630415046,0,Low
NA,9000,0,0,5343,1684.4469399213924,1684.4469399213924,0,Low
NA,9000,0,0,12077154,0.7452086807868807,0.7452086807868807,0,Low
NA,9000,0,0,7465915,1.2054784979470032,1.2054784979470032,0,Low
NA,9000,0,0,704356,12.77762949417624,12.77762949417624,0,Low
NA,9000,0,0,1425179569,0.006314993700278059,0.006314993700278059,0,Low
NA,9000,0,0,23420111,0.3842851129100114,0.3842851129100114,0,Low
NA,9000,0,0,30395002,0.29610131297244197,0.29610131297244197,0,Low
NA,9000,0,0,185345,48.55809436456338,48.55809436456338,0,Low
NA,9000,0,0,102396968,0.08789322746353193,0.08789322746353193,0,Low
NA,9000,0,0,89524246,0.1005314247494472,0.1005314247494472,0,Low
NA,9000,0,0,112114,80.27543393331787,80.27543393331787,0,Low
NA,9000,0,0,17904421,0.502669145235135,0.502669145235135,0,Low
NA,9000,0,0,871540,10.32654840856415,10.32654840856415,0,Low
NA,9000,0,0,10920,824.1758241758242,824.1758241758242,0,Low
NA,9000,0,0,87058473,0.10337879461772778,0.10337879461772778,0,Low
NA,9000,0,0,86507,104.03782352873178,104.03782352873178,0,Low
NA,9000,0,0,28213017,0.3190016863492479,0.3190016863492479,0,Low
NA,9000,0,0,11478,784.1087297438578,784.1087297438578,0,Low
NA,9000,0,0,8021406686,0.0011219977183937037,0.0011219977183937037,0,Low
NA,9000,0,0,475299909,0.01893541284056926,0.01893541284056926,0,Low
NA,9000,0,0,199713824,0.045064481865812155,0.045064481865812155,0,Low
NA,9000,0,0,264719925,0.03399819639568121,0.03399819639568121,0,Low
NA,9000,0,0,71212991,0.12638143509517807,0.12638143509517807,0,Low
NA,9000,0,0,435937001,0.020645184922029595,0.020645184922029595,0,Low
NA,9000,0,0,1034848565,0.008696924655831165,0.008696924655831165,0,Low
NA,9000,0,0,380481775,0.023654221020178955,0.023654221020178955,0,Low
NA,9000,0,0,179821109,0.05004974137936164,0.05004974137936164,0,Low
NA,9000,0,0,44052902,0.20429982115593656,0.20429982115593656,0,Low
NA,9000,0,0,430492778,0.020906274065299185,0.020906274065299185,0,Low
NA,9000,0,0,4747661033,0.0018956702968983843,0.0018956702968983843,0,Low
NA,9000,0,0,79341768,0.11343331799714874,0.11343331799714874,0,Low
NA,9000,0,0,1663264901,0.005411044262756315,0.005411044262756315,0,Low
NA,9000,0,0,2022467287,0.004450010172154641,0.004450010172154641,0,Low
NA,9000,0,0,684898412,0.013140634935506318,0.013140634935506318,0,Low
NA,9000,0,0,297688665,0.030232928082767275,0.030232928082767275,0,Low
NA,9000,0,0,746964086,0.012048772047656385,0.012048772047656385,0,Low
NA,9000,0,0,289050977,0.031136376335444804,0.031136376335444804,0,Low
NA,9000,0,0,107439461,0.08376810453284013,0.08376810453284013,0,Low
NA,9000,0,0,151975351,0.05922012971695653,0.05922012971695653,0,Low
NA,9000,0,0,198498297,0.04534043936910955,0.04534043936910955,0,Low
NA,9000,0,0,45049350,0.19978090693872386,0.19978090693872386,0,Low
NA,9000,0,0,31332719,0.2872396742842522,0.2872396742842522,0,Low
NA,9000,0,0,12503827,0.7197796322677849,0.7197796322677849,0,Low
NA,9000,0,0,449113453,0.020039479868352996,0.020039479868352996,0,Low
NA,9000,0,0,1134811910,0.007930829700227592,0.007930829700227592,0,Low
NA,9000,0,0,566128954,0.015897438094996285,0.015897438094996285,0,Low
NA,9000,0,0,72230332,0.12460139322078707,0.12460139322078707,0,Low
NA,9000,0,0,1039281637,0.00865982778833607,0.00865982778833607,0,Low
NA,9000,0,0,1780529299,0.005054676721722398,0.005054676721722398,0,Low
DNK,60690,503818836.714577,271161869.641468,5902904,85361.29449412985,45941.141113165315,-0.4618036033143264,Critical
DNK,0,503818836.714577,271161869.641468,5902904,85351.01311398204,45937.02856110619,-0.4617869561810641,Critical
DNK,4165400,503818836.714577,271161869.641468,5902904,86056.66578934318,46219.28963125065,-0.4629202838930554,Critical
DJI,17.19,19470690.164847,16835884.1158542,1137096,17123.18692075867,14806.050945438383,-0.1353215371673128,Medium
DMA,192.66,1071810.565629,705623.2535736,66826,16041.708700640469,10561.995534277079,-0.3415916139996116,Critical
DOM,62824.95,125474536.779229,78606700.8755098,11230734,11178.019328854998,7004.842766778182,-0.3733377478874237,Critical
DOM,1029316,125474536.779229,78606700.8755098,11230734,11264.077021077073,7090.900459000258,-0.37048544272806966,Critical
NA,36487391.99,0,0,5343,6829008.420363092,6829008.420363092,0,Low
NA,36487391.99,0,0,12077154,3021.191250024633,3021.191250024633,0,Low
NA,36487391.99,0,0,7465915,4887.196276678746,4887.196276678746,0,Low
NA,36487391.99,0,0,704356,51802.48622855488,51802.48622855488,0,Low
NA,36487391.99,0,0,1425179569,25.601961172936235,25.601961172936235,0,Low
NA,36487391.99,0,0,23420111,1557.951283407666,1557.951283407666,0,Low
NA,36487391.99,0,0,30395002,1200.4405194643514,1200.4405194643514,0,Low
NA,36487391.99,0,0,185345,196862.02481858156,196862.02481858156,0,Low
NA,36487391.99,0,0,102396968,356.33273819201366,356.33273819201366,0,Low
NA,36487391.99,0,0,89524246,407.5699446829186,407.5699446829186,0,Low
NA,36487391.99,0,0,112114,325449.02501025744,325449.02501025744,0,Low
NA,36487391.99,0,0,17904421,2037.8984603858455,2037.8984603858455,0,Low
NA,36487391.99,0,0,871540,41865.42440966565,41865.42440966565,0,Low
NA,36487391.99,0,0,10920,3341336.262820513,3341336.262820513,0,Low
NA,36487391.99,0,0,87058473,419.11362251897066,419.11362251897066,0,Low
NA,36487391.99,0,0,86507,421785.4276532535,421785.4276532535,0,Low
NA,36487391.99,0,0,28213017,1293.2821750328935,1293.2821750328935,0,Low
NA,36487391.99,0,0,11478,3178898.064993901,3178898.064993901,0,Low
NA,36487391.99,0,0,8021406686,4.548752284768522,4.548752284768522,0,Low
NA,36487391.99,0,0,475299909,76.76709231181444,76.76709231181444,0,Low
NA,36487391.99,0,0,199713824,182.69837940712605,182.69837940712605,0,Low
NA,36487391.99,0,0,264719925,137.83394653802506,137.83394653802506,0,Low
NA,36487391.99,0,0,71212991,512.3698847307228,512.3698847307228,0,Low
NA,36487391.99,0,0,435937001,83.69877277290348,83.69877277290348,0,Low
NA,36487391.99,0,0,1034848565,35.258677669423065,35.258677669423065,0,Low
NA,36487391.99,0,0,380481775,95.89787050904081,95.89787050904081,0,Low
NA,36487391.99,0,0,179821109,202.90939252298796,202.90939252298796,0,Low
NA,36487391.99,0,0,44052902,828.2630731115058,828.2630731115058,0,Low
NA,36487391.99,0,0,430492778,84.75726854121581,84.75726854121581,0,Low
NA,36487391.99,0,0,4747661033,7.68534057852567,7.68534057852567,0,Low
NA,36487391.99,0,0,79341768,459.87621538758754,459.87621538758754,0,Low
NA,36487391.99,0,0,1663264901,21.937210343381135,21.937210343381135,0,Low
NA,36487391.99,0,0,2022467287,18.04102950121042,18.04102950121042,0,Low
NA,36487391.99,0,0,684898412,53.27416643214527,53.27416643214527,0,Low
NA,36487391.99,0,0,297688665,122.56896644015653,122.56896644015653,0,Low
NA,36487391.99,0,0,746964086,48.847585411221495,48.847585411221495,0,Low
NA,36487391.99,0,0,289050977,126.23168538883714,126.23168538883714,0,Low
NA,36487391.99,0,0,107439461,339.6088518165593,339.6088518165593,0,Low
NA,36487391.99,0,0,151975351,240.08756518680454,240.08756518680454,0,Low
NA,36487391.99,0,0,198498297,183.81715380661427,183.81715380661427,0,Low
NA,36487391.99,0,0,45049350,809.9426959545476,809.9426959545476,0,Low
NA,36487391.99,0,0,31332719,1164.5140656321591,1164.5140656321591,0,Low
NA,36487391.99,0,0,12503827,2918.0979543303024,2918.0979543303024,0,Low
NA,36487391.99,0,0,449113453,81.24315080358993,81.24315080358993,0,Low
NA,36487391.99,0,0,1134811910,32.15281023090426,32.15281023090426,0,Low
NA,36487391.99,0,0,566128954,64.45067282320981,64.45067282320981,0,Low
NA,36487391.99,0,0,72230332,505.15331966077633,505.15331966077633,0,Low
NA,36487391.99,0,0,1039281637,35.10828123099032,35.10828123099032,0,Low
NA,36487391.99,0,0,1780529299,20.492441214245922,20.492441214245922,0,Low
NA,10838964.66,0,0,5343,2028628.983717013,2028628.983717013,0,Low
NA,10838964.66,0,0,12077154,897.4767283749135,897.4767283749135,0,Low
NA,10838964.66,0,0,7465915,1451.7932041819388,1451.7932041819388,0,Low
NA,10838964.66,0,0,704356,15388.474947327772,15388.474947327772,0,Low
NA,10838964.66,0,0,1425179569,7.605332616159613,7.605332616159613,0,Low
NA,10838964.66,0,0,23420111,462.80586202174703,462.80586202174703,0,Low
NA,10838964.66,0,0,30395002,356.603518565322,356.603518565322,0,Low
NA,10838964.66,0,0,185345,58479.940974938625,58479.940974938625,0,Low
NA,10838964.66,0,0,102396968,105.85239848117378,105.85239848117378,0,Low
NA,10838964.66,0,0,89524246,121.0729511198564,121.0729511198564,0,Low
NA,10838964.66,0,0,112114,96678.06571882192,96678.06571882192,0,Low
NA,10838964.66,0,0,17904421,605.3792334306705,605.3792334306705,0,Low
NA,10838964.66,0,0,871540,12436.565917800675,12436.565917800675,0,Low
NA,10838964.66,0,0,10920,992579.1813186813,992579.1813186813,0,Low
NA,10838964.66,0,0,87058473,124.5021223838833,124.5021223838833,0,Low
NA,10838964.66,0,0,86507,125295.81028124892,125295.81028124892,0,Low
NA,10838964.66,0,0,28213017,384.18311164665585,384.18311164665585,0,Low
NA,10838964.66,0,0,11478,944325.201254574,944325.201254574,0,Low
NA,10838964.66,0,0,8021406686,1.351254846474443,1.351254846474443,0,Low
NA,10838964.66,0,0,475299909,22.804474511271156,22.804474511271156,0,Low
NA,10838964.66,0,0,199713824,54.27248070719431,54.27248070719431,0,Low
NA,10838964.66,0,0,264719925,40.945027692947555,40.945027692947555,0,Low
NA,10838964.66,0,0,71212991,152.20487874185764,152.20487874185764,0,Low
NA,10838964.66,0,0,435937001,24.863603307671514,24.863603307671514,0,Low
NA,10838964.66,0,0,1034848565,10.473962110581851,10.473962110581851,0,Low
NA,10838964.66,0,0,380481775,28.487473966394315,28.487473966394315,0,Low
NA,10838964.66,0,0,179821109,60.27637533922672,60.27637533922672,0,Low
NA,10838964.66,0,0,44052902,246.0442823948352,246.0442823948352,0,Low
NA,10838964.66,0,0,430492778,25.17804064067249,25.17804064067249,0,Low
NA,10838964.66,0,0,4747661033,2.283011483899255,2.283011483899255,0,Low
NA,10838964.66,0,0,79341768,136.61108055973747,136.61108055973747,0,Low
NA,10838964.66,0,0,1663264901,6.5166797264123835,6.5166797264123835,0,Low
NA,10838964.66,0,0,2022467287,5.35927811029163,5.35927811029163,0,Low
NA,10838964.66,0,0,684898412,15.825653075101597,15.825653075101597,0,Low
NA,10838964.66,0,0,297688665,36.41040433971512,36.41040433971512,0,Low
NA,10838964.66,0,0,746964086,14.510690491215932,14.510690491215932,0,Low
NA,10838964.66,0,0,289050977,37.49845363781628,37.49845363781628,0,Low
NA,10838964.66,0,0,107439461,100.88439162962666,100.88439162962666,0,Low
NA,10838964.66,0,0,151975351,71.3205436847453,71.3205436847453,0,Low
NA,10838964.66,0,0,198498297,54.604824443405676,54.604824443405676,0,Low
NA,10838964.66,0,0,45049350,240.60202111684185,240.60202111684185,0,Low
NA,10838964.66,0,0,31332719,345.93118650188,345.93118650188,0,Low
NA,10838964.66,0,0,12503827,866.8517774598129,866.8517774598129,0,Low
NA,10838964.66,0,0,449113453,24.134134899762177,24.134134899762177,0,Low
NA,10838964.66,0,0,1134811910,9.551331427249472,9.551331427249472,0,Low
NA,10838964.66,0,0,566128954,19.14575218846694,19.14575218846694,0,Low
NA,10838964.66,0,0,72230332,150.06112196743052,150.06112196743052,0,Low
NA,10838964.66,0,0,1039281637,10.42928526216229,10.42928526216229,0,Low
NA,10838964.66,0,0,1780529299,6.087495817163748,6.087495817163748,0,Low
NA,6811696.25,0,0,5343,1274882.3226651694,1274882.3226651694,0,Low
NA,6811696.25,0,0,12077154,564.0150195981603,564.0150195981603,0,Low
NA,6811696.25,0,0,7465915,912.3725959912482,912.3725959912482,0,Low
NA,6811696.25,0,0,704356,9670.814545485522,9670.814545485522,0,Low
NA,6811696.25,0,0,1425179569,4.779535434106409,4.779535434106409,0,Low
NA,6811696.25,0,0,23420111,290.848162504439,290.848162504439,0,Low
NA,6811696.25,0,0,30395002,224.10580035493993,224.10580035493993,0,Low
NA,6811696.25,0,0,185345,36751.44325447139,36751.44325447139,0,Low
NA,6811696.25,0,0,102396968,66.52244087930416,66.52244087930416,0,Low
NA,6811696.25,0,0,89524246,76.08772544144075,76.08772544144075,0,Low
NA,6811696.25,0,0,112114,60756.87469896712,60756.87469896712,0,Low
NA,6811696.25,0,0,17904421,380.4477257320971,380.4477257320971,0,Low
NA,6811696.25,0,0,871540,7815.701230006654,7815.701230006654,0,Low
NA,6811696.25,0,0,10920,623781.7078754578,623781.7078754578,0,Low
NA,6811696.25,0,0,87058473,78.24277195856628,78.24277195856628,0,Low
NA,6811696.25,0,0,86507,78741.561376536,78741.561376536,0,Low
NA,6811696.25,0,0,28213017,241.43806562764982,241.43806562764982,0,Low
NA,6811696.25,0,0,11478,593456.7215542777,593456.7215542777,0,Low
NA,6811696.25,0,0,8021406686,0.8491897389878831,0.8491897389878831,0,Low
NA,6811696.25,0,0,475299909,14.331364515367497,14.331364515367497,0,Low
NA,6811696.25,0,0,199713824,34.10728468150507,34.10728468150507,0,Low
NA,6811696.25,0,0,264719925,25.731709655025025,25.731709655025025,0,Low
NA,6811696.25,0,0,71212991,95.6524386119381,95.6524386119381,0,Low
NA,6811696.25,0,0,435937001,15.625414301549503,15.625414301549503,0,Low
NA,6811696.25,0,0,1034848565,6.582312118295299,6.582312118295299,0,Low
NA,6811696.25,0,0,380481775,17.90281873553602,17.90281873553602,0,Low
NA,6811696.25,0,0,179821109,37.88040396302972,37.88040396302972,0,Low
NA,6811696.25,0,0,44052902,154.62536951595152,154.62536951595152,0,Low
NA,6811696.25,0,0,430492778,15.823020961341191,15.823020961341191,0,Low
NA,6811696.25,0,0,4747661033,1.434747805846568,1.434747805846568,0,Low
NA,6811696.25,0,0,79341768,85.85258964735951,85.85258964735951,0,Low
NA,6811696.25,0,0,1663264901,4.095376657022356,4.095376657022356,0,Low
NA,6811696.25,0,0,2022467287,3.3680130669030692,3.3680130669030692,0,Low
NA,6811696.25,0,0,684898412,9.945557079200821,9.945557079200821,0,Low
NA,6811696.25,0,0,297688665,22.881946983100615,22.881946983100615,0,Low
NA,6811696.25,0,0,746964086,9.119175041569536,9.119175041569536,0,Low
NA,6811696.25,0,0,289050977,23.56572643585979,23.56572643585979,0,Low
NA,6811696.25,0,0,107439461,63.400320390661676,63.400320390661676,0,Low
NA,6811696.25,0,0,151975351,44.82105950194516,44.82105950194516,0,Low
NA,6811696.25,0,0,198498297,34.31614453599065,34.31614453599065,0,Low
NA,6811696.25,0,0,45049350,151.20520606845605,151.20520606845605,0,Low
NA,6811696.25,0,0,31332719,217.3988235748069,217.3988235748069,0,Low
NA,6811696.25,0,0,12503827,544.7689135494277,544.7689135494277,0,Low
NA,6811696.25,0,0,449113453,15.1669833190234,15.1669833190234,0,Low
NA,6811696.25,0,0,1134811910,6.002489214269878,6.002489214269878,0,Low
NA,6811696.25,0,0,566128954,12.032057717365927,12.032057717365927,0,Low
NA,6811696.25,0,0,72230332,94.30520477186786,94.30520477186786,0,Low
NA,6811696.25,0,0,1039281637,6.554235163494956,6.554235163494956,0,Low
NA,6811696.25,0,0,1780529299,3.8256580522576393,3.8256580522576393,0,Low
NA,279821514.79,0,0,5343,52371610.47913157,52371610.47913157,0,Low
NA,279821514.79,0,0,12077154,23169.491321382506,23169.491321382506,0,Low
NA,279821514.79,0,0,7465915,37479.86881581159,37479.86881581159,0,Low
NA,279821514.79,0,0,704356,397272.8489428641,397272.8489428641,0,Low
NA,279821514.79,0,0,1425179569,196.34123367790153,196.34123367790153,0,Low
NA,279821514.79,0,0,23420111,11947.915822858396,11947.915822858396,0,Low
NA,279821514.79,0,0,30395002,9206.168658584065,9206.168658584065,0,Low
NA,279821514.79,0,0,185345,1509733.280045321,1509733.280045321,0,Low
NA,279821514.79,0,0,102396968,2732.712894291948,2732.712894291948,0,Low
NA,279821514.79,0,0,89524246,3125.650617487468,3125.650617487468,0,Low
NA,279821514.79,0,0,112114,2495865.9470717306,2495865.9470717306,0,Low
NA,279821514.79,0,0,17904421,15628.626850876663,15628.626850876663,0,Low
NA,279821514.79,0,0,871540,321065.6020262983,321065.6020262983,0,Low
NA,279821514.79,0,0,10920,25624680.84157509,25624680.84157509,0,Low
NA,279821514.79,0,0,87058473,3214.178989677432,3214.178989677432,0,Low
NA,279821514.79,0,0,86507,3234669.041696048,3234669.041696048,0,Low
NA,279821514.79,0,0,28213017,9918.170566090113,9918.170566090113,0,Low
NA,279821514.79,0,0,11478,24378943.61299878,24378943.61299878,0,Low
NA,279821514.79,0,0,8021406686,34.88434457242778,34.88434457242778,0,Low
NA,279821514.79,0,0,475299909,588.7262115802341,588.7262115802341,0,Low
NA,279821514.79,0,0,199713824,1401.1123976575602,1401.1123976575602,0,Low
NA,279821514.79,0,0,264719925,1057.0474239519372,1057.0474239519372,0,Low
NA,279821514.79,0,0,71212991,3929.3605121851992,3929.3605121851992,0,Low
NA,279821514.79,0,0,435937001,641.8852131113321,641.8852131113321,0,Low
NA,279821514.79,0,0,1034848565,270.39851457879735,270.39851457879735,0,Low
NA,279821514.79,0,0,380481775,735.43999522710385,735.43999522710385,0,Low
NA,279821514.79,0,0,179821109,1556.1104941800797,1556.1104941800797,0,Low
NA,279821514.79,0,0,44052902,6351.94282524225,6351.94282524225,0,Low
NA,279821514.79,0,0,430492778,650.0028086185455,650.0028086185455,0,Low
NA,279821514.79,0,0,4747661033,58.93881489116833,58.93881489116833,0,Low
NA,279821514.79,0,0,79341768,3526.7869855131034,3526.7869855131034,0,Low
NA,279821514.79,0,0,1663264901,168.23628913335676,168.23628913335676,0,Low
NA,279821514.79,0,0,2022467287,138.3565096892467,138.3565096892467,0,Low
NA,279821514.79,0,0,684898412,408.55915255064133,408.55915255064133,0,Low
NA,279821514.79,0,0,297688665,939.9804147396744,939.9804147396744,0,Low
NA,279821514.79,0,0,746964086,374.61173841495776,374.61173841495776,0,Low
NA,279821514.79,0,0,289050977,968.069776806186,968.069776806186,0,Low
NA,279821514.79,0,0,107439461,2604.457544607377,2604.457544607377,0,Low
NA,279821514.79,0,0,151975351,1841.2296003843412,1841.2296003843412,0,Low
NA,279821514.79,0,0,198498297,1409.6922695009318,1409.6922695009318,0,Low
NA,279821514.79,0,0,45049350,6211.44400063486,6211.44400063486,0,Low
NA,279821514.79,0,0,31332719,8930.64897400063,8930.64897400063,0,Low
NA,279821514.79,0,0,12503827,22378.869668462303,22378.869668462303,0,Low
NA,279821514.79,0,0,449113453,623.0530680406939,623.0530680406939,0,Low
NA,279821514.79,0,0,1134811910,246.5796422510229,246.5796422510229,0,Low
NA,279821514.79,0,0,566128954,494.27168989134583,494.27168989134583,0,Low
NA,279821514.79,0,0,72230332,3874.016732887231,3874.016732887231,0,Low
NA,279821514.79,0,0,1039281637,269.2451255058594,269.2451255058594,0,Low
NA,279821514.79,0,0,1780529299,157.156366338457,157.156366338457,0,Low
NA,227512236.21,0,0,5343,42581365.56428973,42581365.56428973,0,Low
NA,227512236.21,0,0,12077154,18838.232600991923,18838.232600991923,0,Low
NA,227512236.21,0,0,7465915,30473.45653011051,30473.45653011051,0,Low
NA,227512236.21,0,0,704356,323007.4510758764,323007.4510758764,0,Low
NA,227512236.21,0,0,1425179569,159.63759315581376,159.63759315581376,0,Low
NA,227512236.21,0,0,23420111,9714.396153374337,9714.396153374337,0,Low
NA,227512236.21,0,0,30395002,7485.185762119706,7485.185762119706,0,Low
NA,227512236.21,0,0,185345,1227506.7372197793,1227506.7372197793,0,Low
NA,227512236.21,0,0,102396968,2221.8649697713704,2221.8649697713704,0,Low
NA,227512236.21,0,0,89524246,2541.347694902675,2541.347694902675,0,Low
NA,227512236.21,0,0,112114,2029293.7207663627,2029293.7207663627,0,Low
NA,227512236.21,0,0,17904421,12707.042367357202,12707.042367357202,0,Low
NA,227512236.21,0,0,871540,261046.23564036074,261046.23564036074,0,Low
NA,227512236.21,0,0,10920,20834453.865384616,20834453.865384616,0,Low
NA,227512236.21,0,0,87058473,2613.3267489081736,2613.3267489081736,0,Low
NA,227512236.21,0,0,86507,2629986.4312714576,2629986.4312714576,0,Low
NA,227512236.21,0,0,28213017,8064.087446230937,8064.087446230937,0,Low
NA,227512236.21,0,0,11478,19821592.281756405,19821592.281756405,0,Low
NA,227512236.21,0,0,8021406686,28.363134437141042,28.363134437141042,0,Low
NA,227512236.21,0,0,475299909,478.67090210194004,478.67090210194004,0,Low
NA,227512236.21,0,0,199713824,1139.1912269928796,1139.1912269928796,0,Low
NA,227512236.21,0,0,264719925,859.4450765653548,859.4450765653548,0,Low
NA,227512236.21,0,0,71212991,3194.81365710366,3194.81365710366,0,Low
NA,227512236.21,0,0,435937001,521.8924653977697,521.8924653977697,0,Low
NA,227512236.21,0,0,1034848565,219.850752955337,219.850752955337,0,Low
NA,227512236.21,0,0,380481775,597.9583022340557,597.9583022340557,0,Low
NA,227512236.21,0,0,179821109,1265.2142869945262,1265.2142869945262,0,Low
NA,227512236.21,0,0,44052902,5164.523240943355,5164.523240943355,0,Low
NA,227512236.21,0,0,430492778,528.4925737128161,528.4925737128161,0,Low
NA,227512236.21,0,0,4747661033,47.92090981824734,47.92090981824734,0,Low
NA,227512236.21,0,0,79341768,2867.496426472372,2867.496426472372,0,Low
NA,227512236.21,0,0,1663264901,136.78653116122,136.78653116122,0,Low
NA,227512236.21,0,0,2022467287,112.49241838046105,112.49241838046105,0,Low
NA,227512236.21,0,0,684898412,332.1839154884768,332.1839154884768,0,Low
NA,227512236.21,0,0,297688665,764.262341698499,764.262341698499,0,Low
NA,227512236.21,0,0,746964086,304.5825635718717,304.5825635718717,0,Low
NA,227512236.21,0,0,289050977,787.1007341725747,787.1007341725747,0,Low
NA,227512236.21,0,0,107439461,2117.5854205932774,2117.5854205932774,0,Low
NA,227512236.21,0,0,151975351,1497.0337933945618,1497.0337933945618,0,Low
NA,227512236.21,0,0,198498297,1146.1671946233373,1146.1671946233373,0,Low
NA,227512236.21,0,0,45049350,5050.288987743442,5050.288987743442,0,Low
NA,227512236.21,0,0,31332719,7261.171180515806,7261.171180515806,0,Low
NA,227512236.21,0,0,12503827,18195.408190628357,18195.408190628357,0,Low
NA,227512236.21,0,0,449113453,506.5807641482519,506.5807641482519,0,Low
NA,227512236.21,0,0,1134811910,200.4845333443848,200.4845333443848,0,Low
NA,227512236.21,0,0,566128954,401.8735212225164,401.8735212225164,0,Low
NA,227512236.21,0,0,72230332,3149.8157340603116,3149.8157340603116,0,Low
NA,227512236.21,0,0,1039281637,218.91297614642642,218.91297614642642,0,Low
NA,227512236.21,0,0,1780529299,127.77786714196608,127.77786714196608,0,Low
NA,139226543.99,0,0,5343,26057747.331087403,26057747.331087403,0,Low
NA,139226543.99,0,0,12077154,11528.092130811614,11528.092130811614,0,Low
NA,139226543.99,0,0,7465915,18648.289458157506,18648.289458157506,0,Low
NA,139226543.99,0,0,704356,197665.0216509833,197665.0216509833,0,Low
NA,139226543.99,0,0,1425179569,97.690527578704,97.690527578704,0,Low
NA,139226543.99,0,0,23420111,5944.743130807536,5944.743130807536,0,Low
NA,139226543.99,0,0,30395002,4580.573608450494,4580.573608450494,0,Low
NA,139226543.99,0,0,185345,751175.0734576061,751175.0734576061,0,Low
NA,139226543.99,0,0,102396968,1359.6744777638337,1359.6744777638337,0,Low
NA,139226543.99,0,0,89524246,1555.182536695143,1555.182536695143,0,Low
NA,139226543.99,0,0,112114,1241830.1370926022,1241830.1370926022,0,Low
NA,139226543.99,0,0,17904421,7776.098651277246,7776.098651277246,0,Low
NA,139226543.99,0,0,871540,159747.73847442458,159747.73847442458,0,Low
NA,139226543.99,0,0,10920,12749683.515567765,12749683.515567765,0,Low
NA,139226543.99,0,0,87058473,1599.2302551642504,1599.2302551642504,0,Low
NA,139226543.99,0,0,86507,1609425.179349648,1609425.179349648,0,Low
NA,139226543.99,0,0,28213017,4934.833590820861,4934.833590820861,0,Low
NA,139226543.99,0,0,11478,12129860.950514026,12129860.950514026,0,Low
NA,139226543.99,0,0,8021406686,17.35687385518007,17.35687385518007,0,Low
NA,139226543.99,0,0,475299909,292.9235654240363,292.9235654240363,0,Low
NA,139226543.99,0,0,199713824,697.1302296530059,697.1302296530059,0,Low
NA,139226543.99,0,0,264719925,525.9390428959966,525.9390428959966,0,Low
NA,139226543.99,0,0,71212991,1955.0722703109043,1955.0722703109043,0,Low
NA,139226543.99,0,0,435937001,319.37308296984867,319.37308296984867,0,Low
NA,139226543.99,0,0,1034848565,134.53808479697705,134.53808479697705,0,Low
NA,139226543.99,0,0,380481775,365.9217159350142,365.9217159350142,0,Low
NA,139226543.99,0,0,179821109,774.2502799824241,774.2502799824241,0,Low
NA,139226543.99,0,0,44052902,3160.439781924015,3160.439781924015,0,Low
NA,139226543.99,0,0,430492778,323.4120317577081,323.4120317577081,0,Low
NA,139226543.99,0,0,4747661033,29.325291553517697,29.325291553517697,0,Low
NA,139226543.99,0,0,79341768,1754.769870895743,1754.769870895743,0,Low
NA,139226543.99,0,0,1663264901,83.70677689783102,83.70677689783102,0,Low
NA,139226543.99,0,0,2022467287,68.83994855438173,68.83994855438173,0,Low
NA,139226543.99,0,0,684898412,203.2805764338668,203.2805764338668,0,Low
NA,139226543.99,0,0,297688665,467.69178796243386,467.69178796243386,0,Low
NA,139226543.99,0,0,746964086,186.38987683539045,186.38987683539045,0,Low
NA,139226543.99,0,0,289050977,481.66778550622234,481.66778550622234,0,Low
NA,139226543.99,0,0,107439461,1295.8604100778205,1295.8604100778205,0,Low
NA,139226543.99,0,0,151975351,916.1126661257061,916.1126661257061,0,Low
NA,139226543.99,0,0,198498297,701.3991862610287,701.3991862610287,0,Low
NA,139226543.99,0,0,45049350,3090.533914251815,3090.533914251815,0,Low
NA,139226543.99,0,0,31332719,4443.487460823301,4443.487460823301,0,Low
NA,139226543.99,0,0,12503827,11134.714515004087,11134.714515004087,0,Low
NA,139226543.99,0,0,449113453,310.0030583808853,310.0030583808853,0,Low
NA,139226543.99,0,0,1134811910,122.68689001510391,122.68689001510391,0,Low
NA,139226543.99,0,0,566128954,245.92726269570025,245.92726269570025,0,Low
NA,139226543.99,0,0,72230332,1927.5357060521333,1927.5357060521333,0,Low
NA,139226543.99,0,0,1039281637,133.96421050206624,133.96421050206624,0,Low
NA,139226543.99,0,0,1780529299,78.19390788356806,78.19390788356806,0,Low
NA,66801821.06,0,0,5343,12502680.340632603,12502680.340632603,0,Low
NA,66801821.06,0,0,12077154,5531.255216253763,5531.255216253763,0,Low
NA,66801821.06,0,0,7465915,8947.573212392586,8947.573212392586,0,Low
NA,66801821.06,0,0,704356,94840.99100454884,94840.99100454884,0,Low
NA,66801821.06,0,0,1425179569,46.872564351222465,46.872564351222465,0,Low
NA,66801821.06,0,0,23420111,2852.327260959609,2852.327260959609,0,Low
NA,66801821.06,0,0,30395002,2197.7896583129027,2197.7896583129027,0,Low
NA,66801821.06,0,0,185345,360418.7923062397,360418.7923062397,0,Low
NA,66801821.06,0,0,102396968,652.3808503783042,652.3808503783042,0,Low
NA,66801821.06,0,0,89524246,746.1869163354919,746.1869163354919,0,Low
NA,66801821.06,0,0,112114,595838.3525697058,595838.3525697058,0,Low
NA,66801821.06,0,0,17904421,3731.0238102645153,3731.0238102645153,0,Low
NA,66801821.06,0,0,871540,76648.02655070335,76648.02655070335,0,Low
NA,66801821.06,0,0,10920,6117382.880952381,6117382.880952381,0,Low
NA,66801821.06,0,0,87058473,767.3213043835492,767.3213043835492,0,Low
NA,66801821.06,0,0,86507,772212.8967597998,772212.8967597998,0,Low
NA,66801821.06,0,0,28213017,2367.7659521489672,2367.7659521489672,0,Low
NA,66801821.06,0,0,11478,5819987.895103676,5819987.895103676,0,Low
NA,66801821.06,0,0,8021406686,8.327943423762719,8.327943423762719,0,Low
NA,66801821.06,0,0,475299909,140.54667336365932,140.54667336365932,0,Low
NA,66801821.06,0,0,199713824,334.48771708462203,334.48771708462203,0,Low
NA,66801821.06,0,0,264719925,252.34904799855923,252.34904799855923,0,Low
NA,66801821.06,0,0,71212991,938.0566680593432,938.0566680593432,0,Low
NA,66801821.06,0,0,435937001,153.23732765689232,153.23732765689232,0,Low
NA,66801821.06,0,0,1034848565,64.55226718123728,64.55226718123728,0,Low
NA,66801821.06,0,0,380481775,175.57167110040947,175.57167110040947,0,Low
NA,66801821.06,0,0,179821109,371.4904297470438,371.4904297470438,0,Low
NA,66801821.06,0,0,44052902,1516.4000106054307,1516.4000106054307,0,Low
NA,66801821.06,0,0,430492778,155.1752421268261,155.1752421268261,0,Low
NA,66801821.06,0,0,4747661033,14.07046977357366,14.07046977357366,0,Low
NA,66801821.06,0,0,79341768,841.9502456764009,841.9502456764009,0,Low
NA,66801821.06,0,0,1663264901,40.16306784315411,40.16306784315411,0,Low
NA,66801821.06,0,0,2022467287,33.02986480393935,33.02986480393935,0,Low
NA,66801821.06,0,0,684898412,97.53537150849752,97.53537150849752,0,Low
NA,66801821.06,0,0,297688665,224.40162798942984,224.40162798942984,0,Low
NA,66801821.06,0,0,746964086,89.43110159114129,89.43110159114129,0,Low
NA,66801821.06,0,0,289050977,231.10740449080026,231.10740449080026,0,Low
NA,66801821.06,0,0,107439461,621.7624366153512,621.7624366153512,0,Low
NA,66801821.06,0,0,151975351,439.55694538912434,439.55694538912434,0,Low
NA,66801821.06,0,0,198498297,336.53599083522613,336.53599083522613,0,Low
NA,66801821.06,0,0,45049350,1482.858710725016,1482.858710725016,0,Low
NA,66801821.06,0,0,31332719,2132.0148136521443,2132.0148136521443,0,Low
NA,66801821.06,0,0,12503827,5342.5100219316855,5342.5100219316855,0,Low
NA,66801821.06,0,0,449113453,148.74152758902102,148.74152758902102,0,Low
NA,66801821.06,0,0,1134811910,58.86598516577077,58.86598516577077,0,Low
NA,66801821.06,0,0,566128954,117.99753499270768,117.99753499270768,0,Low
NA,66801821.06,0,0,72230332,924.8444415290795,924.8444415290795,0,Low
NA,66801821.06,0,0,1039281637,64.27691848076019,64.27691848076019,0,Low
NA,66801821.06,0,0,1780529299,37.51795665340523,37.51795665340523,0,Low
NA,1014554.51,0,0,5343,189884.8044169942,189884.8044169942,0,Low
NA,1014554.51,0,0,12077154,84.00609199816446,84.00609199816446,0,Low
NA,1014554.51,0,0,7465915,135.89151631112864,135.89151631112864,0,Low
NA,1014554.51,0,0,704356,1440.4001811583914,1440.4001811583914,0,Low
NA,1014554.51,0,0,1425179569,0.7118783710265215,0.7118783710265215,0,Low
NA,1014554.51,0,0,23420111,43.31979938096792,43.31979938096792,0,Low
NA,1014554.51,0,0,30395002,33.378991388123616,33.378991388123616,0,Low
NA,1014554.51,0,0,185345,5473.870403841484,5473.870403841484,0,Low
NA,1014554.51,0,0,102396968,9.908052257953575,9.908052257953575,0,Low
NA,1014554.51,0,0,89524246,11.332734486253031,11.332734486253031,0,Low
NA,1014554.51,0,0,112114,9049.311504361633,9049.311504361633,0,Low
NA,1014554.51,0,0,17904421,56.66502759290569,56.66502759290569,0,Low
NA,1014554.51,0,0,871540,1164.0940289602313,1164.0940289602313,0,Low
NA,1014554.51,0,0,10920,92907.92216117216,92907.92216117216,0,Low
NA,1014554.51,0,0,87058473,11.653713590864383,11.653713590864383,0,Low
NA,1014554.51,0,0,86507,11728.004785739882,11728.004785739882,0,Low
NA,1014554.51,0,0,28213017,35.96051106480388,35.96051106480388,0,Low
NA,1014554.51,0,0,11478,88391.22756577801,88391.22756577801,0,Low
NA,1014554.51,0,0,8021406686,0.12648087171178246,0.12648087171178246,0,Low
NA,1014554.51,0,0,475299909,2.134556499567939,2.134556499567939,0,Low
NA,1014554.51,0,0,199713824,5.080041479752548,5.080041479752548,0,Low
NA,1014554.51,0,0,264719925,3.8325581650115685,3.8325581650115685,0,Low
NA,1014554.51,0,0,71212991,14.246761661787243,14.246761661787243,0,Low
NA,1014554.51,0,0,435937001,2.327296163603236,2.327296163603236,0,Low
NA,1014554.51,0,0,1034848565,0.9803893480781896,0.9803893480781896,0,Low
NA,1014554.51,0,0,380481775,2.6664996240621512,2.6664996240621512,0,Low
NA,1014554.51,0,0,179821109,5.642021204529441,5.642021204529441,0,Low
NA,1014554.51,0,0,44052902,23.03036721621654,23.03036721621654,0,Low
NA,1014554.51,0,0,430492778,2.3567282933605913,2.3567282933605913,0,Low
NA,1014554.51,0,0,4747661033,0.21369564991014386,0.21369564991014386,0,Low
NA,1014554.51,0,0,79341768,12.787142706474603,12.787142706474603,0,Low
NA,1014554.51,0,0,1663264901,0.609977706732116,0.609977706732116,0,Low
NA,1014554.51,0,0,2022467287,0.5016419877450409,0.5016419877450409,0,Low
NA,1014554.51,0,0,684898412,1.4813211597868328,1.4813211597868328,0,Low
NA,1014554.51,0,0,297688665,3.4081059485419103,3.4081059485419103,0,Low
NA,1014554.51,0,0,746964086,1.3582373356568578,1.3582373356568578,0,Low
NA,1014554.51,0,0,289050977,3.509950115131422,3.509950115131422,0,Low
NA,1014554.51,0,0,107439461,9.4430342497716,9.4430342497716,0,Low
NA,1014554.51,0,0,151975351,6.675783298569253,6.675783298569253,0,Low
NA,1014554.51,0,0,198498297,5.111149694145738,5.111149694145738,0,Low
NA,1014554.51,0,0,45049350,22.520957794063623,22.520957794063623,0,Low
NA,1014554.51,0,0,31332719,32.38003411066879,32.38003411066879,0,Low
NA,1014554.51,0,0,12503827,81.13951912482474,81.13951912482474,0,Low
NA,1014554.51,0,0,449113453,2.259016075387971,2.259016075387971,0,Low
NA,1014554.51,0,0,1134811910,0.8940287822675389,0.8940287822675389,0,Low
NA,1014554.51,0,0,566128954,1.7920908351915878,1.7920908351915878,0,Low
NA,1014554.51,0,0,72230332,14.046100604936996,14.046100604936996,0,Low
NA,1014554.51,0,0,1039281637,0.9762074820532983,0.9762074820532983,0,Low
NA,1014554.51,0,0,1780529299,0.5698050071794971,0.5698050071794971,0,Low
NA,168636871,0,0,5343,31562206.812652066,31562206.812652066,0,Low
NA,168636871,0,0,12077154,13963.295574437487,13963.295574437487,0,Low
NA,168636871,0,0,7465915,22587.56910572917,22587.56910572917,0,Low
NA,168636871,0,0,704356,239419.93963279933,239419.93963279933,0,Low
NA,168636871,0,0,1425179569,118.32675311106709,118.32675311106709,0,Low
NA,168636871,0,0,23420111,7200.5154458917805,7200.5154458917805,0,Low
NA,168636871,0,0,30395002,5548.17765762937,5548.17765762937,0,Low
NA,168636871,0,0,185345,909853.8994847446,909853.8994847446,0,Low
NA,168636871,0,0,102396968,1646.8932068379213,1646.8932068379213,0,Low
NA,168636871,0,0,89524246,1883.7005452131928,1883.7005452131928,0,Low
NA,168636871,0,0,112114,1504155.332964661,1504155.332964661,0,Low
NA,168636871,0,0,17904421,9418.727977855302,9418.727977855302,0,Low
NA,168636871,0,0,871540,193492.97909447644,193492.97909447644,0,Low
NA,168636871,0,0,10920,15442936.904761905,15442936.904761905,0,Low
NA,168636871,0,0,87058473,1937.052939120584,1937.052939120584,0,Low
NA,168636871,0,0,86507,1949401.447281723,1949401.447281723,0,Low
NA,168636871,0,0,28213017,5977.271803295621,5977.271803295621,0,Low
NA,168636871,0,0,11478,14692182.523087647,14692182.523087647,0,Low
NA,168636871,0,0,8021406686,21.02335383322815,21.02335383322815,0,Low
NA,168636871,0,0,475299909,354.8009747252024,354.8009747252024,0,Low
NA,168636871,0,0,199713824,844.3925794540893,844.3925794540893,0,Low
NA,168636871,0,0,264719925,637.0388288679063,637.0388288679063,0,Low
NA,168636871,0,0,71212991,2368.0633074378243,2368.0633074378243,0,Low
NA,168636871,0,0,435937001,386.8377096074944,386.8377096074944,0,Low
NA,168636871,0,0,1034848565,162.9580179202355,162.9580179202355,0,Low
NA,168636871,0,0,380481775,443.21931319837853,443.21931319837853,0,Low
NA,168636871,0,0,179821109,937.8035311749745,937.8035311749745,0,Low
NA,168636871,0,0,44052902,3828.0536206218603,3828.0536206218603,0,Low
NA,168636871,0,0,430492778,391.72984918227826,391.72984918227826,0,Low
NA,168636871,0,0,4747661033,35.519989701842725,35.519989701842725,0,Low
NA,168636871,0,0,79341768,2125.448868243017,2125.448868243017,0,Low
NA,168636871,0,0,1663264901,101.3890637015252,101.3890637015252,0,Low
NA,168636871,0,0,2022467287,83.38175459448111,83.38175459448111,0,Low
NA,168636871,0,0,684898412,246.2217287196747,246.2217287196747,0,Low
NA,168636871,0,0,297688665,566.4873770051003,566.4873770051003,0,Low
NA,168636871,0,0,746964086,225.76302416767064,225.76302416767064,0,Low
NA,168636871,0,0,289050977,583.4156754986509,583.4156754986509,0,Low
NA,168636871,0,0,107439461,1569.5990042243418,1569.5990042243418,0,Low
NA,168636871,0,0,151975351,1109.6330417424074,1109.6330417424074,0,Low
NA,168636871,0,0,198498297,849.563313885761,849.563313885761,0,Low
NA,168636871,0,0,45049350,3743.380781298731,3743.380781298731,0,Low
NA,168636871,0,0,31332719,5382.1333220394945,5382.1333220394945,0,Low
NA,168636871,0,0,12503827,13486.820555018876,13486.820555018876,0,Low
NA,168636871,0,0,449113453,375.4883534962824,375.4883534962824,0,Low
NA,168636871,0,0,1134811910,148.60336723113878,148.60336723113878,0,Low
NA,168636871,0,0,566128954,297.87713525070825,297.87713525070825,0,Low
NA,168636871,0,0,72230332,2334.7098972215717,2334.7098972215717,0,Low
NA,168636871,0,0,1039281637,162.262917958205,162.262917958205,0,Low
NA,168636871,0,0,1780529299,94.71165180753367,94.71165180753367,0,Low
ECU,1641131.23,138877686.0191,91633414.87292,17823897,7883.731444874261,5233.1174323392925,-0.33621312839852113,Critical
ECU,1252800,138877686.0191,91633414.87292,17823897,7861.9443334473945,5211.330320912425,-0.33714484612392287,Critical
ECU,7431,138877686.0191,91633414.87292,17823897,7792.073586326268,5141.459573791299,-0.34016799035193085,Critical
EGY,6857490,387294562.852931,299102567.1251924,112618250,3499.8950245890965,2716.78930479911,-0.22375120233268325,High
EGY,4300578,387294562.852931,299102567.1251924,112618250,3477.1907826034503,2694.085062813464,-0.22521218096743534,High
EGY,9622993,387294562.852931,299102567.1251924,112618250,3524.4514619338433,2741.3457421438566,-0.2221922271445616,High
SLV,779043,73541086.33644,55192141.32846,6280319,11833.814386887036,8912.156266020882,-0.24689064956972978,High
SLV,14504,73541086.33644,55192141.32846,6280319,11712.078691614232,8790.420570748078,-0.24945683834570212,High
ERI,20000,0,0,3409447,5.866053937779353,5.866053937779353,0,Low
ERI,25000,0,0,3409447,7.332567422224191,7.332567422224191,0,Low
EST,0,104450994.61511,64103515.531412005,1350091,77365.89208809628,47480.885015463406,-0.3862814253935432,Critical
EST,0,104450994.61511,64103515.531412005,1350091,77365.89208809628,47480.885015463406,-0.3862814253935432,Critical
EST,854120,104450994.61511,64103515.531412005,1350091,77998.53092503395,47733.94055023847,-0.38801487689407155,Critical
SWZ,127315,9199537.348119998,8687565.073041998,1218917,7651.7534402424435,7231.731178613472,-0.0548922890562536,Medium
SWZ,1000,9199537.348119998,8687565.073041998,1218917,7548.124563132682,7128.10230150371,-0.055645910201387976,Medium
SWZ,707.52,9199537.348119998,8687565.073041998,1218917,7547.884612422336,7127.862350793366,-0.05564767921037055,Medium
ETH,10200000,67818237.153364,54569504.0978698,125384287,622.232968899556,516.5679500005435,-0.16981584740822284,High
ETH,208000,67818237.153364,54569504.0978698,125384287,542.5419626413317,436.87694374231916,-0.1947591636683529,High
ETH,5800000,67818237.153364,54569504.0978698,125384287,587.1408524527798,481.47583355376736,-0.1799653668410178,High
NA,102694368.36,0,0,5343,19220357.170129143,19220357.170129143,0,Low
NA,102694368.36,0,0,12077154,8503.192752199731,8503.192752199731,0,Low
NA,102694368.36,0,0,7465915,13755.094768692115,13755.094768692115,0,Low
NA,102694368.36,0,0,704356,145798.9544491706,145798.9544491706,0,Low
NA,102694368.36,0,0,1425179569,72.05714324971494,72.05714324971494,0,Low
NA,102694368.36,0,0,23420111,4384.879660049433,4384.879660049433,0,Low
NA,102694368.36,0,0,30395002,3378.659700696845,3378.659700696845,0,Low
NA,102694368.36,0,0,185345,554071.4255037903,554071.4255037903,0,Low
NA,102694368.36,0,0,102396968,1002.9043863876907,1002.9043863876907,0,Low
NA,102694368.36,0,0,89524246,1147.112351663928,1147.112351663928,0,Low
NA,102694368.36,0,0,112114,915981.6647341099,915981.6647341099,0,Low
NA,102694368.36,0,0,17904421,5735.698929331476,5735.698929331476,0,Low
NA,102694368.36,0,0,871540,117830.92957293986,117830.92957293986,0,Low
NA,102694368.36,0,0,10920,9404246.186813187,9404246.186813187,0,Low
NA,102694368.36,0,0,87058473,1179.6022238984137,1179.6022238984137,0,Low
NA,102694368.36,0,0,86507,1187122.0636480285,1187122.0636480285,0,Low
NA,102694368.36,0,0,28213017,3639.964076156761,3639.964076156761,0,Low
NA,102694368.36,0,0,11478,8947061.19184527,8947061.19184527,0,Low
NA,102694368.36,0,0,8021406686,12.802538554644729,12.802538554644729,0,Low
NA,102694368.36,0,0,475299909,216.0622512553437,216.0622512553437,0,Low
NA,102694368.36,0,0,199713824,514.2076111866949,514.2076111866949,0,Low
NA,102694368.36,0,0,264719925,387.9359226926345,387.9359226926345,0,Low
NA,102694368.36,0,0,71212991,1442.0735166144054,1442.0735166144054,0,Low
NA,102694368.36,0,0,435937001,235.57158058258057,235.57158058258057,0,Low
NA,102694368.36,0,0,1034848565,99.23613157834355,99.23613157834355,0,Low
NA,102694368.36,0,0,380481775,269.9061429683459,269.9061429683459,0,Low
NA,102694368.36,0,0,179821109,571.0918419483221,571.0918419483221,0,Low
NA,102694368.36,0,0,44052902,2331.16012107443,2331.16012107443,0,Low
NA,102694368.36,0,0,430492778,238.55073443299437,238.55073443299437,0,Low
NA,102694368.36,0,0,4747661033,21.630518195421473,21.630518195421473,0,Low
NA,102694368.36,0,0,79341768,1294.3292158551344,1294.3292158551344,0,Low
NA,102694368.36,0,0,1663264901,61.74264141464018,61.74264141464018,0,Low
NA,102694368.36,0,0,2022467287,50.77677598055508,50.77677598055508,0,Low
NA,102694368.36,0,0,684898412,149.94102272790786,149.94102272790786,0,Low
NA,102694368.36,0,0,297688665,344.9723836814546,344.9723836814546,0,Low
NA,102694368.36,0,0,746964086,137.48233721641068,137.48233721641068,0,Low
NA,102694368.36,0,0,289050977,355.28116675419506,355.28116675419506,0,Low
NA,102694368.36,0,0,107439461,955.83473152383,955.83473152383,0,Low
NA,102694368.36,0,0,151975351,675.7304239422352,675.7304239422352,0,Low
NA,102694368.36,0,0,198498297,517.3564202417314,517.3564202417314,0,Low
NA,102694368.36,0,0,45049350,2279.5971164955763,2279.5971164955763,0,Low
NA,102694368.36,0,0,31332719,3277.5441020614903,3277.5441020614903,0,Low
NA,102694368.36,0,0,12503827,8213.034966014804,8213.034966014804,0,Low
NA,102694368.36,0,0,449113453,228.66019192704968,228.66019192704968,0,Low
NA,102694368.36,0,0,1134811910,90.49461629284451,90.49461629284451,0,Low
NA,102694368.36,0,0,566128954,181.39748485642724,181.39748485642724,0,Low
NA,102694368.36,0,0,72230332,1421.762374842746,1421.762374842746,0,Low
NA,102694368.36,0,0,1039281637,98.81283831439427,98.81283831439427,0,Low
NA,102694368.36,0,0,1780529299,57.67631480014191,57.67631480014191,0,Low
NA,3055715.51,0,0,5343,571910.071121093,571910.071121093,0,Low
NA,3055715.51,0,0,12077154,253.01619156301228,253.01619156301228,0,Low
NA,3055715.51,0,0,7465915,409.2888159053512,409.2888159053512,0,Low
NA,3055715.51,0,0,704356,4338.311180709755,4338.311180709755,0,Low
NA,3055715.51,0,0,1425179569,2.144091577276884,2.144091577276884,0,Low
NA,3055715.51,0,0,23420111,130.47399775346923,130.47399775346923,0,Low
NA,3055715.51,0,0,30395002,100.53348606458391,100.53348606458391,0,Low
NA,3055715.51,0,0,185345,16486.635787315547,16486.635787315547,0,Low
NA,3055715.51,0,0,102396968,29.841855376030274,29.841855376030274,0,Low
NA,3055715.51,0,0,89524246,34.132825983253746,34.132825983253746,0,Low
NA,3055715.51,0,0,112114,27255.432060224415,27255.432060224415,0,Low
NA,3055715.51,0,0,17904421,170.6682114992716,170.6682114992716,0,Low
NA,3055715.51,0,0,871540,3506.1104596461437,3506.1104596461437,0,Low
NA,3055715.51,0,0,10920,279827.42765567766,279827.42765567766,0,Low
NA,3055715.51,0,0,87058473,35.09957623538837,35.09957623538837,0,Low
NA,3055715.51,0,0,86507,35323.332331487625,35323.332331487625,0,Low
NA,3055715.51,0,0,28213017,108.30871118817247,108.30871118817247,0,Low
NA,3055715.51,0,0,11478,266223.6896671894,266223.6896671894,0,Low
NA,3055715.51,0,0,8021406686,0.38094509225336143,0.38094509225336143,0,Low
NA,3055715.51,0,0,475299909,6.429026078353404,6.429026078353404,0,Low
NA,3055715.51,0,0,199713824,15.300470687497326,15.300470687497326,0,Low
NA,3055715.51,0,0,264719925,11.543201782034352,11.543201782034352,0,Low
NA,3055715.51,0,0,71212991,42.90952348848822,42.90952348848822,0,Low
NA,3055715.51,0,0,435937001,7.009534641451553,7.009534641451553,0,Low
NA,3055715.51,0,0,1034848565,2.952814173347189,2.952814173347189,0,Low
NA,3055715.51,0,0,380481775,8.031174449814317,8.031174449814317,0,Low
NA,3055715.51,0,0,179821109,16.993085667156016,16.993085667156016,0,Low
NA,3055715.51,0,0,44052902,69.36468135515794,69.36468135515794,0,Low
NA,3055715.51,0,0,430492778,7.098180657516164,7.098180657516164,0,Low
NA,3055715.51,0,0,4747661033,0.6436254586754109,0.6436254586754109,0,Low
NA,3055715.51,0,0,79341768,38.51332768384995,38.51332768384995,0,Low
NA,3055715.51,0,0,1663264901,1.8371790976667763,1.8371790976667763,0,Low
NA,3055715.51,0,0,2022467287,1.5108850114123007,1.5108850114123007,0,Low
NA,3055715.51,0,0,684898412,4.461560220408279,4.461560220408279,0,Low
NA,3055715.51,0,0,297688665,10.264803028358504,10.264803028358504,0,Low
NA,3055715.51,0,0,746964086,4.090846624719786,4.090846624719786,0,Low
NA,3055715.51,0,0,289050977,10.571545343712849,10.571545343712849,0,Low
NA,3055715.51,0,0,107439461,28.4412773627001,28.4412773627001,0,Low
NA,3055715.51,0,0,151975351,20.106652097812887,20.106652097812887,0,Low
NA,3055715.51,0,0,198498297,15.394164867822518,15.394164867822518,0,Low
NA,3055715.51,0,0,45049350,67.83040177050279,67.83040177050279,0,Low
NA,3055715.51,0,0,31332719,97.52474753308195,97.52474753308195,0,Low
NA,3055715.51,0,0,12503827,244.3824206780852,244.3824206780852,0,Low
NA,3055715.51,0,0,449113453,6.8038832717843345,6.8038832717843345,0,Low
NA,3055715.51,0,0,1134811910,2.6927065913504555,2.6927065913504555,0,Low
NA,3055715.51,0,0,566128954,5.397560906238334,5.397560906238334,0,Low
NA,3055715.51,0,0,72230332,42.30515664804088,42.30515664804088,0,Low
NA,3055715.51,0,0,1039281637,2.940218898527503,2.940218898527503,0,Low
NA,3055715.51,0,0,1780529299,1.7161837840670096,1.7161837840670096,0,Low
NA,283253013.9,0,0,5343,53013852.498596296,53013852.498596296,0,Low
NA,283253013.9,0,0,12077154,23453.622757480778,23453.622757480778,0,Low
NA,283253013.9,0,0,7465915,37939.49085945929,37939.49085945929,0,Low
NA,283253013.9,0,0,704356,402144.67385810585,402144.67385810585,0,Low
NA,283253013.9,0,0,1425179569,198.7489998181415,198.7489998181415,0,Low
NA,283253013.9,0,0,23420111,12094.435158740282,12094.435158740282,0,Low
NA,283253013.9,0,0,30395002,9319.06547991015,9319.06547991015,0,Low
NA,283253013.9,0,0,185345,1528247.3975559094,1528247.3975559094,0,Low
NA,283253013.9,0,0,102396968,2766.224620049297,2766.224620049297,0,Low
NA,283253013.9,0,0,89524246,3163.9810057713303,3163.9810057713303,0,Low
NA,283253013.9,0,0,112114,2526473.178193624,2526473.178193624,0,Low
NA,283253013.9,0,0,17904421,15820.283375820978,15820.283375820978,0,Low
NA,283253013.9,0,0,871540,325002.88443444937,325002.88443444937,0,Low
NA,283253013.9,0,0,10920,25938920.686813187,25938920.686813187,0,Low
NA,283253013.9,0,0,87058473,3253.5950165356103,3253.5950165356103,0,Low
NA,283253013.9,0,0,86507,3274336.3415677343,3274336.3415677343,0,Low
NA,283253013.9,0,0,28213017,10039.798788622997,10039.798788622997,0,Low
NA,283253013.9,0,0,11478,24677906.769472033,24677906.769472033,0,Low
NA,283253013.9,0,0,8021406686,35.31213725821556,35.31213725821556,0,Low
NA,283253013.9,0,0,475299909,595.9458618368892,595.9458618368892,0,Low
NA,283253013.9,0,0,199713824,1418.2944787036874,1418.2944787036874,0,Low
NA,283253013.9,0,0,264719925,1070.0101773600911,1070.0101773600911,0,Low
NA,283253013.9,0,0,71212991,3977.546932412936,3977.546932412936,0,Low
NA,283253013.9,0,0,435937001,649.7567612986354,649.7567612986354,0,Low
NA,283253013.9,0,0,1034848565,273.7144578250442,273.7144578250442,0,Low
NA,283253013.9,0,0,380481775,744.4588217136024,744.4588217136024,0,Low
NA,283253013.9,0,0,179821109,1575.193343402192,1575.193343402192,0,Low
NA,283253013.9,0,0,44052902,6429.837786850001,6429.837786850001,0,Low
NA,283253013.9,0,0,430492778,657.9739042683777,657.9739042683777,0,Low
NA,283253013.9,0,0,4747661033,59.66159166190835,59.66159166190835,0,Low
NA,283253013.9,0,0,79341768,3570.0365777077213,3570.0365777077213,0,Low
NA,283253013.9,0,0,1663264901,170.29939953022551,170.29939953022551,0,Low
NA,283253013.9,0,0,2022467287,140.05319923871778,140.05319923871778,0,Low
NA,283253013.9,0,0,684898412,413.56938333797746,413.56938333797746,0,Low
NA,283253013.9,0,0,297688665,951.5075553850867,951.5075553850867,0,Low
NA,283253013.9,0,0,746964086,379.2056662547495,379.2056662547495,0,Low
NA,283253013.9,0,0,289050977,979.9413821043753,979.9413821043753,0,Low
NA,283253013.9,0,0,107439461,2636.39645306858,2636.39645306858,0,Low
NA,283253013.9,0,0,151975351,1863.8089139863214,1863.8089139863214,0,Low
NA,283253013.9,0,0,198498297,1426.9795669833882,1426.9795669833882,0,Low
NA,283253013.9,0,0,45049350,6287.616001118773,6287.616001118773,0,Low
NA,283253013.9,0,0,31332719,9040.167050296528,9040.167050296528,0,Low
NA,283253013.9,0,0,12503827,22653.305575964863,22653.305575964863,0,Low
NA,283253013.9,0,0,449113453,630.6936744110402,630.6936744110402,0,Low
NA,283253013.9,0,0,1134811910,249.60349059078874,249.60349059078874,0,Low
NA,283253013.9,0,0,566128954,500.33302818848586,500.33302818848586,0,Low
NA,283253013.9,0,0,72230332,3921.524462880774,3921.524462880774,0,Low
NA,283253013.9,0,0,1039281637,272.54692454457364,272.54692454457364,0,Low
NA,283253013.9,0,0,1780529299,159.083601746449,159.083601746449,0,Low
NA,52970670,0,0,5343,9914031.443009546,9914031.443009546,0,Low
NA,52970670,0,0,12077154,4386.0225678996885,4386.0225678996885,0,Low
NA,52970670,0,0,7465915,7095.00041187182,7095.00041187182,0,Low
NA,52970670,0,0,704356,75204.3994798085,75204.3994798085,0,Low
NA,52970670,0,0,1425179569,37.167716372167554,37.167716372167554,0,Low
NA,52970670,0,0,23420111,2261.7599890965503,2261.7599890965503,0,Low
NA,52970670,0,0,30395002,1742.7427706699937,1742.7427706699937,0,Low
NA,52970670,0,0,185345,285794.97693490516,285794.97693490516,0,Low
NA,52970670,0,0,102396968,517.3070163561874,517.3070163561874,0,Low
NA,52970670,0,0,89524246,591.690769448089,591.690769448089,0,Low
NA,52970670,0,0,112114,472471.5022209537,472471.5022209537,0,Low
NA,52970670,0,0,17904421,2958.5246012702673,2958.5246012702673,0,Low
NA,52970670,0,0,871540,60778.24310989742,60778.24310989742,0,Low
NA,52970670,0,0,10920,4850793.956043956,4850793.956043956,0,Low
NA,52970670,0,0,87058473,608.4493349659372,608.4493349659372,0,Low
NA,52970670,0,0,86507,612328.1352954096,612328.1352954096,0,Low
NA,52970670,0,0,28213017,1877.525895227724,1877.525895227724,0,Low
NA,52970670,0,0,11478,4614973.863042342,4614973.863042342,0,Low
NA,52970670,0,0,8021406686,6.603663431309534,6.603663431309534,0,Low
NA,52970670,0,0,475299909,111.44683387683965,111.44683387683965,0,Low
NA,52970670,0,0,199713824,265.23286640388,265.23286640388,0,Low
NA,52970670,0,0,264719925,200.1008046523132,200.1008046523132,0,Low
NA,52970670,0,0,71212991,743.8343658392329,743.8343658392329,0,Low
NA,52970670,0,0,435937001,121.50991973264505,121.50991973264505,0,Low
NA,52970670,0,0,1034848565,51.18688066209958,51.18688066209958,0,Low
NA,52970670,0,0,380481775,139.21999286299587,139.21999286299587,0,Low
NA,52970670,0,0,179821109,294.57425935461225,294.57425935461225,0,Low
NA,52970670,0,0,44052902,1202.4331563900148,1202.4331563900148,0,Low
NA,52970670,0,0,430492778,123.04659382694685,123.04659382694685,0,Low
NA,52970670,0,0,4747661033,11.157213969534038,11.157213969534038,0,Low
NA,52970670,0,0,79341768,667.6265394035586,667.6265394035586,0,Low
NA,52970670,0,0,1663264901,31.84740444420645,31.84740444420645,0,Low
NA,52970670,0,0,2022467287,26.19111336953852,26.19111336953852,0,Low
NA,52970670,0,0,684898412,77.34091519546405,77.34091519546405,0,Low
NA,52970670,0,0,297688665,177.93982851177756,177.93982851177756,0,Low
NA,52970670,0,0,746964086,70.91461422684785,70.91461422684785,0,Low
NA,52970670,0,0,289050977,183.257190651184,183.257190651184,0,Low
NA,52970670,0,0,107439461,493.02806908161983,493.02806908161983,0,Low
NA,52970670,0,0,151975351,348.5477720660109,348.5477720660109,0,Low
NA,52970670,0,0,198498297,266.85705016401226,266.85705016401226,0,Low
NA,52970670,0,0,45049350,1175.8364993057614,1175.8364993057614,0,Low
NA,52970670,0,0,31332719,1690.5864441576232,1690.5864441576232,0,Low
NA,52970670,0,0,12503827,4236.356597064243,4236.356597064243,0,Low
NA,52970670,0,0,449113453,117.94496389757445,117.94496389757445,0,Low
NA,52970670,0,0,1134811910,46.677929208550516,46.677929208550516,0,Low
NA,52970670,0,0,566128954,93.56643857505298,93.56643857505298,0,Low
NA,52970670,0,0,72230332,733.357697982061,733.357697982061,0,Low
NA,52970670,0,0,1039281637,50.968542225864425,50.968542225864425,0,Low
NA,52970670,0,0,1780529299,29.749956953671,29.749956953671,0,Low
NA,2113550,0,0,5343,395573.6477634288,395573.6477634288,0,Low
NA,2113550,0,0,12077154,175.00397858634577,175.00397858634577,0,Low
NA,2113550,0,0,7465915,283.09323103732095,283.09323103732095,0,Low
NA,2113550,0,0,704356,3000.6843130462435,3000.6843130462435,0,Low
NA,2113550,0,0,1425179569,1.4830061039136324,1.4830061039136324,0,Low
NA,2113550,0,0,23420111,90.24508893232829,90.24508893232829,0,Low
NA,2113550,0,0,30395002,69.53610333698941,69.53610333698941,0,Low
NA,2113550,0,0,185345,11403.328927135883,11403.328927135883,0,Low
NA,2113550,0,0,102396968,20.64074787839421,20.64074787839421,0,Low
NA,2113550,0,0,89524246,23.60868808657713,23.60868808657713,0,Low
NA,2113550,0,0,112114,18851.793709973776,18851.793709973776,0,Low
NA,2113550,0,0,17904421,118.04626354574661,118.04626354574661,0,Low
NA,2113550,0,0,871540,2425.075154324529,2425.075154324529,0,Low
NA,2113550,0,0,10920,193548.5347985348,193548.5347985348,0,Low
NA,2113550,0,0,87058473,24.27736126269984,24.27736126269984,0,Low
NA,2113550,0,0,86507,24432.12687990567,24432.12687990567,0,Low
NA,2113550,0,0,28213017,74.91400157593922,74.91400157593922,0,Low
NA,2113550,0,0,11478,184139.22286112563,184139.22286112563,0,Low
NA,2113550,0,0,8021406686,0.26348869752344584,0.26348869752344584,0,Low
NA,2113550,0,0,475299909,4.446771312131684,4.446771312131684,0,Low
NA,2113550,0,0,199713824,10.582892849720809,10.582892849720809,0,Low
NA,2113550,0,0,264719925,7.984098665788002,7.984098665788002,0,Low
NA,2113550,0,0,71212991,29.679275793934845,29.679275793934845,0,Low
NA,2113550,0,0,435937001,4.848292287995072,4.848292287995072,0,Low
NA,2113550,0,0,1034848565,2.042376122925773,2.042376122925773,0,Low
NA,2113550,0,0,380481775,5.554930981911026,5.554930981911026,0,Low
NA,2113550,0,0,179821109,11.753625654705534,11.753625654705534,0,Low
NA,2113550,0,0,44052902,47.97754300045886,47.97754300045886,0,Low
NA,2113550,0,0,430492778,4.909606172301455,4.909606172301455,0,Low
NA,2113550,0,0,4747661033,0.4451771062232867,0.4451771062232867,0,Low
NA,2113550,0,0,79341768,26.638554361430412,26.638554361430412,0,Low
NA,2113550,0,0,1663264901,1.27072362239429,1.27072362239429,0,Low
NA,2113550,0,0,2022467287,1.0450354443730492,1.0450354443730492,0,Low
NA,2113550,0,0,684898412,3.0859321075488197,3.0859321075488197,0,Low
NA,2113550,0,0,297688665,7.099867238814753,7.099867238814753,0,Low
NA,2113550,0,0,746964086,2.829520240147128,2.829520240147128,0,Low
NA,2113550,0,0,289050977,7.312032022642152,7.312032022642152,0,Low
NA,2113550,0,0,107439461,19.67200859282047,19.67200859282047,0,Low
NA,2113550,0,0,151975351,13.907189462585942,13.907189462585942,0,Low
NA,2113550,0,0,198498297,10.64769840317572,10.64769840317572,0,Low
NA,2113550,0,0,45049350,46.916326206704426,46.916326206704426,0,Low
NA,2113550,0,0,31332719,67.45504595372013,67.45504595372013,0,Low
NA,2113550,0,0,12503827,169.03224908661963,169.03224908661963,0,Low
NA,2113550,0,0,449113453,4.706049186195275,4.706049186195275,0,Low
NA,2113550,0,0,1134811910,1.8624672347684472,1.8624672347684472,0,Low
NA,2113550,0,0,566128954,3.7333366984088223,3.7333366984088223,0,Low
NA,2113550,0,0,72230332,29.26125273797717,29.26125273797717,0,Low
NA,2113550,0,0,1039281637,2.0336643357819666,2.0336643357819666,0,Low
NA,2113550,0,0,1780529299,1.1870346650218195,1.1870346650218195,0,Low
NA,134304190,0,0,5343,25136475.762680143,25136475.762680143,0,Low
NA,134304190,0,0,12077154,11120.516472672287,11120.516472672287,0,Low
NA,134304190,0,0,7465915,17988.979247687657,17988.979247687657,0,Low
NA,134304190,0,0,704356,190676.57548171663,190676.57548171663,0,Low
NA,134304190,0,0,1425179569,94.23667930788307,94.23667930788307,0,Low
NA,134304190,0,0,23420111,5734.566757604181,5734.566757604181,0,Low
NA,134304190,0,0,30395002,4418.6274440778125,4418.6274440778125,0,Low
NA,134304190,0,0,185345,724617.28128625,724617.28128625,0,Low
NA,134304190,0,0,102396968,1311.60319121949,1311.60319121949,0,Low
NA,134304190,0,0,89524246,1500.199063391162,1500.199063391162,0,Low
NA,134304190,0,0,112114,1197925.23681253,1197925.23681253,0,Low
NA,134304190,0,0,17904421,7501.174709866351,7501.174709866351,0,Low
NA,134304190,0,0,871540,154099.85772311082,154099.85772311082,0,Low
NA,134304190,0,0,10920,12298918.498168498,12298918.498168498,0,Low
NA,134304190,0,0,87058473,1542.6894749233657,1542.6894749233657,0,Low
NA,134304190,0,0,86507,1552523.957598807,1552523.957598807,0,Low
NA,134304190,0,0,28213017,4760.362565974422,4760.362565974422,0,Low
NA,134304190,0,0,11478,11701009.757797526,11701009.757797526,0,Low
NA,134304190,0,0,8021406686,16.743221638968276,16.743221638968276,0,Low
NA,134304190,0,0,475299909,282.56725376313926,282.56725376313926,0,Low
NA,134304190,0,0,199713824,672.4831927508433,672.4831927508433,0,Low
NA,134304190,0,0,264719925,507.34446982032046,507.34446982032046,0,Low
NA,134304190,0,0,71212991,1885.9506968328292,1885.9506968328292,0,Low
NA,134304190,0,0,435937001,308.0816487059331,308.0816487059331,0,Low
NA,134304190,0,0,1034848565,129.78149126582593,129.78149126582593,0,Low
NA,134304190,0,0,380481775,352.9845549106787,352.9845549106787,0,Low
NA,134304190,0,0,179821109,746.8766639627387,746.8766639627387,0,Low
NA,134304190,0,0,44052902,3048.7024441658805,3048.7024441658805,0,Low
NA,134304190,0,0,430492778,311.9778004731127,311.9778004731127,0,Low
NA,134304190,0,0,4747661033,28.28849597022189,28.28849597022189,0,Low
NA,134304190,0,0,79341768,1692.7299880688315,1692.7299880688315,0,Low
NA,134304190,0,0,1663264901,80.74732408484823,80.74732408484823,0,Low
NA,134304190,0,0,2022467287,66.40611240699884,66.40611240699884,0,Low
NA,134304190,0,0,684898412,196.09359234431983,196.09359234431983,0,Low
NA,134304190,0,0,297688665,451.1565463871458,451.1565463871458,0,Low
NA,134304190,0,0,746964086,179.80006337279247,179.80006337279247,0,Low
NA,134304190,0,0,289050977,464.6384225852314,464.6384225852314,0,Low
NA,134304190,0,0,107439461,1250.0452696798245,1250.0452696798245,0,Low
NA,134304190,0,0,151975351,883.7235059256418,883.7235059256418,0,Low
NA,134304190,0,0,198498297,676.6012204124854,676.6012204124854,0,Low
NA,134304190,0,0,45049350,2981.268098207854,2981.268098207854,0,Low
NA,134304190,0,0,31332719,4286.38797673448,4286.38797673448,0,Low
NA,134304190,0,0,12503827,10741.046721135857,10741.046721135857,0,Low
NA,134304190,0,0,449113453,299.0429013044951,299.0429013044951,0,Low
NA,134304190,0,0,1134811910,118.34929543522327,118.34929543522327,0,Low
NA,134304190,0,0,566128954,237.23250515817992,237.23250515817992,0,Low
NA,134304190,0,0,72230332,1859.3876877099221,1859.3876877099221,0,Low
NA,134304190,0,0,1039281637,129.22790629466303,129.22790629466303,0,Low
NA,134304190,0,0,1780529299,75.42936253586468,75.42936253586468,0,Low
FJI,1685.19,12297181.354583627,11551160.794950746,919422,13376.737281230628,12565.335596658275,-0.06065766767437819,Medium
FJI,12990.97,12297181.354583627,11551160.794950746,919422,13389.033898018133,12577.63221344578,-0.06060195909224322,Medium
FIN,0,395172201.388551,230804798.9156298,5569299,70955.46520101561,41442.34290808049,-0.41593867659559347,Critical
FIN,0,395172201.388551,230804798.9156298,5569299,70955.46520101561,41442.34290808049,-0.41593867659559347,Critical
FIN,844240,395172201.388551,230804798.9156298,5569299,71107.05339909943,41502.978187314024,-0.41633106417204374,Critical
FRA,10877190,3510375513.7824874,2195415596.984309,66277409,53129.003636555666,33190.2907215988,-0.375288666268869,Critical
FRA,64480,3510375513.7824874,2195415596.984309,66277409,52965.86041531115,33125.033433101,-0.3745965198457278,Critical
FRA,34632380,3510375513.7824874,2195415596.984309,66277409,53487.42425616679,33333.658969443255,-0.3767944627544843,Critical
GAB,46256.96,17046853.956661,11409057.4731244,2430747,7032.040322033104,4712.672455473318,-0.329828578953485,Critical
GAB,1730.12,17046853.956661,11409057.4731244,2430747,7013.722150705525,4694.354284145737,-0.33069001262424935,Critical
GMB,19523,3679607.373268,2318792.0649285996,2636470,1403.0618111596186,886.9113113096678,-0.36787438425350405,Critical
GMB,44597,3679607.373268,2318792.0649285996,2636470,1412.5722550486066,896.4217551986557,-0.36539759152510765,Critical
GEO,152900,46779994.244454004,36853630.8609882,3794784,12367.737991003969,9751.94658272729,-0.21150119853600954,High
GEO,156800,46779994.244454004,36853630.8609882,3794784,12368.765717483262,9752.974309206584,-0.21148362480334273,High
DEU,3837400,6462472895.841394,4177265641.53648,84086227,76900.94473904025,49696.61204487722,-0.35375810773820343,Critical
DEU,0,6462472895.841394,4177265641.53648,84086227,76855.30825210405,49678.35745010274,-0.3536118899276849,Critical
DEU,22587300,6462472895.841394,4177265641.53648,84086227,77123.92893834319,49785.805724598395,-0.3544700534590281,Critical
GHA,3255718,74570361.487877,49992883.4813342,33149152,2347.7547627123913,1547.4052151118135,-0.3408999782736778,Critical
GHA,1283000,74570361.487877,49992883.4813342,33149152,2288.2444017837015,1523.6010707403377,-0.3341615652800546,Critical
GRC,1340950,381130707.227688,292058617.6869804,10412480,36732.042436354066,28177.6836725718,-0.2328854644716389,High
GRC,214750,381130707.227688,292058617.6869804,10412480,36623.88376522096,28069.5250014387,-0.23357322829605842,High
GRC,1203260,381130707.227688,292058617.6869804,10412480,36718.81888154292,28164.46011776065,-0.23296933355561178,High
GRD,388.4,2247511.661456192,1570550.3283553752,116913,19227.11812592434,13436.818218293733,-0.3011527712945925,Critical
GTM,2072142,137679129.516,97887632.9826,17847877,7830.134167553933,5600.653510924577,-0.2847308371633978,High
GTM,27891,137679129.516,97887632.9826,17847877,7715.596679425794,5486.116022796437,-0.2889576463443755,High
GTM,0,137679129.516,97887632.9826,17847877,7714.033972555952,5484.553315926595,-0.2890161833044981,High
GIN,814706.25,0,0,14055137,57.96501663413171,57.96501663413171,0,Low
GIN,3158100,0,0,14055137,224.6936475966047,224.6936475966047,0,Low
GNB,20328,0,0,2105529,9.654580867800918,9.654580867800918,0,Low
GNB,224000,0,0,2105529,106.38656603637375,106.38656603637375,0,Low
GUY,4000,15397490.220392,11655042.9184964,821637,18744.883957747767,14190.016903445683,-0.24299254476949878,High
GUY,929600,15397490.220392,11655042.9184964,821637,19871.415503917182,15316.548449615098,-0.22921704059804893,High
HTI,185000,0,0,11503606,16.081913792944576,16.081913792944576,0,Low
HTI,140000,0,0,11503606,12.17009692439049,12.17009692439049,0,Low
HND,683605.34,0,0,10463872,65.33005564288248,65.33005564288248,0,Low
HND,51128.99,0,0,10463872,4.8862400075230275,4.8862400075230275,0,Low
HND,1273.66,0,0,10463872,0.12171976109799508,0.12171976109799508,0,Low
HUN,2765600,648350746.125,385968634.3884,9684306,67234.17724770366,39969.2940710878,-0.4055211842061631,Critical
HUN,10150,648350746.125,385968634.3884,9684306,66949.64988972881,39855.48312789786,-0.40469467437779155,Critical
HUN,4354710,648350746.125,385968634.3884,9684306,67398.26851041261,40034.930576171384,-0.4059946722520589,Critical
IND,33729540,2869085254.127164,2472592435.391837,1425423212,2036.458203914224,1744.102544747838,-0.14356084431512353,Medium
IND,203624000,2869085254.127164,2472592435.391837,1425423212,2155.6469883887116,1791.7780585376331,-0.16879801368732494,High
IND,107742070,2869085254.127164,2472592435.391837,1425423212,2088.381400742311,1764.8718234790729,-0.15490924078726587,High
IDN,22356753,963543070.303,841759776.835,278830529,3535.838872589881,3099.074312034892,-0.12352501804899092,Medium
IDN,54748977.08,963543070.303,841759776.835,278830529,3652.010599538761,3215.2460389837734,-0.11959564427610095,Medium
NA,320169.71,0,0,5343,59923.209807224404,59923.209807224404,0,Low
NA,320169.71,0,0,12077154,26.510360801890908,26.510360801890908,0,Low
NA,320169.71,0,0,7465915,42.88418901099195,42.88418901099195,0,Low
NA,320169.71,0,0,704356,454.5566588486504,454.5566588486504,0,Low
NA,320169.71,0,0,1425179569,0.22465218907442813,0.22465218907442813,0,Low
NA,320169.71,0,0,23420111,13.670717017523955,13.670717017523955,0,Low
NA,320169.71,0,0,30395002,10.533630167222887,10.533630167222887,0,Low
NA,320169.71,0,0,185345,1727.4256656505436,1727.4256656505436,0,Low
NA,320169.71,0,0,102396968,3.1267499053292283,3.1267499053292283,0,Low
NA,320169.71,0,0,89524246,3.5763463453241484,3.5763463453241484,0,Low
NA,320169.71,0,0,112114,2855.751378061616,2855.751378061616,0,Low
NA,320169.71,0,0,17904421,17.88215938398678,17.88215938398678,0,Low
NA,320169.71,0,0,871540,367.36088991899396,367.36088991899396,0,Low
NA,320169.71,0,0,10920,29319.57051282051,29319.57051282051,0,Low
NA,320169.71,0,0,87058473,3.6776398547674964,3.6776398547674964,0,Low
NA,320169.71,0,0,86507,3701.0844209139145,3701.0844209139145,0,Low
NA,320169.71,0,0,28213017,11.348297489772186,11.348297489772186,0,Low
NA,320169.71,0,0,11478,27894.207178951037,27894.207178951037,0,Low
NA,320169.71,0,0,8021406686,0.03991440934653042,0.03991440934653042,0,Low
NA,320169.71,0,0,475299909,0.6736161819883706,0.6736161819883706,0,Low
NA,320169.71,0,0,199713824,1.6031424544752595,1.6031424544752595,0,Low
NA,320169.71,0,0,264719925,1.209465853392033,1.209465853392033,0,Low
NA,320169.71,0,0,71212991,4.495945269311887,4.495945269311887,0,Low
NA,320169.71,0,0,435937001,0.7344403188202875,0.7344403188202875,0,Low
NA,320169.71,0,0,1034848565,0.30938798277214596,0.30938798277214596,0,Low
NA,320169.71,0,0,380481775,0.8414850093674,0.8414850093674,0,Low
NA,320169.71,0,0,179821109,1.780490131445024,1.780490131445024,0,Low
NA,320169.71,0,0,44052902,7.267846054727563,7.267846054727563,0,Low
NA,320169.71,0,0,430492778,0.7437284116297068,0.7437284116297068,0,Low
NA,320169.71,0,0,4747661033,0.06743735657928551,0.06743735657928551,0,Low
NA,320169.71,0,0,79341768,4.035323614164988,4.035323614164988,0,Low
NA,320169.71,0,0,1663264901,0.19249471915598368,0.19249471915598368,0,Low
NA,320169.71,0,0,2022467287,0.15830649625731127,0.15830649625731127,0,Low
NA,320169.71,0,0,684898412,0.4674703640574363,0.4674703640574363,0,Low
NA,320169.71,0,0,297688665,1.0755186463011617,1.0755186463011617,0,Low
NA,320169.71,0,0,746964086,0.4286279835949168,0.4286279835949168,0,Low
NA,320169.71,0,0,289050977,1.1076582868633584,1.1076582868633584,0,Low
NA,320169.71,0,0,107439461,2.9800010817254567,2.9800010817254567,0,Low
NA,320169.71,0,0,151975351,2.106721306404484,2.106721306404484,0,Low
NA,320169.71,0,0,198498297,1.6129594804533764,1.6129594804533764,0,Low
NA,320169.71,0,0,45049350,7.107088337567578,7.107088337567578,0,Low
NA,320169.71,0,0,31332719,10.218382579564832,10.218382579564832,0,Low
NA,320169.71,0,0,12503827,25.605737347453704,25.605737347453704,0,Low
NA,320169.71,0,0,449113453,0.712892717555713,0.712892717555713,0,Low
NA,320169.71,0,0,1134811910,0.28213460502013943,0.28213460502013943,0,Low
NA,320169.71,0,0,566128954,0.5655420160686571,0.5655420160686571,0,Low
NA,320169.71,0,0,72230332,4.432621325899485,4.432621325899485,0,Low
NA,320169.71,0,0,1039281637,0.3080682835157223,0.3080682835157223,0,Low
NA,320169.71,0,0,1780529299,0.17981715334862344,0.17981715334862344,0,Low
NA,3629200,0,0,5343,679243.8704847464,679243.8704847464,0,Low
NA,3629200,0,0,12077154,300.50126047908304,300.50126047908304,0,Low
NA,3629200,0,0,7465915,486.10250719436266,486.10250719436266,0,Low
NA,3629200,0,0,704356,5152.508106696046,5152.508106696046,0,Low
NA,3629200,0,0,1425179569,2.5464861263387926,2.5464861263387926,0,Low
NA,3629200,0,0,23420111,154.96083686366816,154.96083686366816,0,Low
NA,3629200,0,0,30395002,119.40120944884293,119.40120944884293,0,Low
NA,3629200,0,0,185345,19580.78178531927,19580.78178531927,0,Low
NA,3629200,0,0,102396968,35.44245567896112,35.44245567896112,0,Low
NA,3629200,0,0,89524246,40.53873852229931,40.53873852229931,0,Low
NA,3629200,0,0,112114,32370.622758977468,32370.622758977468,0,Low
NA,3629200,0,0,17904421,202.69854020970575,202.69854020970575,0,Low
NA,3629200,0,0,871540,4164.123276040113,4164.123276040113,0,Low
NA,3629200,0,0,10920,332344.32234432234,332344.32234432234,0,Low
NA,3629200,0,0,87058473,41.686924602961966,41.686924602961966,0,Low
NA,3629200,0,0,86507,41952.6743500526,41952.6743500526,0,Low
NA,3629200,0,0,28213017,128.6356577887434,128.6356577887434,0,Low
NA,3629200,0,0,11478,316187.48910960095,316187.48910960095,0,Low
NA,3629200,0,0,8021406686,0.4524393466216033,0.4524393466216033,0,Low
NA,3629200,0,0,475299909,7.63560003122155,7.63560003122155,0,Low
NA,3629200,0,0,199713824,18.172001954156162,18.172001954156162,0,Low
NA,3629200,0,0,264719925,13.709583817689582,13.709583817689582,0,Low
NA,3629200,0,0,71212991,50.962611583046694,50.962611583046694,0,Low
NA,3629200,0,0,435937001,8.325056124336644,8.325056124336644,0,Low
NA,3629200,0,0,1034848565,3.5069865512158294,3.5069865512158294,0,Low
NA,3629200,0,0,380481775,9.538433214048164,9.538433214048164,0,Low
NA,3629200,0,0,179821109,20.182280157108806,20.182280157108806,0,Low
NA,3629200,0,0,44052902,82.382767882125,82.382767882125,0,Low
NA,3629200,0,0,430492778,8.430338870864867,8.430338870864867,0,Low
NA,3629200,0,0,4747661033,0.7644185157226241,0.7644185157226241,0,Low
NA,3629200,0,0,79341768,45.741355297250244,45.741355297250244,0,Low
NA,3629200,0,0,1663264901,2.1819735375994687,2.1819735375994687,0,Low
NA,3629200,0,0,2022467287,1.794441879642625,1.794441879642625,0,Low
NA,3629200,0,0,684898412,5.298888034215503,5.298888034215503,0,Low
NA,3629200,0,0,297688665,12.191260288664333,12.191260288664333,0,Low
NA,3629200,0,0,746964086,4.85860039059495,4.85860039059495,0,Low
NA,3629200,0,0,289050977,12.555570777399586,12.555570777399586,0,Low
NA,3629200,0,0,107439461,33.779022774509265,33.779022774509265,0,Low
NA,3629200,0,0,151975351,23.880188307642072,23.880188307642072,0,Low
NA,3629200,0,0,198498297,18.283280284263597,18.283280284263597,0,Low
NA,3629200,0,0,45049350,80.56054082911297,80.56054082911297,0,Low
NA,3629200,0,0,31332719,115.82780287915645,115.82780287915645,0,Low
NA,3629200,0,0,12503827,290.24713793624943,290.24713793624943,0,Low
NA,3629200,0,0,449113453,8.080808926469633,8.080808926469633,0,Low
NA,3629200,0,0,1134811910,3.198063016451775,3.198063016451775,0,Low
NA,3629200,0,0,566128954,6.410553592706725,6.410553592706725,0,Low
NA,3629200,0,0,72230332,50.244819586320055,50.244819586320055,0,Low
NA,3629200,0,0,1039281637,3.4920274454921403,3.4920274454921403,0,Low
NA,3629200,0,0,1780529299,2.038270306497214,2.038270306497214,0,Low
NA,13200000,0,0,5343,2470522.1785513754,2470522.1785513754,0,Low
NA,13200000,0,0,12077154,1092.9727318207583,1092.9727318207583,0,Low
NA,13200000,0,0,7465915,1768.0351303222712,1768.0351303222712,0,Low
NA,13200000,0,0,704356,18740.52325812515,18740.52325812515,0,Low
NA,13200000,0,0,1425179569,9.261990760407821,9.261990760407821,0,Low
NA,13200000,0,0,23420111,563.61816560135,563.61816560135,0,Low
NA,13200000,0,0,30395002,434.2819256929149,434.2819256929149,0,Low
NA,13200000,0,0,185345,71218.53840135962,71218.53840135962,0,Low
NA,13200000,0,0,102396968,128.9100669465135,128.9100669465135,0,Low
NA,13200000,0,0,89524246,147.44608963252256,147.44608963252256,0,Low
NA,13200000,0,0,112114,117737.30310219954,117737.30310219954,0,Low
NA,13200000,0,0,17904421,737.2480796781979,737.2480796781979,0,Low
NA,13200000,0,0,871540,15145.604332560755,15145.604332560755,0,Low
NA,13200000,0,0,10920,1208791.2087912087,1208791.2087912087,0,Low
NA,13200000,0,0,87058473,151.62223210600075,151.62223210600075,0,Low
NA,13200000,0,0,86507,152588.80784213994,152588.80784213994,0,Low
NA,13200000,0,0,28213017,467.86913997889695,467.86913997889695,0,Low
NA,13200000,0,0,11478,1150026.1369576582,1150026.1369576582,0,Low
NA,13200000,0,0,8021406686,1.6455966536440987,1.6455966536440987,0,Low
NA,13200000,0,0,475299909,27.771938832834913,27.771938832834913,0,Low
NA,13200000,0,0,199713824,66.09457340319116,66.09457340319116,0,Low
NA,13200000,0,0,264719925,49.86402138033244,49.86402138033244,0,Low
NA,13200000,0,0,71212991,185.3594381395945,185.3594381395945,0,Low
NA,13200000,0,0,435937001,30.279604552310072,30.279604552310072,0,Low
NA,13200000,0,0,1034848565,12.755489495219042,12.755489495219042,0,Low
NA,13200000,0,0,380481775,34.69285749626247,34.69285749626247,0,Low
NA,13200000,0,0,179821109,73.40628735639707,73.40628735639707,0,Low
NA,13200000,0,0,44052902,299.63973769537364,299.63973769537364,0,Low
NA,13200000,0,0,430492778,30.66253529577214,30.66253529577214,0,Low
NA,13200000,0,0,4747661033,2.7803164354509637,2.7803164354509637,0,Low
NA,13200000,0,0,79341768,166.36886639581815,166.36886639581815,0,Low
NA,13200000,0,0,1663264901,7.936198252042595,7.936198252042595,0,Low
NA,13200000,0,0,2022467287,6.526681585826807,6.526681585826807,0,Low
NA,13200000,0,0,684898412,19.2729312387426,19.2729312387426,0,Low
NA,13200000,0,0,297688665,44.34162785472534,44.34162785472534,0,Low
NA,13200000,0,0,746964086,17.6715323365627,17.6715323365627,0,Low
NA,13200000,0,0,289050977,45.66668529198571,45.66668529198571,0,Low
NA,13200000,0,0,107439461,122.85988664816551,122.85988664816551,0,Low
NA,13200000,0,0,151975351,86.85619025153625,86.85619025153625,0,Low
NA,13200000,0,0,198498297,66.499311074694,66.499311074694,0,Low
NA,13200000,0,0,45049350,293.01199684346165,293.01199684346165,0,Low
NA,13200000,0,0,31332719,421.2848556169032,421.2848556169032,0,Low
NA,13200000,0,0,12503827,1055.676793992751,1055.676793992751,0,Low
NA,13200000,0,0,449113453,29.39123714025106,29.39123714025106,0,Low
NA,13200000,0,0,1134811910,11.631883560333801,11.631883560333801,0,Low
NA,13200000,0,0,566128954,23.316242539327884,23.316242539327884,0,Low
NA,13200000,0,0,72230332,182.74871005715437,182.74871005715437,0,Low
NA,13200000,0,0,1039281637,12.701080756226235,12.701080756226235,0,Low
NA,13200000,0,0,1780529299,7.413525858526184,7.413525858526184,0,Low
IRQ,496003,0,0,44070551,11.254749231521975,11.254749231521975,0,Low
IRQ,11637,0,0,44070551,0.2640538803338311,0.2640538803338311,0,Low
IRQ,2764692,0,0,44070551,62.73332048877719,62.73332048877719,0,Low
IRL,0,662868847.52984,374621329.7033354,5110016,129719.52485664233,73311.18526895715,-0.43484849061869474,Critical
IRL,0,662868847.52984,374621329.7033354,5110016,129719.52485664233,73311.18526895715,-0.43484849061869474,Critical
IRL,701240,662868847.52984,374621329.7033354,5110016,129856.75338978194,73366.07668221301,-0.4350230175399874,Critical
ISR,50018,359809263,222688851.6,9103151,39531.287682693604,24468.32636303627,-0.38103897450959445,Critical
ISR,141600,359809263,222688851.6,9103151,39541.34815516078,24478.386835503443,-0.380942027078846,Critical
ITA,4697170,2899386633.816514,1903556443.6876445,59619115,48710.61577845485,32007.412617373546,-0.3429068365107649,Critical
ITA,1236960,2899386633.816514,1903556443.6876445,59619115,48652.57717791541,31949.374016834106,-0.34331589670985185,Critical
ITA,6609520,2899386633.816514,1903556443.6876445,59619115,48742.691900349644,32039.488739268345,-0.34268117967775763,Critical
JAM,2426,31643530.342338,19391503.1556852,2839144,11146.301963668628,6830.907187407613,-0.3871593278494558,Critical
JAM,0,31643530.342338,19391503.1556852,2839144,11145.447480768147,6830.052704507133,-0.38718901001573747,Critical
JPN,167.79,3585642094.684738,3013350661.3731747,124997578,28685.69391380318,24107.273735841303,-0.15960639445290886,High
JPN,10451000,3585642094.684738,3013350661.3731747,124997578,28769.302191477167,24190.882013515293,-0.15914255227637117,High
JPN,993500,3585642094.684738,3013350661.3731747,124997578,28693.640725460602,24115.220547498728,-0.15956219086200954,High
JOR,0,101193348.512692,82901339.4167044,11256263,8989.959501896145,7364.907822134612,-0.18076295887860008,High
JOR,20858,101193348.512692,82901339.4167044,11256263,8991.812514747746,7366.760834986212,-0.18072570764751122,High
KAZ,1098041.37,128833226.933272,117840423.315622,20034609,6485.340857077471,5936.6501580151635,-0.08460475881749835,Medium
KAZ,431391,128833226.933272,117840423.315622,20034609,6452.065919193731,5903.375220131424,-0.08504108698425596,Medium
KAZ,16404491.25,128833226.933272,117840423.315622,20034609,7249.341286534317,6700.65058747201,-0.07568835255163152,Medium
KEN,3082220,85289439.327635,71022903.7847168,54252461,1628.896785486561,1365.9311009820697,-0.16143790499650468,High
KEN,192299,85289439.327635,71022903.7847168,54252461,1575.6287687600939,1312.6630842556026,-0.16689571155230065,High
KEN,368696,85289439.327635,71022903.7847168,54252461,1578.8801788666326,1315.9144943621413,-0.16655202087168888,High
KWT,22550,149228780.048907,116509008.926856,4589511,32520.094199339976,25390.844237404814,-0.21922599357291703,High
KWT,27.55,149228780.048907,116509008.926856,4589511,32515.186824676315,25385.936862741146,-0.21925908039146383,High
KGZ,732633,40797878.162,38227276.4582,6955788,5970.640732868799,5601.077758292806,-0.06189670273435196,Medium
KGZ,44248,40797878.162,38227276.4582,6955788,5871.674950702925,5502.111976126932,-0.06293995796408167,Medium
KGZ,592507,40797878.162,38227276.4582,6955788,5950.495495549893,5580.932520973899,-0.06210625230325336,Medium
NA,44054827.24,0,0,5343,8245335.437020401,8245335.437020401,0,Low
NA,44054827.24,0,0,12077154,3647.7821877571487,3647.7821877571487,0,Low
NA,44054827.24,0,0,7465915,5900.794107621102,5900.794107621102,0,Low
NA,44054827.24,0,0,704356,62546.25110029587,62546.25110029587,0,Low
NA,44054827.24,0,0,1425179569,30.911772943048696,30.911772943048696,0,Low
NA,44054827.24,0,0,23420111,1881.0682511282719,1881.0682511282719,0,Low
NA,44054827.24,0,0,30395002,1449.4102431709002,1449.4102431709002,0,Low
NA,44054827.24,0,0,185345,237690.93981493972,237690.93981493972,0,Low
NA,44054827.24,0,0,102396968,430.23566127465807,430.23566127465807,0,Low
NA,44054827.24,0,0,89524246,492.0993943919952,492.0993943919952,0,Low
NA,44054827.24,0,0,112114,392946.7081720392,392946.7081720392,0,Low
NA,44054827.24,0,0,17904421,2460.555816912482,2460.555816912482,0,Low
NA,44054827.24,0,0,871540,50548.256236087844,50548.256236087844,0,Low
NA,44054827.24,0,0,10920,4034324.8388278387,4034324.8388278387,0,Low
NA,44054827.24,0,0,87058473,506.0372152403822,506.0372152403822,0,Low
NA,44054827.24,0,0,86507,509263.14910932066,509263.14910932066,0,Low
NA,44054827.24,0,0,28213017,1561.5071312649761,1561.5071312649761,0,Low
NA,44054827.24,0,0,11478,3838197.1806935007,3838197.1806935007,0,Low
NA,44054827.24,0,0,8021406686,5.492157294167643,5.492157294167643,0,Low
NA,44054827.24,0,0,475299909,92.68848237881737,92.68848237881737,0,Low
NA,44054827.24,0,0,199713824,220.58977369538525,220.58977369538525,0,Low
NA,44054827.24,0,0,264719925,166.4205187425918,166.4205187425918,0,Low
NA,44054827.24,0,0,71212991,618.6346988290381,618.6346988290381,0,Low
NA,44054827.24,0,0,435937001,101.05778389754073,101.05778389754073,0,Low
NA,44054827.24,0,0,1034848565,42.57127924799316,42.57127924799316,0,Low
NA,44054827.24,0,0,380481775,115.78695783786227,115.78695783786227,0,Low
NA,44054827.24,0,0,179821109,244.99252331938405,244.99252331938405,0,Low
NA,44054827.24,0,0,44052902,1000.0437029097425,1000.0437029097425,0,Low
NA,44054827.24,0,0,430492778,102.33581024209424,102.33581024209424,0,Low
NA,44054827.24,0,0,4747661033,9.279269714873092,9.279269714873092,0,Low
NA,44054827.24,0,0,79341768,555.2539141804856,555.2539141804856,0,Low
NA,44054827.24,0,0,1663264901,26.4869577981914,26.4869577981914,0,Low
NA,44054827.24,0,0,2022467287,21.782714372279486,21.782714372279486,0,Low
NA,44054827.24,0,0,684898412,64.32315576751549,64.32315576751549,0,Low
NA,44054827.24,0,0,297688665,147.9896026272952,147.9896026272952,0,Low
NA,44054827.24,0,0,746964086,58.978507890404785,58.978507890404785,0,Low
NA,44054827.24,0,0,289050977,152.41196448196055,152.41196448196055,0,Low
NA,44054827.24,0,0,107439461,410.0432637129481,410.0432637129481,0,Low
NA,44054827.24,0,0,151975351,289.8813982012122,289.8813982012122,0,Low
NA,44054827.24,0,0,198498297,221.9405803768684,221.9405803768684,0,Low
NA,44054827.24,0,0,45049350,977.9237045595553,977.9237045595553,0,Low
NA,44054827.24,0,0,31332719,1406.032691896289,1406.032691896289,0,Low
NA,44054827.24,0,0,12503827,3523.3074833808882,3523.3074833808882,0,Low
NA,44054827.24,0,0,449113453,98.0928692866388,98.0928692866388,0,Low
NA,44054827.24,0,0,1134811910,38.82125914593195,38.82125914593195,0,Low
NA,44054827.24,0,0,566128954,77.81765431485067,77.81765431485067,0,Low
NA,44054827.24,0,0,72230332,609.9214280227869,609.9214280227869,0,Low
NA,44054827.24,0,0,1039281637,42.38969079369965,42.38969079369965,0,Low
NA,44054827.24,0,0,1780529299,24.742545525503314,24.742545525503314,0,Low
NA,17512830.29,0,0,5343,3277714.8212614637,3277714.8212614637,0,Low
NA,17512830.29,0,0,12077154,1450.0792396950474,1450.0792396950474,0,Low
NA,17512830.29,0,0,7465915,2345.704483643331,2345.704483643331,0,Low
NA,17512830.29,0,0,704356,24863.60631555634,24863.60631555634,0,Low
NA,17512830.29,0,0,1425179569,12.288156995043199,12.288156995043199,0,Low
NA,17512830.29,0,0,23420111,747.7688850407242,747.7688850407242,0,Low
NA,17512830.29,0,0,30395002,576.174671414728,576.174671414728,0,Low
NA,17512830.29,0,0,185345,94487.74064582266,94487.74064582266,0,Low
NA,17512830.29,0,0,102396968,171.02879735657797,171.02879735657797,0,Low
NA,17512830.29,0,0,89524246,195.62108671655275,195.62108671655275,0,Low
NA,17512830.29,0,0,112114,156205.56121447813,156205.56121447813,0,Low
NA,17512830.29,0,0,17904421,978.1288258358089,978.1288258358089,0,Low
NA,17512830.29,0,0,871540,20094.12108451706,20094.12108451706,0,Low
NA,17512830.29,0,0,10920,1603739.0375457876,1603739.0375457876,0,Low
NA,17512830.29,0,0,87058473,201.16169841389245,201.16169841389245,0,Low
NA,17512830.29,0,0,86507,202444.0830221832,202444.0830221832,0,Low
NA,17512830.29,0,0,28213017,620.7358216953543,620.7358216953543,0,Low
NA,17512830.29,0,0,11478,1525773.6792124063,1525773.6792124063,0,Low
NA,17512830.29,0,0,8021406686,2.183261736444016,2.183261736444016,0,Low
NA,17512830.29,0,0,475299909,36.845852394219584,36.845852394219584,0,Low
NA,17512830.29,0,0,199713824,87.68962478030565,87.68962478030565,0,Low
NA,17512830.29,0,0,264719925,66.15607151596163,66.15607151596163,0,Low
NA,17512830.29,0,0,71212991,245.92184718094484,245.92184718094484,0,Low
NA,17512830.29,0,0,435937001,40.17284664946346,40.17284664946346,0,Low
NA,17512830.29,0,0,1034848565,16.923085060276428,16.923085060276428,0,Low
NA,17512830.29,0,0,380481775,46.028039818727194,46.028039818727194,0,Low
NA,17512830.29,0,0,179821109,97.39029187057233,97.39029187057233,0,Low
NA,17512830.29,0,0,44052902,397.5408995756965,397.5408995756965,0,Low
NA,17512830.29,0,0,430492778,40.680892189090336,40.680892189090336,0,Low
NA,17512830.29,0,0,4747661033,3.6887280217083687,3.6887280217083687,0,Low
NA,17512830.29,0,0,79341768,220.7264941461854,220.7264941461854,0,Low
NA,17512830.29,0,0,1663264901,10.5291888739255,10.5291888739255,0,Low
NA,17512830.29,0,0,2022467287,8.659141437079768,8.659141437079768,0,Low
NA,17512830.29,0,0,684898412,25.569967725374138,25.569967725374138,0,Low
NA,17512830.29,0,0,297688665,58.82934874258649,58.82934874258649,0,Low
NA,17512830.29,0,0,746964086,23.44534445261134,23.44534445261134,0,Low
NA,17512830.29,0,0,289050977,60.58734162313522,60.58734162313522,0,Low
NA,17512830.29,0,0,107439461,163.0018442665121,163.0018442665121,0,Low
NA,17512830.29,0,0,151975351,115.23467572053839,115.23467572053839,0,Low
NA,17512830.29,0,0,198498297,88.22660221613891,88.22660221613891,0,Low
NA,17512830.29,0,0,45049350,388.7476798222394,388.7476798222394,0,Low
NA,17512830.29,0,0,31332719,558.9310742549984,558.9310742549984,0,Low
NA,17512830.29,0,0,12503827,1400.5976162338138,1400.5976162338138,0,Low
NA,17512830.29,0,0,449113453,38.99422333714862,38.99422333714862,0,Low
NA,17512830.29,0,0,1134811910,15.432363844330819,15.432363844330819,0,Low
NA,17512830.29,0,0,566128954,30.934348378161207,30.934348378161207,0,Low
NA,17512830.29,0,0,72230332,242.45811704146672,242.45811704146672,0,Low
NA,17512830.29,0,0,1039281637,16.850899377528403,16.850899377528403,0,Low
NA,17512830.29,0,0,1780529299,9.83574395537088,9.83574395537088,0,Low
NA,42262329.16,0,0,5343,7909850.11416807,7909850.11416807,0,Low
NA,42262329.16,0,0,12077154,3499.3616178116135,3499.3616178116135,0,Low
NA,42262329.16,0,0,7465915,5660.703230615403,5660.703230615403,0,Low
NA,42262329.16,0,0,704356,60001.3759519334,60001.3759519334,0,Low
NA,42262329.16,0,0,1425179569,29.65403804494197,29.65403804494197,0,Low
NA,42262329.16,0,0,23420111,1804.5315481211853,1804.5315481211853,0,Low
NA,42262329.16,0,0,30395002,1390.4367948388356,1390.4367948388356,0,Low
NA,42262329.16,0,0,185345,228019.79637972428,228019.79637972428,0,Low
NA,42262329.16,0,0,102396968,412.73027888872645,412.73027888872645,0,Low
NA,42262329.16,0,0,89524246,472.07690707610095,472.07690707610095,0,Low
NA,42262329.16,0,0,112114,376958.53470574593,376958.53470574593,0,Low
NA,42262329.16,0,0,17904421,2360.440986055902,2360.440986055902,0,Low
NA,42262329.16,0,0,871540,48491.554214379146,48491.554214379146,0,Low
NA,42262329.16,0,0,10920,3870176.663003663,3870176.663003663,0,Low
NA,42262329.16,0,0,87058473,485.44762736649426,485.44762736649426,0,Low
NA,42262329.16,0,0,86507,488542.3047845839,488542.3047845839,0,Low
NA,42262329.16,0,0,28213017,1497.972696787444,1497.972696787444,0,Low
NA,42262329.16,0,0,11478,3682029.0259627113,3682029.0259627113,0,Low
NA,42262329.16,0,0,8021406686,5.268692987947077,5.268692987947077,0,Low
NA,42262329.16,0,0,475299909,88.91718336095873,88.91718336095873,0,Low
NA,42262329.16,0,0,199713824,211.61444067086714,211.61444067086714,0,Low
NA,42262329.16,0,0,264719925,159.64921854673386,159.64921854673386,0,Low
NA,42262329.16,0,0,71212991,593.4637566339546,593.4637566339546,0,Low
NA,42262329.16,0,0,435937001,96.9459556382093,96.9459556382093,0,Low
NA,42262329.16,0,0,1034848565,40.839143609384045,40.839143609384045,0,Low
NA,42262329.16,0,0,380481775,111.07583053091045,111.07583053091045,0,Low
NA,42262329.16,0,0,179821109,235.024293838606,235.024293838606,0,Low
NA,42262329.16,0,0,44052902,959.3540321134803,959.3540321134803,0,Low
NA,42262329.16,0,0,430492778,98.17198178409394,98.17198178409394,0,Low
NA,42262329.16,0,0,4747661033,8.901715785150493,8.901715785150493,0,Low
NA,42262329.16,0,0,79341768,532.6618025451613,532.6618025451613,0,Low
NA,42262329.16,0,0,1663264901,25.409259303548545,25.409259303548545,0,Low
NA,42262329.16,0,0,2022467287,20.89642162899419,20.89642162899419,0,Low
NA,42262329.16,0,0,684898412,61.7059821128626,61.7059821128626,0,Low
NA,42262329.16,0,0,297688665,141.9682175671687,141.9682175671687,0,Low
NA,42262329.16,0,0,746964086,56.57879669465126,56.57879669465126,0,Low
NA,42262329.16,0,0,289050977,146.2106428375781,146.2106428375781,0,Low
NA,42262329.16,0,0,107439461,393.3594674306864,393.3594674306864,0,Low
NA,42262329.16,0,0,151975351,278.0867349995461,278.0867349995461,0,Low
NA,42262329.16,0,0,198498297,212.91028587514785,212.91028587514785,0,Low
NA,42262329.16,0,0,45049350,938.1340498808529,938.1340498808529,0,Low
NA,42262329.16,0,0,31332719,1348.8241847124725,1348.8241847124725,0,Low
NA,42262329.16,0,0,12503827,3379.9515268405426,3379.9515268405426,0,Low
NA,42262329.16,0,0,449113453,94.10167715461421,94.10167715461421,0,Low
NA,42262329.16,0,0,1134811910,37.241703922546954,37.241703922546954,0,Low
NA,42262329.16,0,0,566128954,74.65141795238404,74.65141795238404,0,Low
NA,42262329.16,0,0,72230332,585.1050104546107,585.1050104546107,0,Low
NA,42262329.16,0,0,1039281637,40.66494360661931,40.66494360661931,0,Low
NA,42262329.16,0,0,1780529299,23.735823490091303,23.735823490091303,0,Low
LAO,462810,32577678.535382,30581087.509928,7559007,4371.009120031506,4106.875084244266,-0.060428616947231756,Medium
LAO,3594800,32577678.535382,30581087.509928,7559007,4785.347934640357,4521.213898853117,-0.05519641192131862,Medium
LVA,0,115258974.018738,60837273.73132861,1881063,61273.31940436764,32341.965011979188,-0.4721688766599805,Critical
LVA,0,115258974.018738,60837273.73132861,1881063,61273.31940436764,32341.965011979188,-0.4721688766599805,Critical
LVA,2539400,115258974.018738,60837273.73132861,1881063,62623.30077128624,32881.957558746624,-0.47492455437891073,Critical
NA,60359383.17,0,0,5343,11296908.697361033,11296908.697361033,0,Low
NA,60359383.17,0,0,12077154,4997.815145025062,4997.815145025062,0,Low
NA,60359383.17,0,0,7465915,8084.6598400865805,8084.6598400865805,0,Low
NA,60359383.17,0,0,704356,85694.42607147522,85694.42607147522,0,Low
NA,60359383.17,0,0,1425179569,42.352124941246615,42.352124941246615,0,Low
NA,60359383.17,0,0,23420111,2577.2458196291213,2577.2458196291213,0,Low
NA,60359383.17,0,0,30395002,1985.832511871524,1985.832511871524,0,Low
NA,60359383.17,0,0,185345,325659.6248617443,325659.6248617443,0,Low
NA,60359383.17,0,0,102396968,589.4645549465879,589.4645549465879,0,Low
NA,60359383.17,0,0,89524246,674.2238652308783,674.2238652308783,0,Low
NA,60359383.17,0,0,112114,538375.0751021282,538375.0751021282,0,Low
NA,60359383.17,0,0,17904421,3371.1999494426545,3371.1999494426545,0,Low
NA,60359383.17,0,0,871540,69256.01024623081,69256.01024623081,0,Low
NA,60359383.17,0,0,10920,5527416.041208792,5527416.041208792,0,Low
NA,60359383.17,0,0,87058473,693.3200306649072,693.3200306649072,0,Low
NA,60359383.17,0,0,86507,697739.8727270626,697739.8727270626,0,Low
NA,60359383.17,0,0,28213017,2139.4161131367127,2139.4161131367127,0,Low
NA,60359383.17,0,0,11478,5258702.140616832,5258702.140616832,0,Low
NA,60359383.17,0,0,8021406686,7.52478780004348,7.52478780004348,0,Low
NA,60359383.17,0,0,475299909,126.99220434733978,126.99220434733978,0,Low
NA,60359383.17,0,0,199713824,302.2293698106747,302.2293698106747,0,Low
NA,60359383.17,0,0,264719925,228.01224037064833,228.01224037064833,0,Low
NA,60359383.17,0,0,71212991,847.5894962760376,847.5894962760376,0,Low
NA,60359383.17,0,0,435937001,138.45895859158787,138.45895859158787,0,Low
NA,60359383.17,0,0,1034848565,58.32677863354819,58.32677863354819,0,Low
NA,60359383.17,0,0,380481775,158.63935446053887,158.63935446053887,0,Low
NA,60359383.17,0,0,179821109,335.6635019418104,335.6635019418104,0,Low
NA,60359383.17,0,0,44052902,1370.1567985237386,1370.1567985237386,0,Low
NA,60359383.17,0,0,430492778,140.20997855160303,140.20997855160303,0,Low
NA,60359383.17,0,0,4747661033,12.713498868275249,12.713498868275249,0,Low
NA,60359383.17,0,0,79341768,760.751678359373,760.751678359373,0,Low
NA,60359383.17,0,0,1663264901,36.28969933394873,36.28969933394873,0,Low
NA,60359383.17,0,0,2022467287,29.844429899053296,29.844429899053296,0,Low
NA,60359383.17,0,0,684898412,88.12895768547935,88.12895768547935,0,Low
NA,60359383.17,0,0,297688665,202.7600989443115,202.7600989443115,0,Low
NA,60359383.17,0,0,746964086,80.80627208360858,80.80627208360858,0,Low
NA,60359383.17,0,0,289050977,208.81916330627035,208.81916330627035,0,Low
NA,60359383.17,0,0,107439461,561.7990132135901,561.7990132135901,0,Low
NA,60359383.17,0,0,151975351,397.16561121809815,397.16561121809815,0,Low
NA,60359383.17,0,0,198498297,304.0801058862485,304.0801058862485,0,Low
NA,60359383.17,0,0,45049350,1339.8502568849494,1339.8502568849494,0,Low
NA,60359383.17,0,0,31332719,1926.4010624165749,1926.4010624165749,0,Low
NA,60359383.17,0,0,12503827,4827.272735779214,4827.272735779214,0,Low
NA,60359383.17,0,0,449113453,134.39673821126885,134.39673821126885,0,Low
NA,60359383.17,0,0,1134811910,53.188887636894826,53.188887636894826,0,Low
NA,60359383.17,0,0,566128954,106.61772859969285,106.61772859969285,0,Low
NA,60359383.17,0,0,72230332,835.6514707699253,835.6514707699253,0,Low
NA,60359383.17,0,0,1039281637,58.07798485137672,58.07798485137672,0,Low
NA,60359383.17,0,0,1780529299,33.899685449657966,33.899685449657966,0,Low
NA,130424736,0,0,5343,24410394.160583943,24410394.160583943,0,Low
NA,130424736,0,0,12077154,10799.293939615243,10799.293939615243,0,Low
NA,130424736,0,0,7465915,17469.35720537938,17469.35720537938,0,Low
NA,130424736,0,0,704356,185168.7726093055,185168.7726093055,0,Low
NA,130424736,0,0,1425179569,91.51459846671433,91.51459846671433,0,Low
NA,130424736,0,0,23420111,5568.920488890936,5568.920488890936,0,Low
NA,130424736,0,0,30395002,4290.992841520458,4290.992841520458,0,Low
NA,130424736,0,0,185345,703686.2931290297,703686.2931290297,0,Low
NA,130424736,0,0,102396968,1273.716776457678,1273.716776457678,0,Low
NA,130424736,0,0,89524246,1456.8649480722797,1456.8649480722797,0,Low
NA,130424736,0,0,112114,1163322.475337603,1163322.475337603,0,Low
NA,130424736,0,0,17904421,7284.498951404237,7284.498951404237,0,Low
NA,130424736,0,0,871540,149648.59444202218,149648.59444202218,0,Low
NA,130424736,0,0,10920,11943657.142857144,11943657.142857144,0,Low
NA,130424736,0,0,87058473,1498.1279995572631,1498.1279995572631,0,Low
NA,130424736,0,0,86507,1507678.4075277145,1507678.4075277145,0,Low
NA,130424736,0,0,28213017,4622.856747295052,4622.856747295052,0,Low
NA,130424736,0,0,11478,11363019.341348667,11363019.341348667,0,Low
NA,130424736,0,0,8021406686,16.259584023789017,16.259584023789017,0,Low
NA,130424736,0,0,475299909,274.40513564247283,274.40513564247283,0,Low
NA,130424736,0,0,199713824,653.0581278139264,653.0581278139264,0,Low
NA,130424736,0,0,264719925,492.6895321536526,492.6895321536526,0,Low
NA,130424736,0,0,71212991,1831.4739230655262,1831.4739230655262,0,Low
NA,130424736,0,0,435937001,299.1825325696545,299.1825325696545,0,Low
NA,130424736,0,0,1034848565,126.03267802763006,126.03267802763006,0,Low
NA,130424736,0,0,380481775,342.78839242694346,342.78839242694346,0,Low
NA,130424736,0,0,179821109,725.3027006968354,725.3027006968354,0,Low
NA,130424736,0,0,44052902,2960.638915456693,2960.638915456693,0,Low
NA,130424736,0,0,430492778,302.9661417455881,302.9661417455881,0,Low
NA,130424736,0,0,4747661033,27.471366446223712,27.471366446223712,0,Low
NA,130424736,0,0,79341768,1643.8345059313526,1643.8345059313526,0,Low
NA,130424736,0,0,1663264901,78.41489105047856,78.41489105047856,0,Low
NA,130424736,0,0,2022467287,64.48793354450929,64.48793354450929,0,Low
NA,130424736,0,0,684898412,190.42931581508762,190.42931581508762,0,Low
NA,130424736,0,0,297688665,438.124629300212,438.124629300212,0,Low
NA,130424736,0,0,746964086,174.60643482664037,174.60643482664037,0,Low
NA,130424736,0,0,289050977,451.21707372744845,451.21707372744845,0,Low
NA,130424736,0,0,107439461,1213.9369909906752,1213.9369909906752,0,Low
NA,130424736,0,0,151975351,858.1966426910901,858.1966426910901,0,Low
NA,130424736,0,0,198498297,657.0572038711244,657.0572038711244,0,Low
NA,130424736,0,0,45049350,2895.152449480403,2895.152449480403,0,Low
NA,130424736,0,0,31332719,4162.573187472176,4162.573187472176,0,Low
NA,130424736,0,0,12503827,10430.78539074477,10430.78539074477,0,Low
NA,130424736,0,0,449113453,290.40487460080607,290.40487460080607,0,Low
NA,130424736,0,0,1134811910,114.93070776812696,114.93070776812696,0,Low
NA,130424736,0,0,566128954,230.37990740180373,230.37990740180373,0,Low
NA,130424736,0,0,72230332,1805.678201783705,1805.678201783705,0,Low
NA,130424736,0,0,1039281637,125.49508367768841,125.49508367768841,0,Low
NA,130424736,0,0,1780529299,73.25054188844325,73.25054188844325,0,Low
NA,13964056.74,0,0,5343,2613523.627175744,2613523.627175744,0,Low
NA,13964056.74,0,0,12077154,1156.237366849839,1156.237366849839,0,Low
NA,13964056.74,0,0,7465915,1870.3744604646583,1870.3744604646583,0,Low
NA,13964056.74,0,0,704356,19825.282584374945,19825.282584374945,0,Low
NA,13964056.74,0,0,1425179569,9.798103371491708,9.798103371491708,0,Low
NA,13964056.74,0,0,23420111,596.2421245569673,596.2421245569673,0,Low
NA,13964056.74,0,0,30395002,459.4195039039642,459.4195039039642,0,Low
NA,13964056.74,0,0,185345,75340.88721033747,75340.88721033747,0,Low
NA,13964056.74,0,0,102396968,136.3717794847207,136.3717794847207,0,Low
NA,13964056.74,0,0,89524246,155.98072437270233,155.98072437270233,0,Low
NA,13964056.74,0,0,112114,124552.3015858858,124552.3015858858,0,Low
NA,13964056.74,0,0,17904421,779.9222739456361,779.9222739456361,0,Low
NA,13964056.74,0,0,871540,16022.278656171833,16022.278656171833,0,Low
NA,13964056.74,0,0,10920,1278759.7747252746,1278759.7747252746,0,Low
NA,13964056.74,0,0,87058473,160.3985948616397,160.3985948616397,0,Low
NA,13964056.74,0,0,86507,161421.11898459084,161421.11898459084,0,Low
NA,13964056.74,0,0,28213017,494.95084981517573,494.95084981517573,0,Low
NA,13964056.74,0,0,11478,1216593.1991636173,1216593.1991636173,0,Low
NA,13964056.74,0,0,8021406686,1.740848866866691,1.740848866866691,0,Low
NA,13964056.74,0,0,475299909,29.379464366781523,29.379464366781523,0,Low
NA,13964056.74,0,0,199713824,69.92033130365577,69.92033130365577,0,Low
NA,13964056.74,0,0,264719925,52.75030483632843,52.75030483632843,0,Low
NA,13964056.74,0,0,71212991,196.08861450574375,196.08861450574375,0,Low
NA,13964056.74,0,0,435937001,32.03228151766819,32.03228151766819,0,Low
NA,13964056.74,0,0,1034848565,13.493816595281261,13.493816595281261,0,Low
NA,13964056.74,0,0,380481775,36.70098716291996,36.70098716291996,0,Low
NA,13964056.74,0,0,179821109,77.65526982708131,77.65526982708131,0,Low
NA,13964056.74,0,0,44052902,316.9838105103723,316.9838105103723,0,Low
NA,13964056.74,0,0,430492778,32.43737747442537,32.43737747442537,0,Low
NA,13964056.74,0,0,4747661033,2.9412497318024093,2.9412497318024093,0,Low
NA,13964056.74,0,0,79341768,175.99880985762758,175.99880985762758,0,Low
NA,13964056.74,0,0,1663264901,8.395569900864517,8.395569900864517,0,Low
NA,13964056.74,0,0,2022467287,6.904466059727175,6.904466059727175,0,Low
NA,13964056.74,0,0,684898412,20.388507982115165,20.388507982115165,0,Low
NA,13964056.74,0,0,297688665,46.90825812934463,46.90825812934463,0,Low
NA,13964056.74,0,0,746964086,18.69441516897775,18.69441516897775,0,Low
NA,13964056.74,0,0,289050977,48.310013980682726,48.310013980682726,0,Low
NA,13964056.74,0,0,107439461,129.97139607764785,129.97139607764785,0,Low
NA,13964056.74,0,0,151975351,91.88369461308235,91.88369461308235,0,Low
NA,13964056.74,0,0,198498297,70.34849644075284,70.34849644075284,0,Low
NA,13964056.74,0,0,45049350,309.9724355623333,309.9724355623333,0,Low
NA,13964056.74,0,0,31332719,445.6701232982685,445.6701232982685,0,Low
NA,13964056.74,0,0,12503827,1116.7826250315204,1116.7826250315204,0,Low
NA,13964056.74,0,0,449113453,31.092492657974333,31.092492657974333,0,Low
NA,13964056.74,0,0,1134811910,12.305172881028364,12.305172881028364,0,Low
NA,13964056.74,0,0,566128954,24.665858619907294,24.665858619907294,0,Low
NA,13964056.74,0,0,72230332,193.32676942423578,193.32676942423578,0,Low
NA,13964056.74,0,0,1039281637,13.436258510550399,13.436258510550399,0,Low
NA,13964056.74,0,0,1780529299,7.842643616054307,7.842643616054307,0,Low
LBN,3000,68680130.54,55044278.954,5744489,11956.351651121624,9582.624138369836,-0.1985327616663992,High
LBN,100000,68680130.54,55044278.954,5744489,11973.237400228289,9599.5098874765,-0.1982527726967586,High
LSO,72096,7806646.724141999,7582213.300831799,2286110,3446.3532918984647,3348.180665336226,-0.028485943908600035,Low
LSO,5704,7806646.724141999,7582213.300831799,2286110,3417.3118197033386,3319.1391931411,-0.028728027099019966,Low
LBR,288000,7886467.8735,4875024.787428,5373294,1521.3140902954501,960.8677260965062,-0.3683962225644681,Critical
LBY,3829.86,0,0,7223805,0.5301721184334295,0.5301721184334295,0,Low
LBY,130000,0,0,7223805,17.99605609509116,17.99605609509116,0,Low
LTU,99790,233563656.655,129368235.60520001,2816919,82950.0055397404,45939.60692700074,-0.4461771686682818,Critical
LTU,0,233563656.655,129368235.60520001,2816919,82914.58031097095,45925.43683549297,-0.44611144791121515,Critical
LTU,4482760,233563656.655,129368235.60520001,2816919,84505.95017286617,46561.98478025105,-0.44900939300719755,Critical
NA,57425653.24,0,0,5343,10747829.54145611,10747829.54145611,0,Low
NA,57425653.24,0,0,12077154,4754.89947714503,4754.89947714503,0,Low
NA,57425653.24,0,0,7465915,7691.710023486739,7691.710023486739,0,Low
NA,57425653.24,0,0,704356,81529.30228464016,81529.30228464016,0,Low
NA,57425653.24,0,0,1425179569,40.29362649388359,40.29362649388359,0,Low
NA,57425653.24,0,0,23420111,2451.980404362729,2451.980404362729,0,Low
NA,57425653.24,0,0,30395002,1889.3123691849075,1889.3123691849075,0,Low
NA,57425653.24,0,0,185345,309831.14321940165,309831.14321940165,0,Low
NA,57425653.24,0,0,102396968,560.8140002739144,560.8140002739144,0,Low
NA,57425653.24,0,0,89524246,641.4536374872122,641.4536374872122,0,Low
NA,57425653.24,0,0,112114,512207.69252724905,512207.69252724905,0,Low
NA,57425653.24,0,0,17904421,3207.3448920800065,3207.3448920800065,0,Low
NA,57425653.24,0,0,871540,65889.86534180875,65889.86534180875,0,Low
NA,57425653.24,0,0,10920,5258759.454212454,5258759.454212454,0,Low
NA,57425653.24,0,0,87058473,659.6216457874239,659.6216457874239,0,Low
NA,57425653.24,0,0,86507,663826.6642005849,663826.6642005849,0,Low
NA,57425653.24,0,0,28213017,2035.4311359185726,2035.4311359185726,0,Low
NA,57425653.24,0,0,11478,5003106.22408085,5003106.22408085,0,Low
NA,57425653.24,0,0,8021406686,7.159050212505333,7.159050212505333,0,Low
NA,57425653.24,0,0,475299909,120.81982797097484,120.81982797097484,0,Low
NA,57425653.24,0,0,199713824,287.53970100737746,287.53970100737746,0,Low
NA,57425653.24,0,0,264719925,216.92984855597854,216.92984855597854,0,Low
NA,57425653.24,0,0,71212991,806.3929408610292,806.3929408610292,0,Low
NA,57425653.24,0,0,435937001,131.72924782312754,131.72924782312754,0,Low
NA,57425653.24,0,0,1034848565,55.49184217112965,55.49184217112965,0,Low
NA,57425653.24,0,0,380481775,150.92878821856843,150.92878821856843,0,Low
NA,57425653.24,0,0,179821109,319.34878813365566,319.34878813365566,0,Low
NA,57425653.24,0,0,44052902,1303.5611874105366,1303.5611874105366,0,Low
NA,57425653.24,0,0,430492778,133.3951605571418,133.3951605571418,0,Low
NA,57425653.24,0,0,4747661033,12.095567236339384,12.095567236339384,0,Low
NA,57425653.24,0,0,79341768,723.7758205741017,723.7758205741017,0,Low
NA,57425653.24,0,0,1663264901,34.52586127770395,34.52586127770395,0,Low
NA,57425653.24,0,0,2022467287,28.393860117847236,28.393860117847236,0,Low
NA,57425653.24,0,0,684898412,83.84550501775729,83.84550501775729,0,Low
NA,57425653.24,0,0,297688665,192.90507161231685,192.90507161231685,0,Low
NA,57425653.24,0,0,746964086,76.8787339529467,76.8787339529467,0,Low
NA,57425653.24,0,0,289050977,198.66963895437723,198.66963895437723,0,Low
NA,57425653.24,0,0,107439461,534.49312483055,534.49312483055,0,Low
NA,57425653.24,0,0,151975351,377.86162599486283,377.86162599486283,0,Low
NA,57425653.24,0,0,198498297,289.3004832177477,289.3004832177477,0,Low
NA,57425653.24,0,0,45049350,1274.727676203985,1274.727676203985,0,Low
NA,57425653.24,0,0,31332719,1832.7695480242235,1832.7695480242235,0,Low
NA,57425653.24,0,0,12503827,4592.64617464717,4592.64617464717,0,Low
NA,57425653.24,0,0,449113453,127.86446911444445,127.86446911444445,0,Low
NA,57425653.24,0,0,1134811910,50.603675141195865,50.603675141195865,0,Low
NA,57425653.24,0,0,566128954,101.43564082751365,101.43564082751365,0,Low
NA,57425653.24,0,0,72230332,795.0351555908672,795.0351555908672,0,Low
NA,57425653.24,0,0,1039281637,55.25514085456703,55.25514085456703,0,Low
NA,57425653.24,0,0,1780529299,32.25201251799227,32.25201251799227,0,Low
NA,33451489.86,0,0,5343,6260806.636720943,6260806.636720943,0,Low
NA,33451489.86,0,0,12077154,2769.8156254362575,2769.8156254362575,0,Low
NA,33451489.86,0,0,7465915,4480.561305613579,4480.561305613579,0,Low
NA,33451489.86,0,0,704356,47492.30482880816,47492.30482880816,0,Low
NA,33451489.86,0,0,1425179569,23.471771970090597,23.471771970090597,0,Low
NA,33451489.86,0,0,23420111,1428.3232842064667,1428.3232842064667,0,Low
NA,33451489.86,0,0,30395002,1100.5588964922588,1100.5588964922588,0,Low
NA,33451489.86,0,0,185345,180482.28902856834,180482.28902856834,0,Low
NA,33451489.86,0,0,102396968,326.68437858433464,326.68437858433464,0,Low
NA,33451489.86,0,0,89524246,373.6584372908318,373.6584372908318,0,Low
NA,33451489.86,0,0,112114,298370.3182474981,298370.3182474981,0,Low
NA,33451489.86,0,0,17904421,1868.3368683075537,1868.3368683075537,0,Low
NA,33451489.86,0,0,871540,38382.04770865365,38382.04770865365,0,Low
NA,33451489.86,0,0,10920,3063323.2472527474,3063323.2472527474,0,Low
NA,33451489.86,0,0,87058473,384.2416333215493,384.2416333215493,0,Low
NA,33451489.86,0,0,86507,386691.13320309337,386691.13320309337,0,Low
NA,33451489.86,0,0,28213017,1185.675741803863,1185.675741803863,0,Low
NA,33451489.86,0,0,11478,2914400.58024046,2914400.58024046,0,Low
NA,33451489.86,0,0,8021406686,4.170277255532235,4.170277255532235,0,Low
NA,33451489.86,0,0,475299909,70.37975229235737,70.37975229235737,0,Low
NA,33451489.86,0,0,199713824,167.49711757559658,167.49711757559658,0,Low
NA,33451489.86,0,0,264719925,126.3655913320465,126.3655913320465,0,Low
NA,33451489.86,0,0,71212991,469.73858828651083,469.73858828651083,0,Low
NA,33451489.86,0,0,435937001,76.73468823078865,76.73468823078865,0,Low
NA,33451489.86,0,0,1034848565,32.32500965974669,32.32500965974669,0,Low
NA,33451489.86,0,0,380481775,87.9187705114128,87.9187705114128,0,Low
NA,33451489.86,0,0,179821109,186.0264906941487,186.0264906941487,0,Low
NA,33451489.86,0,0,44052902,759.348155088625,759.348155088625,0,Low
NA,33451489.86,0,0,430492778,77.70511276730407,77.70511276730407,0,Low
NA,33451489.86,0,0,4747661033,7.045888412733277,7.045888412733277,0,Low
NA,33451489.86,0,0,79341768,421.6126096408641,421.6126096408641,0,Low
NA,33451489.86,0,0,1663264901,20.11194358751156,20.11194358751156,0,Low
NA,33451489.86,0,0,2022467287,16.539941127858647,16.539941127858647,0,Low
NA,33451489.86,0,0,684898412,48.84153514433904,48.84153514433904,0,Low
NA,33451489.86,0,0,297688665,112.37072079986653,112.37072079986653,0,Low
NA,33451489.86,0,0,746964086,44.78326399751433,44.78326399751433,0,Low
NA,33451489.86,0,0,289050977,115.72868636247509,115.72868636247509,0,Low
NA,33451489.86,0,0,107439461,311.3519888190802,311.3519888190802,0,Low
NA,33451489.86,0,0,151975351,220.1112854149618,220.1112854149618,0,Low
NA,33451489.86,0,0,198498297,168.52280531152365,168.52280531152365,0,Low
NA,33451489.86,0,0,45049350,742.552109186925,742.552109186925,0,Low
NA,33451489.86,0,0,31332719,1067.6216724121516,1067.6216724121516,0,Low
NA,33451489.86,0,0,12503827,2675.300118915593,2675.300118915593,0,Low
NA,33451489.86,0,0,449113453,74.48338417954271,74.48338417954271,0,Low
NA,33451489.86,0,0,1134811910,29.477563255394454,29.477563255394454,0,Low
NA,33451489.86,0,0,566128954,59.088109914971774,59.088109914971774,0,Low
NA,33451489.86,0,0,72230332,463.12247131855906,463.12247131855906,0,Low
NA,33451489.86,0,0,1039281637,32.18712682787447,32.18712682787447,0,Low
NA,33451489.86,0,0,1780529299,18.787385233586093,18.787385233586093,0,Low
NA,22462530.68,0,0,5343,4204104.562979599,4204104.562979599,0,Low
NA,22462530.68,0,0,12077154,1859.9192061308484,1859.9192061308484,0,Low
NA,22462530.68,0,0,7465915,3008.677527134986,3008.677527134986,0,Low
NA,22462530.68,0,0,704356,31890.877170067408,31890.877170067408,0,Low
NA,22462530.68,0,0,1425179569,15.761193304055848,15.761193304055848,0,Low
NA,22462530.68,0,0,23420111,959.1129042898217,959.1129042898217,0,Low
NA,22462530.68,0,0,30395002,739.0205363368623,739.0205363368623,0,Low
NA,22462530.68,0,0,185345,121193.07604737111,121193.07604737111,0,Low
NA,22462530.68,0,0,102396968,219.3671464959783,219.3671464959783,0,Low
NA,22462530.68,0,0,89524246,250.9100236376188,250.9100236376188,0,Low
NA,22462530.68,0,0,112114,200354.37750860731,200354.37750860731,0,Low
NA,22462530.68,0,0,17904421,1254.5801218592883,1254.5801218592883,0,Low
NA,22462530.68,0,0,871540,25773.378938430822,25773.378938430822,0,Low
NA,22462530.68,0,0,10920,2057008.304029304,2057008.304029304,0,Low
NA,22462530.68,0,0,87058473,258.0165939735699,258.0165939735699,0,Low
NA,22462530.68,0,0,86507,259661.4225438404,259661.4225438404,0,Low
NA,22462530.68,0,0,28213017,796.1761296213022,796.1761296213022,0,Low
NA,22462530.68,0,0,11478,1957007.377591915,1957007.377591915,0,Low
NA,22462530.68,0,0,8021406686,2.800323130256508,2.800323130256508,0,Low
NA,22462530.68,0,0,475299909,47.25969909663921,47.25969909663921,0,Low
NA,22462530.68,0,0,199713824,112.47358960990101,112.47358960990101,0,Low
NA,22462530.68,0,0,264719925,84.85394773362829,84.85394773362829,0,Low
NA,22462530.68,0,0,71212991,315.4274292453185,315.4274292453185,0,Low
NA,22462530.68,0,0,435937001,51.52701107837368,51.52701107837368,0,Low
NA,22462530.68,0,0,1034848565,21.706104100361777,21.706104100361777,0,Low
NA,22462530.68,0,0,380481775,59.03707393080786,59.03707393080786,0,Low
NA,22462530.68,0,0,179821109,124.91598347333071,124.91598347333071,0,Low
NA,22462530.68,0,0,44052902,509.89900007041535,509.89900007041535,0,Low
NA,22462530.68,0,0,430492778,52.178646955141254,52.178646955141254,0,Low
NA,22462530.68,0,0,4747661033,4.731283578138297,4.731283578138297,0,Low
NA,22462530.68,0,0,79341768,283.11104284946106,283.11104284946106,0,Low
NA,22462530.68,0,0,1663264901,13.505083084777967,13.505083084777967,0,Low
NA,22462530.68,0,0,2022467287,11.10649889092619,11.10649889092619,0,Low
NA,22462530.68,0,0,684898412,32.79687948816561,32.79687948816561,0,Low
NA,22462530.68,0,0,297688665,75.45645273393261,75.45645273393261,0,Low
NA,22462530.68,0,0,746964086,30.071767975200885,30.071767975200885,0,Low
NA,22462530.68,0,0,289050977,77.71131207766165,77.71131207766165,0,Low
NA,22462530.68,0,0,107439461,209.07151311937426,209.07151311937426,0,Low
NA,22462530.68,0,0,151975351,147.80377562674622,147.80377562674622,0,Low
NA,22462530.68,0,0,198498297,113.16233448592257,113.16233448592257,0,Low
NA,22462530.68,0,0,45049350,498.62052793214554,498.62052793214554,0,Low
NA,22462530.68,0,0,31332719,716.9033329025802,716.9033329025802,0,Low
NA,22462530.68,0,0,12503827,1796.4524525171373,1796.4524525171373,0,Low
NA,22462530.68,0,0,449113453,50.01527015045795,50.01527015045795,0,Low
NA,22462530.68,0,0,1134811910,19.794056162135274,19.794056162135274,0,Low
NA,22462530.68,0,0,566128954,39.67741010469498,39.67741010469498,0,Low
NA,22462530.68,0,0,72230332,310.98473533251934,310.98473533251934,0,Low
NA,22462530.68,0,0,1039281637,21.613516375446167,21.613516375446167,0,Low
NA,22462530.68,0,0,1780529299,12.615647882130133,12.615647882130133,0,Low
LUX,910,104397497.865071,51497289.2919332,653313,159798.4547453839,78825.39195138196,-0.5067199362035196,Critical
LUX,0,104397497.865071,51497289.2919332,653313,159797.0618448906,78824.83479118464,-0.5067191231106793,Critical
LUX,85890,104397497.865071,51497289.2919332,653313,159928.53022222273,78877.42214211749,-0.5067958041475382,Critical
MDG,266913.78,22975411.307521,18300698.4683716,30437260,763.6142375338976,610.0290317975929,-0.2011293113553123,High
MDG,4873948,22975411.307521,18300698.4683716,30437260,914.9758982090043,761.3906924726996,-0.16785710534773218,High
MDG,2000,22975411.307521,18300698.4683716,30437260,754.9106360927692,601.3254303564645,-0.20344819425412228,High
MWI,3716479,6842541.333404,5952607.3856012,20568728,513.3531025060958,470.0867445765825,-0.08428186703907085,Medium
MWI,147000,6842541.333404,5952607.3856012,20568728,339.81398039801,296.54762246849685,-0.1273236547797035,Medium
MWI,1000,6842541.333404,5952607.3856012,20568728,332.71582634589754,289.4494684163843,-0.1300399755692196,Medium
MYS,840.1,1118871667.855272,957732579.7861644,34695493,32248.353062897015,27603.97207459091,-0.14401916833544115,Medium
MYS,2281736,1118871667.855272,957732579.7861644,34695493,32314.093471889042,27669.712483582938,-0.14372617298846352,Medium
MDV,147.01,14881767.644139,12243543.64395,524106,28394.85648731173,23361.0961407616,-0.17727718922613567,High
MLI,3904687,0,0,23072640,169.2345132589942,67.693805303597685,-0.6,Critical
MLI,2864723,0,0,23072640,124.16104095586807,49.66441638234723,-0.6,Critical
MLI,33542,0,0,23072640,1.453756483870073,0.5815025935480292,-0.6,Critical
MLT,0,36683331.403546,26224924.2057052,528192,69450.75162733627,49650.36237903111,-0.2850997114408708,High
MLT,0,36683331.403546,26224924.2057052,528192,69450.75162733627,49650.36237903111,-0.2850997114408708,High
MLT,0,36683331.403546,26224924.2057052,528192,69450.75162733627,49650.36237903111,-0.2850997114408708,High
MRT,17896,20832339.649887,16223809.8532146,4875637,4276.412630777681,3331.196693522221,-0.22103010604090598,High
MRT,403000,20832339.649887,16223809.8532146,4875637,4355.398002330157,3410.1820650746968,-0.21702171345759122,High
MRT,2000,20832339.649887,16223809.8532146,4875637,4273.152338840443,3327.9364015849824,-0.22119874563422495,High
MUS,823,27150982.8373239,21887507.977542806,1276130,21276.677013567507,17152.11692973506,-0.19385358348967446,High
MUS,0,27150982.8373239,21887507.977542806,1276130,21276.032094946364,17151.472011113918,-0.1938594595752721,High
NA,19892.97,0,0,5343,3723.1836047164516,3723.1836047164516,0,Low
NA,19892.97,0,0,12077154,1.647157103403666,1.647157103403666,0,Low
NA,19892.97,0,0,7465915,2.6645052883671996,2.6645052883671996,0,Low
NA,19892.97,0,0,704356,28.24277779986257,28.24277779986257,0,Low
NA,19892.97,0,0,1425179569,0.013958220025535603,0.013958220025535603,0,Low
NA,19892.97,0,0,23420111,0.8493969136183855,0.8493969136183855,0,Low
NA,19892.97,0,0,30395002,0.6544816151023777,0.6544816151023777,0,Low
NA,19892.97,0,0,185345,107.32941271682537,107.32941271682537,0,Low
NA,19892.97,0,0,102396968,0.19427303745946853,0.19427303745946853,0,Low
NA,19892.97,0,0,89524246,0.22220762406644565,0.22220762406644565,0,Low
NA,19892.97,0,0,112114,177.43519988583049,177.43519988583049,0,Low
NA,19892.97,0,0,17904421,1.1110646917875757,1.1110646917875757,0,Low
NA,19892.97,0,0,871540,22.8250797439016,22.8250797439016,0,Low
NA,19892.97,0,0,10920,1821.7005494505495,1821.7005494505495,0,Low
NA,19892.97,0,0,87058473,0.22850125110740227,0.22850125110740227,0,Low
NA,19892.97,0,0,86507,229.95792248026171,229.95792248026171,0,Low
NA,19892.97,0,0,28213017,0.7050989973883331,0.7050989973883331,0,Low
NA,19892.97,0,0,11478,1733.1390486147413,1733.1390486147413,0,Low
NA,19892.97,0,0,8021406686,0.0024799852168971553,0.0024799852168971553,0,Low
NA,19892.97,0,0,475299909,0.04185351106389545,0.04185351106389545,0,Low
NA,19892.97,0,0,199713824,0.09960737620246057,0.09960737620246057,0,Low
NA,19892.97,0,0,264719925,0.07514723343926605,0.07514723343926605,0,Low
NA,19892.97,0,0,71212991,0.27934467743392494,0.27934467743392494,0,Low
NA,19892.97,0,0,435937001,0.04563267158870967,0.04563267158870967,0,Low
NA,19892.97,0,0,1034848565,0.0192230734745233,0.0192230734745233,0,Low
NA,19892.97,0,0,380481775,0.05228363434753215,0.05228363434753215,0,Low
NA,19892.97,0,0,179821109,0.11062644486304442,0.11062644486304442,0,Low
NA,19892.97,0,0,44052902,0.45157002369560123,0.45157002369560123,0,Low
NA,19892.97,0,0,430492778,0.04620976475475275,0.04620976475475275,0,Low
NA,19892.97,0,0,4747661033,0.004190056927343406,0.004190056927343406,0,Low
NA,19892.97,0,0,79341768,0.2507250657686378,0.2507250657686378,0,Low
NA,19892.97,0,0,1663264901,0.011960193465298165,0.011960193465298165,0,Low
NA,19892.97,0,0,2022467287,0.009835990983818568,0.009835990983818568,0,Low
NA,19892.97,0,0,684898412,0.02904513961699768,0.02904513961699768,0,Low
NA,19892.97,0,0,297688665,0.066824747929183,0.066824747929183,0,Low
NA,19892.97,0,0,746964086,0.026631762320096338,0.026631762320096338,0,Low
NA,19892.97,0,0,289050977,0.06882166670552371,0.06882166670552371,0,Low
NA,19892.97,0,0,107439461,0.1851551544920725,0.1851551544920725,0,Low
NA,19892.97,0,0,151975351,0.13089602931728053,0.13089602931728053,0,Low
NA,19892.97,0,0,198498297,0.10021733335072391,0.10021733335072391,0,Low
NA,19892.97,0,0,45049350,0.4415817320338695,0.4415817320338695,0,Low
NA,19892.97,0,0,31332719,0.6348944692607111,0.6348944692607111,0,Low
NA,19892.97,0,0,12503827,1.590950514590453,1.590950514590453,0,Low
NA,19892.97,0,0,449113453,0.04429386353741668,0.04429386353741668,0,Low
NA,19892.97,0,0,1134811910,0.017529750811304052,0.017529750811304052,0,Low
NA,19892.97,0,0,566128954,0.03513858434451314,0.03513858434451314,0,Low
NA,19892.97,0,0,72230332,0.2754101974777023,0.2754101974777023,0,Low
NA,19892.97,0,0,1039281637,0.019141077155392865,0.019141077155392865,0,Low
NA,19892.97,0,0,1780529299,0.011172503598324668,0.011172503598324668,0,Low
NA,16620.53,0,0,5343,3110.711210930189,3110.711210930189,0,Low
NA,16620.53,0,0,12077154,1.3761959150309748,1.3761959150309748,0,Low
NA,16620.53,0,0,7465915,2.226187948831456,2.226187948831456,0,Low
NA,16620.53,0,0,704356,23.596774926315668,23.596774926315668,0,Low
NA,16620.53,0,0,1425179569,0.01166206024947583,0.01166206024947583,0,Low
NA,16620.53,0,0,23420111,0.7096691386304701,0.7096691386304701,0,Low
NA,16620.53,0,0,30395002,0.5468178616997623,0.5468178616997623,0,Low
NA,16620.53,0,0,185345,89.67347379211739,89.67347379211739,0,Low
NA,16620.53,0,0,102396968,0.1623146693171618,0.1623146693171618,0,Low
NA,16620.53,0,0,89524246,0.1856539512212144,0.1856539512212144,0,Low
NA,16620.53,0,0,112114,148.24669532796972,148.24669532796972,0,Low
NA,16620.53,0,0,17904421,0.9282919564949907,0.9282919564949907,0,Low
NA,16620.53,0,0,871540,19.070300846776966,19.070300846776966,0,Low
NA,16620.53,0,0,10920,1522.0265567765566,1522.0265567765566,0,Low
NA,16620.53,0,0,87058473,0.190912261923087,0.190912261923087,0,Low
NA,16620.53,0,0,86507,192.12930745488802,192.12930745488802,0,Low
NA,16620.53,0,0,28213017,0.5891085664464739,0.5891085664464739,0,Low
NA,16620.53,0,0,11478,1448.0336295521865,1448.0336295521865,0,Low
NA,16620.53,0,0,8021406686,0.002072021859832678,0.002072021859832678,0,Low
NA,16620.53,0,0,475299909,0.03496851079767406,0.03496851079767406,0,Low
NA,16620.53,0,0,199713824,0.0832217303094652,0.0832217303094652,0,Low
NA,16620.53,0,0,264719925,0.06278533812670126,0.06278533812670126,0,Low
NA,16620.53,0,0,71212991,0.23339182593805108,0.23339182593805108,0,Low
NA,16620.53,0,0,435937001,0.038125990594682274,0.038125990594682274,0,Low
NA,16620.53,0,0,1034848565,0.016060833016664614,0.016060833016664614,0,Low
NA,16620.53,0,0,380481775,0.04368285445472388,0.04368285445472388,0,Low
NA,16620.53,0,0,179821109,0.0924281364542135,0.0924281364542135,0,Low
NA,16620.53,0,0,44052902,0.37728570072409756,0.37728570072409756,0,Low
NA,16620.53,0,0,430492778,0.038608150587836336,0.038608150587836336,0,Low
NA,16620.53,0,0,4747661033,0.0035007827821898333,0.0035007827821898333,0,Low
NA,16620.53,0,0,79341768,0.20948020719679447,0.20948020719679447,0,Low
NA,16620.53,0,0,1663264901,0.009992713722274355,0.009992713722274355,0,Low
NA,16620.53,0,0,2022467287,0.008217947507400153,0.008217947507400153,0,Low
NA,16620.53,0,0,684898412,0.024267146351625645,0.024267146351625645,0,Low
NA,16620.53,0,0,297688665,0.05583192090971955,0.05583192090971955,0,Low
NA,16620.53,0,0,746964086,0.022250775253470485,0.022250775253470485,0,Low
NA,16620.53,0,0,289050977,0.05750034188606115,0.05750034188606115,0,Low
NA,16620.53,0,0,107439461,0.15469669938124503,0.15469669938124503,0,Low
NA,16620.53,0,0,151975351,0.10936332695161861,0.10936332695161861,0,Low
NA,16620.53,0,0,198498297,0.08373134808305181,0.08373134808305181,0,Low
NA,16620.53,0,0,45049350,0.36894050635580755,0.36894050635580755,0,Low
NA,16620.53,0,0,31332719,0.5304528470701824,0.5304528470701824,0,Low
NA,16620.53,0,0,12503827,1.3292354412772984,1.3292354412772984,0,Low
NA,16620.53,0,0,449113453,0.03700741959292855,0.03700741959292855,0,Low
NA,16620.53,0,0,1134811910,0.014646065884169297,0.014646065884169297,0,Low
NA,16620.53,0,0,566128954,0.029358205197892066,0.029358205197892066,0,Low
NA,16620.53,0,0,72230332,0.23010457711865423,0.23010457711865423,0,Low
NA,16620.53,0,0,1039281637,0.015992325283430364,0.015992325283430364,0,Low
NA,16620.53,0,0,1780529299,0.009334600677076529,0.009334600677076529,0,Low
NA,5,0,0,5343,0.9358038555118847,0.9358038555118847,0,Low
NA,5,0,0,12077154,4.140048226593782e-4,4.140048226593782e-4,0,Low
NA,5,0,0,7465915,6.69710276637224e-4,6.69710276637224e-4,0,Low
NA,5,0,0,704356,0.007098683052320133,0.007098683052320133,0,Low
NA,5,0,0,1425179569,3.508329833487811e-6,3.508329833487811e-6,0,Low
NA,5,0,0,23420111,2.1349172939445077e-4,2.1349172939445077e-4,0,Low
NA,5,0,0,30395002,1.6450072942913443e-4,1.6450072942913443e-4,0,Low
NA,5,0,0,185345,0.0269767190914241,0.0269767190914241,0,Low
NA,5,0,0,102396968,4.882957081307329e-5,4.882957081307329e-5,0,Low
NA,5,0,0,89524246,5.585079152747067e-5,5.585079152747067e-5,0,Low
NA,5,0,0,112114,0.04459746329628771,0.04459746329628771,0,Low
NA,5,0,0,17904421,2.792606362417416e-4,2.792606362417416e-4,0,Low
NA,5,0,0,871540,0.005736971338091195,0.005736971338091195,0,Low
NA,5,0,0,10920,0.45787545787545786,0.45787545787545786,0,Low
NA,5,0,0,87058473,5.743266367651544e-5,5.743266367651544e-5,0,Low
NA,5,0,0,86507,0.057798790849295435,0.057798790849295435,0,Low
NA,5,0,0,28213017,1.7722315908291552e-4,1.7722315908291552e-4,0,Low
NA,5,0,0,11478,0.4356159609688099,0.4356159609688099,0,Low
NA,5,0,0,8021406686,6.233320657742798e-7,6.233320657742798e-7,0,Low
NA,5,0,0,475299909,1.0519673800316254e-5,1.0519673800316254e-5,0,Low
NA,5,0,0,199713824,2.5035823258784528e-5,2.5035823258784528e-5,0,Low
NA,5,0,0,264719925,1.8887886886489562e-5,1.8887886886489562e-5,0,Low
NA,5,0,0,71212991,7.021190838621004e-5,7.021190838621004e-5,0,Low
NA,5,0,0,435937001,1.146954717890533e-5,1.146954717890533e-5,0,Low
NA,5,0,0,1034848565,4.831624808795092e-6,4.831624808795092e-6,0,Low
NA,5,0,0,380481775,1.314123390009942e-5,1.314123390009942e-5,0,Low
NA,5,0,0,179821109,2.7805411877423134e-5,2.7805411877423134e-5,0,Low
NA,5,0,0,44052902,1.1349990064218697e-4,1.1349990064218697e-4,0,Low
NA,5,0,0,430492778,1.1614596702943993e-5,1.1614596702943993e-5,0,Low
NA,5,0,0,4747661033,1.0531501649435468e-6,1.0531501649435468e-6,0,Low
NA,5,0,0,79341768,6.301850999841596e-5,6.301850999841596e-5,0,Low
NA,5,0,0,1663264901,3.006135701531286e-6,3.006135701531286e-6,0,Low
NA,5,0,0,2022467287,2.472227873419245e-6,2.472227873419245e-6,0,Low
NA,5,0,0,684898412,7.300352741947954e-6,7.300352741947954e-6,0,Low
NA,5,0,0,297688665,1.679607115709293e-5,1.679607115709293e-5,0,Low
NA,5,0,0,746964086,6.693762248697992e-6,6.693762248697992e-6,0,Low
NA,5,0,0,289050977,1.729798685302489e-5,1.729798685302489e-5,0,Low
NA,5,0,0,107439461,4.653783585157785e-5,4.653783585157785e-5,0,Low
NA,5,0,0,151975351,3.2900072064975854e-5,3.2900072064975854e-5,0,Low
NA,5,0,0,198498297,2.5189132982838638e-5,2.5189132982838638e-5,0,Low
NA,5,0,0,45049350,1.1098939274373549e-4,1.1098939274373549e-4,0,Low
NA,5,0,0,31332719,1.5957759682458454e-4,1.5957759682458454e-4,0,Low
NA,5,0,0,12503827,3.998775734821027e-4,3.998775734821027e-4,0,Low
NA,5,0,0,449113453,1.1133044371307221e-5,1.1133044371307221e-5,0,Low
NA,5,0,0,1134811910,4.406016500126439e-6,4.406016500126439e-6,0,Low
NA,5,0,0,566128954,8.831910052775714e-6,8.831910052775714e-6,0,Low
NA,5,0,0,72230332,6.92229962337706e-5,6.92229962337706e-5,0,Low
NA,5,0,0,1039281637,4.8110154379644836e-6,4.8110154379644836e-6,0,Low
NA,5,0,0,1780529299,2.808153734290221e-6,2.808153734290221e-6,0,Low
MEX,26553239.3,2407506364.099,1516897238.8984,128613117,18925.438245921683,12000.72367578495,-0.36589454258101356,Critical
MEX,246317.45,2407506364.099,1516897238.8984,128613117,18720.895175481983,11796.180605345255,-0.36989227839947275,Critical
MEX,3610847.35,2407506364.099,1516897238.8984,128613117,18747.05525913815,11822.340689001418,-0.36937612197848074,Critical
FSM,90.77,0,0,523477,0.17339825818517338,0.17339825818517338,0,Low
FSM,182.11,0,0,523477,0.3478853894249413,0.3478853894249413,0,Low
NA,90.77,0,0,5343,16.988583192962754,16.988583192962754,0,Low
NA,90.77,0,0,12077154,0.007515843550558352,0.007515843550558352,0,Low
NA,90.77,0,0,7465915,0.012157920362072165,0.012157920362072165,0,Low
NA,90.77,0,0,704356,0.1288694921318197,0.1288694921318197,0,Low
NA,90.77,0,0,1425179569,6.369021979713772e-5,6.369021979713772e-5,0,Low
NA,90.77,0,0,23420111,0.0038757288554268593,0.0038757288554268593,0,Low
NA,90.77,0,0,30395002,0.0029863462420565063,0.0029863462420565063,0,Low
NA,90.77,0,0,185345,0.48973535838571314,0.48973535838571314,0,Low
NA,90.77,0,0,102396968,8.864520285405326e-4,8.864520285405326e-4,0,Low
NA,90.77,0,0,89524246,0.0010139152693897026,0.0010139152693897026,0,Low
NA,90.77,0,0,112114,0.8096223486808071,0.8096223486808071,0,Low
NA,90.77,0,0,17904421,0.005069697590332578,0.005069697590332578,0,Low
NA,90.77,0,0,871540,0.10414897767170755,0.10414897767170755,0,Low
NA,90.77,0,0,10920,8.312271062271062,8.312271062271062,0,Low
NA,90.77,0,0,87058473,0.0010426325763834613,0.0010426325763834613,0,Low
NA,90.77,0,0,86507,1.0492792490781093,1.0492792490781093,0,Low
NA,90.77,0,0,28213017,0.0032173092299912485,0.0032173092299912485,0,Low
NA,90.77,0,0,11478,7.908172155427775,7.908172155427775,0,Low
NA,90.77,0,0,8021406686,1.1315970322066276e-5,1.1315970322066276e-5,0,Low
NA,90.77,0,0,475299909,1.9097415817094127e-4,1.9097415817094127e-4,0,Low
NA,90.77,0,0,199713824,4.5450033543997434e-4,4.5450033543997434e-4,0,Low
NA,90.77,0,0,264719925,3.428906985373315e-4,3.428906985373315e-4,0,Low
NA,90.77,0,0,71212991,0.0012746269848432571,0.0012746269848432571,0,Low
NA,90.77,0,0,435937001,2.0821815948584736e-4,2.0821815948584736e-4,0,Low
NA,90.77,0,0,1034848565,8.77133167788661e-5,8.77133167788661e-5,0,Low
NA,90.77,0,0,380481775,2.3856596022240486e-4,2.3856596022240486e-4,0,Low
NA,90.77,0,0,179821109,5.047794472227395e-4,5.047794472227395e-4,0,Low
NA,90.77,0,0,44052902,0.0020604771962582625,0.0020604771962582625,0,Low
NA,90.77,0,0,430492778,2.1085138854524523e-4,2.1085138854524523e-4,0,Low
NA,90.77,0,0,4747661033,1.911888809438515e-5,1.911888809438515e-5,0,Low
NA,90.77,0,0,79341768,0.0011440380305112435,0.0011440380305112435,0,Low
NA,90.77,0,0,1663264901,5.4573387525598966e-5,5.4573387525598966e-5,0,Low
NA,90.77,0,0,2022467287,4.488082481405297e-5,4.488082481405297e-5,0,Low
NA,90.77,0,0,684898412,1.3253060367732317e-4,1.3253060367732317e-4,0,Low
NA,90.77,0,0,297688665,3.0491587578586506e-4,3.0491587578586506e-4,0,Low
NA,90.77,0,0,746964086,1.2151855986286334e-4,1.2151855986286334e-4,0,Low
NA,90.77,0,0,289050977,3.1402765332981384e-4,3.1402765332981384e-4,0,Low
NA,90.77,0,0,107439461,8.448478720495443e-4,8.448478720495443e-4,0,Low
NA,90.77,0,0,151975351,5.972679082675717e-4,5.972679082675717e-4,0,Low
NA,90.77,0,0,198498297,4.5728352017045267e-4,4.5728352017045267e-4,0,Low
NA,90.77,0,0,45049350,0.002014901435869774,0.002014901435869774,0,Low
NA,90.77,0,0,31332719,0.002896971692753508,0.002896971692753508,0,Low
NA,90.77,0,0,12503827,0.007259377468994093,0.007259377468994093,0,Low
NA,90.77,0,0,449113453,2.0210928751671127e-4,2.0210928751671127e-4,0,Low
NA,90.77,0,0,1134811910,7.998682354329538e-5,7.998682354329538e-5,0,Low
NA,90.77,0,0,566128954,1.6033449509809033e-4,1.6033449509809033e-4,0,Low
NA,90.77,0,0,72230332,0.0012566742736278714,0.0012566742736278714,0,Low
NA,90.77,0,0,1039281637,8.733917426080723e-5,8.733917426080723e-5,0,Low
NA,90.77,0,0,1780529299,5.097922289230468e-5,5.097922289230468e-5,0,Low
NA,182.11,0,0,5343,34.08384802545387,34.08384802545387,0,Low
NA,182.11,0,0,12077154,0.015078883650899873,0.015078883650899873,0,Low
NA,182.11,0,0,7465915,0.02439218769568097,0.02439218769568097,0,Low
NA,182.11,0,0,704356,0.2585482341316039,0.2585482341316039,0,Low
NA,182.11,0,0,1425179569,1.2778038919529305e-4,1.2778038919529305e-4,0,Low
NA,182.11,0,0,23420111,0.007775795768004686,0.007775795768004686,0,Low
NA,182.11,0,0,30395002,0.005991445567267935,0.005991445567267935,0,Low
NA,182.11,0,0,185345,0.9825460627478486,0.9825460627478486,0,Low
NA,182.11,0,0,102396968,0.0017784706281537555,0.0017784706281537555,0,Low
NA,182.11,0,0,89524246,0.0020341975290135367,0.0020341975290135367,0,Low
NA,182.11,0,0,112114,1.6243288081773908,1.6243288081773908,0,Low
NA,182.11,0,0,17904421,0.010171230893196714,0.010171230893196714,0,Low
NA,182.11,0,0,871540,0.2089519700759575,0.2089519700759575,0,Low
NA,182.11,0,0,10920,16.676739926739927,16.676739926739927,0,Low
NA,182.11,0,0,87058473,0.0020918124764260455,0.0020918124764260455,0,Low
NA,182.11,0,0,86507,2.1051475603130383,2.1051475603130383,0,Low
NA,182.11,0,0,28213017,0.006454821900117949,0.006454821900117949,0,Low
NA,182.11,0,0,11478,15.866004530405995,15.866004530405995,0,Low
NA,182.11,0,0,8021406686,2.270300049963082e-5,2.270300049963082e-5,0,Low
NA,182.11,0,0,475299909,3.831475591551186e-4,3.831475591551186e-4,0,Low
NA,182.11,0,0,199713824,9.118547547314501e-4,9.118547547314501e-4,0,Low
NA,182.11,0,0,264719925,6.879346161797228e-4,6.879346161797228e-4,0,Low
NA,182.11,0,0,71212991,0.002557258127242542,0.002557258127242542,0,Low
NA,182.11,0,0,435937001,4.1774384735008993e-4,4.1774384735008993e-4,0,Low
NA,182.11,0,0,1034848565,1.7597743878593482e-4,1.7597743878593482e-4,0,Low
NA,182.11,0,0,380481775,4.786300211094211e-4,4.786300211094211e-4,0,Low
NA,182.11,0,0,179821109,0.0010127287113995053,0.0010127287113995053,0,Low
NA,182.11,0,0,44052902,0.004133893381189734,0.004133893381189734,0,Low
NA,182.11,0,0,430492778,4.230268411146261e-4,4.230268411146261e-4,0,Low
NA,182.11,0,0,4747661033,3.835783530757386e-5,3.835783530757386e-5,0,Low
NA,182.11,0,0,79341768,0.0022952601711623065,0.0022952601711623065,0,Low
NA,182.11,0,0,1663264901,1.094894745211725e-4,1.094894745211725e-4,0,Low
NA,182.11,0,0,2022467287,9.004348360567575e-5,9.004348360567575e-5,0,Low
NA,182.11,0,0,684898412,2.658934475672284e-4,2.658934475672284e-4,0,Low
NA,182.11,0,0,297688665,6.117465036836388e-4,6.117465036836388e-4,0,Low
NA,182.11,0,0,746964086,2.4380020862207826e-4,2.4380020862207826e-4,0,Low
NA,182.11,0,0,289050977,6.300272771608726e-4,6.300272771608726e-4,0,Low
NA,182.11,0,0,107439461,0.0016950010573861683,0.0016950010573861683,0,Low
NA,182.11,0,0,151975351,0.0011982864247505505,0.0011982864247505505,0,Low
NA,182.11,0,0,198498297,9.174386015009489e-4,9.174386015009489e-4,0,Low
NA,182.11,0,0,45049350,0.0040424556625123335,0.0040424556625123335,0,Low
NA,182.11,0,0,31332719,0.005812135231545019,0.005812135231545019,0,Low
NA,182.11,0,0,12503827,0.014564340981365146,0.014564340981365146,0,Low
NA,182.11,0,0,449113453,4.054877420917516e-4,4.054877420917516e-4,0,Low
NA,182.11,0,0,1134811910,1.6047593296760517e-4,1.6047593296760517e-4,0,Low
NA,182.11,0,0,566128954,3.2167582794219706e-4,3.2167582794219706e-4,0,Low
NA,182.11,0,0,72230332,0.0025212399688263926,0.0025212399688263926,0,Low
NA,182.11,0,0,1039281637,1.752268042815424e-4,1.752268042815424e-4,0,Low
NA,182.11,0,0,1780529299,1.0227857531031844e-4,1.0227857531031844e-4,0,Low
NA,8211980.62,0,0,5343,1536960.6251169755,1536960.6251169755,0,Low
NA,8211980.62,0,0,12077154,679.9599160530702,679.9599160530702,0,Low
NA,8211980.62,0,0,7465915,1099.9295625519444,1099.9295625519444,0,Low
NA,8211980.62,0,0,704356,11658.849530635076,11658.849530635076,0,Low
NA,8211980.62,0,0,1425179569,5.762067320233946,5.762067320233946,0,Low
NA,8211980.62,0,0,23420111,350.6379888635028,350.6379888635028,0,Low
NA,8211980.62,0,0,30395002,270.1753604095831,270.1753604095831,0,Low
NA,8211980.62,0,0,185345,44306.458873991745,44306.458873991745,0,Low
NA,8211980.62,0,0,102396968,80.1974978399751,80.1974978399751,0,Low
NA,8211980.62,0,0,89524246,91.72912352704986,91.72912352704986,0,Low
NA,8211980.62,0,0,112114,73246.70085805519,73246.70085805519,0,Low
NA,8211980.62,0,0,17904421,458.6565865492104,458.6565865492104,0,Low
NA,8211980.62,0,0,871540,9422.379489180072,9422.379489180072,0,Low
NA,8211980.62,0,0,10920,752012.8772893773,752012.8772893773,0,Low
NA,8211980.62,0,0,87058473,94.32718421330455,94.32718421330455,0,Low
NA,8211980.62,0,0,86507,94928.51006276949,94928.51006276949,0,Low
NA,8211980.62,0,0,28213017,291.07062956081586,291.07062956081586,0,Low
NA,8211980.62,0,0,11478,715453.9658477086,715453.9658477086,0,Low
NA,8211980.62,0,0,8021406686,1.0237581687925903,1.0237581687925903,0,Low
NA,8211980.62,0,0,475299909,17.277471475383766,17.277471475383766,0,Low
NA,8211980.62,0,0,199713824,41.11873908137676,41.11873908137676,0,Low
NA,8211980.62,0,0,264719925,31.021392212920883,31.021392212920883,0,Low
NA,8211980.62,0,0,71212991,115.31576619215446,115.31576619215446,0,Low
NA,8211980.62,0,0,435937001,18.837539830669247,18.837539830669247,0,Low
NA,8211980.62,0,0,1034848565,7.9354418585873,7.9354418585873,0,Low
NA,8211980.62,0,0,380481775,21.58311162210069,21.58311162210069,0,Low
NA,8211980.62,0,0,179821109,45.66750069370332,45.66750069370332,0,Low
NA,8211980.62,0,0,44052902,186.411796889113,186.411796889113,0,Low
NA,8211980.62,0,0,430492778,19.075768606738393,19.075768606738393,0,Low
NA,8211980.62,0,0,4747661033,1.7296897488932421,1.7296897488932421,0,Low
NA,8211980.62,0,0,79341768,103.50135656165364,103.50135656165364,0,Low
NA,8211980.62,0,0,1663264901,4.937265624413005,4.937265624413005,0,Low
NA,8211980.62,0,0,2022467287,4.06037747694853,4.06037747694853,0,Low
NA,8211980.62,0,0,684898412,11.990071047208094,11.990071047208094,0,Low
NA,8211980.62,0,0,297688665,27.585802166837624,27.585802166837624,0,Low
NA,8211980.62,0,0,746964086,10.993809172239105,10.993809172239105,0,Low
NA,8211980.62,0,0,289050977,28.41014656041104,28.41014656041104,0,Low
NA,8211980.62,0,0,107439461,76.4335612219797,76.4335612219797,0,Low
NA,8211980.62,0,0,151975351,54.03495083883702,54.03495083883702,0,Low
NA,8211980.62,0,0,198498297,41.37053437793474,41.37053437793474,0,Low
NA,8211980.62,0,0,45049350,182.2885484474249,182.2885484474249,0,Low
NA,8211980.62,0,0,31332719,262.0896265019324,262.0896265019324,0,Low
NA,8211980.62,0,0,12503827,656.7573767615307,656.7573767615307,0,Low
NA,8211980.62,0,0,449113453,18.284868923754996,18.284868923754996,0,Low
NA,8211980.62,0,0,1134811910,7.23642442208771,7.23642442208771,0,Low
NA,8211980.62,0,0,566128954,14.50549483819547,14.50549483819547,0,Low
NA,8211980.62,0,0,72230332,113.69158070601144,113.69158070601144,0,Low
NA,8211980.62,0,0,1039281637,7.901593107817029,7.901593107817029,0,Low
NA,8211980.62,0,0,1780529299,4.612100808794385,4.612100808794385,0,Low
NA,2332454.12,0,0,5343,436543.91166011605,436543.91166011605,0,Low
NA,2332454.12,0,0,12077154,193.1294508623472,193.1294508623472,0,Low
NA,2332454.12,0,0,7465915,312.41369878976656,312.41369878976656,0,Low
NA,2332454.12,0,0,704356,3311.470506391654,3311.470506391654,0,Low
NA,2332454.12,0,0,1425179569,1.6366036748875117,1.6366036748875117,0,Low
NA,2332454.12,0,0,23420111,99.59193276240237,99.59193276240237,0,Low
NA,2332454.12,0,0,30395002,76.73808081999798,76.73808081999798,0,Low
NA,2332454.12,0,0,185345,12584.39191777496,12584.39191777496,0,Low
NA,2332454.12,0,0,102396968,22.77854672415691,22.77854672415691,0,Low
NA,2332454.12,0,0,89524246,26.053881760702012,26.053881760702012,0,Low
NA,2332454.12,0,0,112114,20804.30740139501,20804.30740139501,0,Low
NA,2332454.12,0,0,17904421,130.27252431117432,130.27252431117432,0,Low
NA,2332454.12,0,0,871540,2676.244486770544,2676.244486770544,0,Low
NA,2332454.12,0,0,10920,213594.69963369964,213594.69963369964,0,Low
NA,2332454.12,0,0,87058473,26.791810602972557,26.791810602972557,0,Low
NA,2332454.12,0,0,86507,26962.605569491487,26962.605569491487,0,Low
NA,2332454.12,0,0,28213017,82.67297751247234,82.67297751247234,0,Low
NA,2332454.12,0,0,11478,203210.84857989196,203210.84857989196,0,Low
NA,2332454.12,0,0,8021406686,0.290778688988666,0.290778688988666,0,Low
NA,2332454.12,0,0,475299909,4.907331299320741,4.907331299320741,0,Low
NA,2332454.12,0,0,199713824,11.67898182150876,11.67898182150876,0,Low
NA,2332454.12,0,0,264719925,8.811025917297309,8.811025917297309,0,Low
NA,2332454.12,0,0,71212991,32.75321099769563,32.75321099769563,0,Low
NA,2332454.12,0,0,435937001,5.350438514394423,5.350438514394423,0,Low
NA,2332454.12,0,0,1034848565,2.2539086383136646,2.2539086383136646,0,Low
NA,2332454.12,0,0,380481775,6.130265030434112,6.130265030434112,0,Low
NA,2332454.12,0,0,179821109,12.970969498358505,12.970969498358505,0,Low
NA,2332454.12,0,0,44052902,52.946662174491934,52.946662174491934,0,Low
NA,2332454.12,0,0,430492778,5.4181027863840265,5.4181027863840265,0,Low
NA,2332454.12,0,0,4747661033,0.49128488824025107,0.49128488824025107,0,Low
NA,2332454.12,0,0,79341768,29.397556656413304,29.397556656413304,0,Low
NA,2332454.12,0,0,1663264901,1.4023347204631478,1.4023347204631478,0,Low
NA,2332454.12,0,0,2022467287,1.1532716177871114,1.1532716177871114,0,Low
NA,2332454.12,0,0,684898412,3.4055475660819607,3.4055475660819607,0,Low
NA,2332454.12,0,0,297688665,7.835213074034915,7.835213074034915,0,Low
NA,2332454.12,0,0,746964086,3.122578667055219,3.122578667055219,0,Low
NA,2332454.12,0,0,289050977,8.069352140608748,8.069352140608748,0,Low
NA,2332454.12,0,0,107439461,21.70947339357929,21.70947339357929,0,Low
NA,2332454.12,0,0,151975351,15.347581727249967,15.347581727249967,0,Low
NA,2332454.12,0,0,198498297,11.750499401009975,11.750499401009975,0,Low
NA,2332454.12,0,0,45049350,51.77553327628478,51.77553327628478,0,Low
NA,2332454.12,0,0,31332719,74.44148463464023,74.44148463464023,0,Low
NA,2332454.12,0,0,12503827,186.53921875278664,186.53921875278664,0,Low
NA,2332454.12,0,0,449113453,5.193463042399667,5.193463042399667,0,Low
NA,2332454.12,0,0,1134811910,2.055366267701579,2.055366267701579,0,Low
NA,2332454.12,0,0,566128954,4.1200049980132265,4.1200049980132265,0,Low
NA,2332454.12,0,0,72230332,32.291892552840544,32.291892552840544,0,Low
NA,2332454.12,0,0,1039281637,2.2442945559327727,2.2442945559327727,0,Low
NA,2332454.12,0,0,1780529299,1.3099779494277224,1.3099779494277224,0,Low
NA,18909.34,0,0,5343,3539.0866554370205,3539.0866554370205,0,Low
NA,18909.34,0,0,12077154,1.5657115906611774,1.5657115906611774,0,Low
NA,18909.34,0,0,7465915,2.532755864485465,2.532755864485465,0,Low
NA,18909.34,0,0,704356,26.84628227771184,26.84628227771184,0,Low
NA,18909.34,0,0,1425179569,0.01326804033071288,0.01326804033071288,0,Low
NA,18909.34,0,0,23420111,0.8073975396615328,0.8073975396615328,0,Low
NA,18909.34,0,0,30395002,0.6221200446047018,0.6221200446047018,0,Low
NA,18909.34,0,0,185345,102.02239067684589,102.02239067684589,0,Low
NA,18909.34,0,0,102396968,0.18466699131169587,0.18466699131169587,0,Low
NA,18909.34,0,0,89524246,0.21122032125241244,0.21122032125241244,0,Low
NA,18909.34,0,0,112114,168.661719321405,168.661719321405,0,Low
NA,18909.34,0,0,17904421,1.056126863862283,1.056126863862283,0,Low
NA,18909.34,0,0,871540,21.69646832044427,21.69646832044427,0,Low
NA,18909.34,0,0,10920,1731.6245421245421,1731.6245421245421,0,Low
NA,18909.34,0,0,87058473,0.21720275291297608,0.21720275291297608,0,Low
NA,18909.34,0,0,86507,218.58739755164322,218.58739755164322,0,Low
NA,18909.34,0,0,28213017,0.6702345941945875,0.6702345941945875,0,Low
NA,18909.34,0,0,11478,1647.442063077191,1647.442063077191,0,Low
NA,18909.34,0,0,8021406686,0.002357359592925644,0.002357359592925644,0,Low
NA,18909.34,0,0,475299909,0.039784017715854436,0.039784017715854436,0,Low
NA,18909.34,0,0,199713824,0.09468217883605293,0.09468217883605293,0,Low
NA,18909.34,0,0,264719925,0.07143149500363451,0.07143149500363451,0,Low
NA,18909.34,0,0,71212991,0.2655321695447394,0.2655321695447394,0,Low
NA,18909.34,0,0,435937001,0.04337631345039234,0.04337631345039234,0,Low
NA,18909.34,0,0,1034848565,0.018272567252388277,0.018272567252388277,0,Low
NA,18909.34,0,0,380481775,0.049698411967301195,0.049698411967301195,0,Low
NA,18909.34,0,0,179821109,0.10515639740604647,0.10515639740604647,0,Low
NA,18909.34,0,0,44052902,0.4292416422418664,0.4292416422418664,0,Low
NA,18909.34,0,0,430492778,0.04392487160376939,0.04392487160376939,0,Low
NA,18909.34,0,0,4747661033,0.003982874907994722,0.003982874907994722,0,Low
NA,18909.34,0,0,79341768,0.2383276863706894,0.2383276863706894,0,Low
NA,18909.34,0,0,1663264901,0.011368808413278721,0.011368808413278721,0,Low
NA,18909.34,0,0,2022467287,0.009349639483192293,0.009349639483192293,0,Low
NA,18909.34,0,0,684898412,0.027608970423485226,0.027608970423485226,0,Low
NA,18909.34,0,0,297688665,0.06352052403473273,0.06352052403473273,0,Low
NA,18909.34,0,0,746964086,0.025314925247958975,0.025314925247958975,0,Low
NA,18909.34,0,0,289050977,0.06541870294387554,0.06541870294387554,0,Low
NA,18909.34,0,0,107439461,0.17599995219633502,0.17599995219633502,0,Low
NA,18909.34,0,0,151975351,0.1244237297402261,0.1244237297402261,0,Low
NA,18909.34,0,0,198498297,0.095261975975542,0.095261975975542,0,Low
NA,18909.34,0,0,45049350,0.4197472327569654,0.4197472327569654,0,Low
NA,18909.34,0,0,31332719,0.603501406947798,0.603501406947798,0,Low
NA,18909.34,0,0,12503827,1.5122841990696128,1.5122841990696128,0,Low
NA,18909.34,0,0,449113453,0.04210370425042689,0.04210370425042689,0,Low
NA,18909.34,0,0,1134811910,0.016662972809300177,0.016662972809300177,0,Low
NA,18909.34,0,0,566128954,0.03340111800747079,0.03340111800747079,0,Low
NA,18909.34,0,0,72230332,0.26179223432061755,0.26179223432061755,0,Low
NA,18909.34,0,0,1039281637,0.018194625332343863,0.018194625332343863,0,Low
NA,18909.34,0,0,1780529299,0.010620066746792691,0.010620066746792691,0,Low
MNG,401903.45,36302638.186185,33083045.3023974,3386015,10840.041061892816,9889.190908013521,-0.08771647159362919,Medium
MNE,2813.3,0,0,614648,4.5770912782600774,4.5770912782600774,0,Low
MNE,2047.9,0,0,614648,3.3318256953573426,3.3318256953573426,0,Low
MAR,35783.2,294314105.33941,220224259.1773318,37329064,7885.273751825386,5900.497327694361,-0.2517067240273761,High
MAR,49110,294314105.33941,220224259.1773318,37329064,7885.630760509024,5900.854336377998,-0.251695328428351,High
MAR,2707652.17,294314105.33941,220224259.1773318,37329064,7956.849855903433,5972.073431772406,-0.24944248792861912,High
MOZ,2382511,42575887.913178995,37223636.9749204,32656246,1376.7166903746067,1212.8199908501547,-0.11904896677024777,Medium
MOZ,245792,42575887.913178995,37223636.9749204,32656246,1311.2860526950647,1147.3893531706126,-0.12498927994208271,Medium
MOZ,16000,42575887.913178995,37223636.9749204,32656246,1304.2493590101874,1140.352659485735,-0.12566362282810375,Medium
MMR,2303491,74390711.082643,70824331.5712108,53756787,1426.6887283022143,1360.3458586766133,-0.04650129233483903,Low
MMR,27983100,74390711.082643,70824331.5712108,53756787,1904.3885766953113,1838.04570706971,-0.034836834476672886,Low
MMR,96723,74390711.082643,70824331.5712108,53756787,1385.637762960852,1319.294893335251,-0.04787894166787036,Low
NAM,98856,29544150.677253,24900550.3450614,2889662,10258.295495200824,8651.325430123454,-0.15665078724132728,High
NAM,18489,29544150.677253,24900550.3450614,2889662,10230.483591940165,8623.513526862795,-0.15707664751482345,High
NPL,3106397,58229357.13040701,33224397.053137403,29715436,2064.104128588489,1222.623624069908,-0.40767347580183205,Critical
NPL,5486500,58229357.13040701,33224397.053137403,29715436,2144.2006481213,1302.720143602719,-0.39244485130431583,Critical
NPL,2144568,58229357.13040701,33224397.053137403,29715436,2031.7361364109554,1190.2556318923741,-0.41416820296608464,Critical
NA,87417038.46,0,0,5343,16361040.325659743,16361040.325659743,0,Low
NA,87417038.46,0,0,12077154,7238.215101008069,7238.215101008069,0,Low
NA,87417038.46,0,0,7465915,11708.81780197069,11708.81780197069,0,Low
NA,87417038.46,0,0,704356,124109.16988000386,124109.16988000386,0,Low
NA,87417038.46,0,0,1425179569,61.33756079687387,61.33756079687387,0,Low
NA,87417038.46,0,0,23420111,3732.562943873323,3732.562943873323,0,Low
NA,87417038.46,0,0,30395002,2876.03331824094,2876.03331824094,0,Low
NA,87417038.46,0,0,185345,471644.97806792735,471644.97806792735,0,Low
NA,87417038.46,0,0,102396968,853.7072939503444,853.7072939503444,0,Low
NA,87417038.46,0,0,89524246,976.4621581956692,976.4621581956692,0,Low
NA,87417038.46,0,0,112114,779715.6328380042,779715.6328380042,0,Low
NA,87417038.46,0,0,17904421,4882.4275557416795,4882.4275557416795,0,Low
NA,87417038.46,0,0,871540,100301.80882116713,100301.80882116713,0,Low
NA,87417038.46,0,0,10920,8005223.302197802,8005223.302197802,0,Low
NA,87417038.46,0,0,87058473,1004.118673894039,1004.118673894039,0,Low
NA,87417038.46,0,0,86507,1010519.824522871,1010519.824522871,0,Low
NA,87417038.46,0,0,28213017,3098.464742710785,3098.464742710785,0,Low
NA,87417038.46,0,0,11478,7616051.442760062,7616051.442760062,0,Low
NA,87417038.46,0,0,8021406686,10.897968633428293,10.897968633428293,0,Low
NA,87417038.46,0,0,475299909,183.91974583778008,183.91974583778008,0,Low
NA,87417038.46,0,0,199713824,437.71150493818595,437.71150493818595,0,Low
NA,87417038.46,0,0,264719925,330.2246268768775,330.2246268768775,0,Low
NA,87417038.46,0,0,71212991,1227.543419149464,1227.543419149464,0,Low
NA,87417038.46,0,0,435937001,200.52676937143033,200.52676937143033,0,Low
NA,87417038.46,0,0,1034848565,84.47326634694613,84.47326634694613,0,Low
NA,87417038.46,0,0,380481775,229.75354985136937,229.75354985136937,0,Low
NA,87417038.46,0,0,179821109,486.1333518969678,486.1333518969678,0,Low
NA,87417038.46,0,0,44052902,1984.3650359288476,1984.3650359288476,0,Low
NA,87417038.46,0,0,430492778,203.06272933572885,203.06272933572885,0,Low
NA,87417038.46,0,0,4747661033,18.412653694605076,18.412653694605076,0,Low
NA,87417038.46,0,0,79341768,1101.7783024446846,1101.7783024446846,0,Low
NA,87417038.46,0,0,1663264901,52.557496047347904,52.557496047347904,0,Low
NA,87417038.46,0,0,2022467287,43.22296781851483,43.22296781851483,0,Low
NA,87417038.46,0,0,684898412,127.63504328288616,127.63504328288616,0,Low
NA,87417038.46,0,0,297688665,293.6525596632979,293.6525596632979,0,Low
NA,87417038.46,0,0,746964086,117.02977438730568,117.02977438730568,0,Low
NA,87417038.46,0,0,289050977,302.42775640229024,302.42775640229024,0,Low
NA,87417038.46,0,0,107439461,813.6399572965095,813.6399572965095,0,Low
NA,87417038.46,0,0,151975351,575.2053730081532,575.2053730081532,0,Low
NA,87417038.46,0,0,198498297,440.39188134697196,440.39188134697196,0,Low
NA,87417038.46,0,0,45049350,1940.4728028262339,1940.4728028262339,0,Low
NA,87417038.46,0,0,31332719,2789.960183793816,2789.960183793816,0,Low
NA,87417038.46,0,0,12503827,6991.22264407529,6991.22264407529,0,Low
NA,87417038.46,0,0,449113453,194.64355359668997,194.64355359668997,0,Low
NA,87417038.46,0,0,1134811910,77.03218276938951,77.03218276938951,0,Low
NA,87417038.46,0,0,566128954,154.41188415175105,154.41188415175105,0,Low
NA,87417038.46,0,0,72230332,1210.253864816792,1210.253864816792,0,Low
NA,87417038.46,0,0,1039281637,84.11294431443899,84.11294431443899,0,Low
NA,87417038.46,0,0,1780529299,49.09609659840818,49.09609659840818,0,Low
NA,156496901.62,0,0,5343,29290080.78233202,29290080.78233202,0,Low
NA,156496901.62,0,0,12077154,12958.094400386051,12958.094400386051,0,Low
NA,156496901.62,0,0,7465915,20961.516655359726,20961.516655359726,0,Low
NA,156496901.62,0,0,704356,222184.38065410106,222184.38065410106,0,Low
NA,156496901.62,0,0,1425179569,109.80854976037058,109.80854976037058,0,Low
NA,156496901.62,0,0,23420111,6682.158834345405,6682.158834345405,0,Low
NA,156496901.62,0,0,30395002,5148.770893977898,5148.770893977898,0,Low
NA,156496901.62,0,0,185345,844354.5907361946,844354.5907361946,0,Low
NA,156496901.62,0,0,102396968,1528.3353079360709,1528.3353079360709,0,Low
NA,156496901.62,0,0,89524246,1748.0951654147414,1748.0951654147414,0,Low
NA,156496901.62,0,0,112114,1395872.9651961396,1395872.9651961396,0,Low
NA,156496901.62,0,0,17904421,8740.684863252489,8740.684863252489,0,Low
NA,156496901.62,0,0,871540,179563.6478188035,179563.6478188035,0,Low
NA,156496901.62,0,0,10920,14331218.097069597,14331218.097069597,0,Low
NA,156496901.62,0,0,87058473,1797.6067834316368,1797.6067834316368,0,Low
NA,156496901.62,0,0,86507,1809066.3370594287,1809066.3370594287,0,Low
NA,156496901.62,0,0,28213017,5546.975058356928,5546.975058356928,0,Low
NA,156496901.62,0,0,11478,13634509.63756752,13634509.63756752,0,Low
NA,156496901.62,0,0,8021406686,19.50990739481377,19.50990739481377,0,Low
NA,156496901.62,0,0,475299909,329.2592711605169,329.2592711605169,0,Low
NA,156496901.62,0,0,199713824,783.6057539011421,783.6057539011421,0,Low
NA,156496901.62,0,0,264719925,591.1791551769289,591.1791551769289,0,Low
NA,156496901.62,0,0,71212991,2197.589223853833,2197.589223853833,0,Low
NA,156496901.62,0,0,435937001,358.98971929661917,358.98971929661917,0,Low
NA,156496901.62,0,0,1034848565,151.22686247335136,151.22686247335136,0,Low
NA,156496901.62,0,0,380481775,411.31247776585354,411.31247776585354,0,Low
NA,156496901.62,0,0,179821109,870.2921614169335,870.2921614169335,0,Low
NA,156496901.62,0,0,44052902,3552.476556936022,3552.476556936022,0,Low
NA,156496901.62,0,0,430492778,363.5296795153205,363.5296795153205,0,Low
NA,156496901.62,0,0,4747661033,32.9629475508514,32.9629475508514,0,Low
NA,156496901.62,0,0,79341768,1972.440311892218,1972.440311892218,0,Low
NA,156496901.62,0,0,1663264901,94.09018462778226,94.09018462778226,0,Low
NA,156496901.62,0,0,2022467287,77.37920045774268,77.37920045774268,0,Low
NA,156496901.62,0,0,684898412,228.49651696958526,228.49651696958526,0,Low
NA,156496901.62,0,0,297688665,525.7066190948184,525.7066190948184,0,Low
NA,156496901.62,0,0,746964086,209.5106104204319,209.5106104204319,0,Low
NA,156496901.62,0,0,289050977,541.416269352378,541.416269352378,0,Low
NA,156496901.62,0,0,107439461,1456.6054237744174,1456.6054237744174,0,Low
NA,156496901.62,0,0,151975351,1029.7518682486873,1029.7518682486873,0,Low
NA,156496901.62,0,0,198498297,788.4042532616792,788.4042532616792,0,Low
NA,156496901.62,0,0,45049350,3473.899215415983,3473.899215415983,0,Low
NA,156496901.62,0,0,31332719,4994.679894202606,4994.679894202606,0,Low
NA,156496901.62,0,0,12503827,12515.92025545459,12515.92025545459,0,Low
NA,156496901.62,0,0,449113453,348.4573899415122,348.4573899415122,0,Low
NA,156496901.62,0,0,1134811910,137.90558615127682,137.90558615127682,0,Low
NA,156496901.62,0,0,566128954,276.433311729186,276.433311729186,0,Low
NA,156496901.62,0,0,72230332,2166.6368862876056,2166.6368862876056,0,Low
NA,156496901.62,0,0,1039281637,150.58180193748578,150.58180193748578,0,Low
NA,156496901.62,0,0,1780529299,87.89347173781047,87.89347173781047,0,Low
NA,54667013.57,0,0,5343,10231520.413625304,10231520.413625304,0,Low
NA,54667013.57,0,0,12077154,4526.481451673134,4526.481451673134,0,Low
NA,54667013.57,0,0,7465915,7322.2121561791155,7322.2121561791155,0,Low
NA,54667013.57,0,0,704356,77612.76055006275,77612.76055006275,0,Low
NA,54667013.57,0,0,1425179569,38.3579829230628,38.3579829230628,0,Low
NA,54667013.57,0,0,23420111,2334.1910535778416,2334.1910535778416,0,Low
NA,54667013.57,0,0,30395002,1798.552721595478,1798.552721595478,0,Low
NA,54667013.57,0,0,185345,294947.33372899186,294947.33372899186,0,Low
NA,54667013.57,0,0,102396968,533.8733620511107,533.8733620511107,0,Low
NA,54667013.57,0,0,89524246,610.639195665496,610.639195665496,0,Low
NA,54667013.57,0,0,112114,487602.0262411474,487602.0262411474,0,Low
NA,54667013.57,0,0,17904421,3053.2689981988246,3053.2689981988246,0,Low
NA,54667013.57,0,0,871540,62724.61799802648,62724.61799802648,0,Low
NA,54667013.57,0,0,10920,5006136.773809524,5006136.773809524,0,Low
NA,54667013.57,0,0,87058473,627.9344409130631,627.9344409130631,0,Low
NA,54667013.57,0,0,86507,631937.456737605,631937.456737605,0,Low
NA,54667013.57,0,0,28213017,1937.6521685008024,1937.6521685008024,0,Low
NA,54667013.57,0,0,11478,4762764.729918105,4762764.729918105,0,Low
NA,54667013.57,0,0,8021406686,6.815140499659738,6.815140499659738,0,Low
NA,54667013.57,0,0,475299909,115.01583007877244,115.01583007877244,0,Low
NA,54667013.57,0,0,199713824,273.7267379648191,273.7267379648191,0,Low
NA,54667013.57,0,0,264719925,206.50887374646996,206.50887374646996,0,Low
NA,54667013.57,0,0,71212991,767.6550697049082,767.6550697049082,0,Low
NA,54667013.57,0,0,435937001,125.40117825419458,125.40117825419458,0,Low
NA,54667013.57,0,0,1034848565,52.82609979750999,52.82609979750999,0,Low
NA,54667013.57,0,0,380481775,143.6784023886558,143.6784023886558,0,Low
NA,54667013.57,0,0,179821109,304.00776568450596,304.00776568450596,0,Low
NA,54667013.57,0,0,44052902,1240.9401217200175,1240.9401217200175,0,Low
NA,54667013.57,0,0,430492778,126.9870631139833,126.9870631139833,0,Low
NA,54667013.57,0,0,4747661033,11.514514871643323,11.514514871643323,0,Low
NA,54667013.57,0,0,79341768,689.0067482489172,689.0067482489172,0,Low
NA,54667013.57,0,0,1663264901,32.86729223777446,32.86729223777446,0,Low
NA,54667013.57,0,0,2022467287,27.029862940868423,27.029862940868423,0,Low
NA,54667013.57,0,0,684898412,79.81769648197111,79.81769648197111,0,Low
NA,54667013.57,0,0,297688665,183.63820997349697,183.63820997349697,0,Low
NA,54667013.57,0,0,746964086,73.18559833678536,73.18559833678536,0,Low
NA,54667013.57,0,0,289050977,189.12585640559865,189.12585640559865,0,Low
NA,54667013.57,0,0,107439461,508.81690080332777,508.81690080332777,0,Low
NA,54667013.57,0,0,151975351,359.70973720600256,359.70973720600256,0,Low
NA,54667013.57,0,0,198498297,275.4029349178749,275.4029349178749,0,Low
NA,54667013.57,0,0,45049350,1213.4917278495693,1213.4917278495693,0,Low
NA,54667013.57,0,0,31332719,1744.7261302155105,1744.7261302155105,0,Low
NA,54667013.57,0,0,12503827,4372.022547176956,4372.022547176956,0,Low
NA,54667013.57,0,0,449113453,121.72205754433278,121.72205754433278,0,Low
NA,54667013.57,0,0,1134811910,48.17275276041119,48.17275276041119,0,Low
NA,54667013.57,0,0,566128954,96.56282934082188,96.56282934082188,0,Low
NA,54667013.57,0,0,72230332,756.8428948935192,756.8428948935192,0,Low
NA,54667013.57,0,0,1039281637,52.60076924653678,52.60076924653678,0,Low
NA,54667013.57,0,0,1780529299,30.702675659817942,30.702675659817942,0,Low
NA,176900,0,0,5343,33108.74040801048,33108.74040801048,0,Low
NA,176900,0,0,12077154,14.6474906256888,14.6474906256888,0,Low
NA,176900,0,0,7465915,23.694349587424984,23.694349587424984,0,Low
NA,176900,0,0,704356,251.1514063910863,251.1514063910863,0,Low
NA,176900,0,0,1425179569,0.12412470950879875,0.12412470950879875,0,Low
NA,176900,0,0,23420111,7.553337385975668,7.553337385975668,0,Low
NA,176900,0,0,30395002,5.8200358072027765,5.8200358072027765,0,Low
NA,176900,0,0,185345,954.4363214545847,954.4363214545847,0,Low
NA,176900,0,0,102396968,1.727590215366533,1.727590215366533,0,Low
NA,176900,0,0,89524246,1.9760010042419123,1.9760010042419123,0,Low
NA,176900,0,0,112114,1577.8582514226591,1577.8582514226591,0,Low
NA,176900,0,0,17904421,9.880241310232819,9.880241310232819,0,Low
NA,176900,0,0,871540,202.97404594166647,202.97404594166647,0,Low
NA,176900,0,0,10920,16199.6336996337,16199.6336996337,0,Low
NA,176900,0,0,87058473,2.0319676408751164,2.0319676408751164,0,Low
NA,176900,0,0,86507,2044.9212202480724,2044.9212202480724,0,Low
NA,176900,0,0,28213017,6.270155368353551,6.270155368353551,0,Low
NA,176900,0,0,11478,15412.092699076495,15412.092699076495,0,Low
NA,176900,0,0,8021406686,0.02205348848709402,0.02205348848709402,0,Low
NA,176900,0,0,475299909,0.3721860590551891,0.3721860590551891,0,Low
NA,176900,0,0,199713824,0.8857674268957967,0.8857674268957967,0,Low
NA,176900,0,0,264719925,0.6682534380440006,0.6682534380440006,0,Low
NA,176900,0,0,71212991,2.4840973187041113,2.4840973187041113,0,Low
NA,176900,0,0,435937001,0.4057925791896706,0.4057925791896706,0,Low
NA,176900,0,0,1034848565,0.17094288573517033,0.17094288573517033,0,Low
NA,176900,0,0,380481775,0.4649368553855175,0.4649368553855175,0,Low
NA,176900,0,0,179821109,0.9837554722232305,0.9837554722232305,0,Low
NA,176900,0,0,44052902,4.015626484720575,4.015626484720575,0,Low
NA,176900,0,0,430492778,0.41092443135015844,0.41092443135015844,0,Low
NA,176900,0,0,4747661033,0.03726045283570269,0.03726045283570269,0,Low
NA,176900,0,0,79341768,2.2295948837439568,2.2295948837439568,0,Low
NA,176900,0,0,1663264901,0.1063570811201769,0.1063570811201769,0,Low
NA,176900,0,0,2022467287,0.0874674221615729,0.0874674221615729,0,Low
NA,176900,0,0,684898412,0.2582864800101186,0.2582864800101186,0,Low
NA,176900,0,0,297688665,0.5942449975379479,0.5942449975379479,0,Low
NA,176900,0,0,746964086,0.23682530835893495,0.23682530835893495,0,Low
NA,176900,0,0,289050977,0.6120027748600206,0.6120027748600206,0,Low
NA,176900,0,0,107439461,1.6465086324288243,1.6465086324288243,0,Low
NA,176900,0,0,151975351,1.1640045496588456,1.1640045496588456,0,Low
NA,176900,0,0,198498297,0.891191524932831,0.891191524932831,0,Low
NA,176900,0,0,45049350,3.926804715273361,3.926804715273361,0,Low
NA,176900,0,0,31332719,5.6458553756538015,5.6458553756538015,0,Low
NA,176900,0,0,12503827,14.147668549796794,14.147668549796794,0,Low
NA,176900,0,0,449113453,0.3938871098568495,0.3938871098568495,0,Low
NA,176900,0,0,1134811910,0.15588486377447341,0.15588486377447341,0,Low
NA,176900,0,0,566128954,0.3124729776672048,0.3124729776672048,0,Low
NA,176900,0,0,72230332,2.449109606750804,2.449109606750804,0,Low
NA,176900,0,0,1039281637,0.1702137261951834,0.1702137261951834,0,Low
NA,176900,0,0,1780529299,0.09935247911918803,0.09935247911918803,0,Low
NA,0,0,0,5343,0,0,0,Low
NA,0,0,0,12077154,0,0,0,Low
NA,0,0,0,7465915,0,0,0,Low
NA,0,0,0,704356,0,0,0,Low
NA,0,0,0,1425179569,0,0,0,Low
NA,0,0,0,23420111,0,0,0,Low
NA,0,0,0,30395002,0,0,0,Low
NA,0,0,0,185345,0,0,0,Low
NA,0,0,0,102396968,0,0,0,Low
NA,0,0,0,89524246,0,0,0,Low
NA,0,0,0,112114,0,0,0,Low
NA,0,0,0,17904421,0,0,0,Low
NA,0,0,0,871540,0,0,0,Low
NA,0,0,0,10920,0,0,0,Low
NA,0,0,0,87058473,0,0,0,Low
NA,0,0,0,86507,0,0,0,Low
NA,0,0,0,28213017,0,0,0,Low
NA,0,0,0,11478,0,0,0,Low
NA,0,0,0,8021406686,0,0,0,Low
NA,0,0,0,475299909,0,0,0,Low
NA,0,0,0,199713824,0,0,0,Low
NA,0,0,0,264719925,0,0,0,Low
NA,0,0,0,71212991,0,0,0,Low
NA,0,0,0,435937001,0,0,0,Low
NA,0,0,0,1034848565,0,0,0,Low
NA,0,0,0,380481775,0,0,0,Low
NA,0,0,0,179821109,0,0,0,Low
NA,0,0,0,44052902,0,0,0,Low
NA,0,0,0,430492778,0,0,0,Low
NA,0,0,0,4747661033,0,0,0,Low
NA,0,0,0,79341768,0,0,0,Low
NA,0,0,0,1663264901,0,0,0,Low
NA,0,0,0,2022467287,0,0,0,Low
NA,0,0,0,684898412,0,0,0,Low
NA,0,0,0,297688665,0,0,0,Low
NA,0,0,0,746964086,0,0,0,Low
NA,0,0,0,289050977,0,0,0,Low
NA,0,0,0,107439461,0,0,0,Low
NA,0,0,0,151975351,0,0,0,Low
NA,0,0,0,198498297,0,0,0,Low
NA,0,0,0,45049350,0,0,0,Low
NA,0,0,0,31332719,0,0,0,Low
NA,0,0,0,12503827,0,0,0,Low
NA,0,0,0,449113453,0,0,0,Low
NA,0,0,0,1134811910,0,0,0,Low
NA,0,0,0,566128954,0,0,0,Low
NA,0,0,0,72230332,0,0,0,Low
NA,0,0,0,1039281637,0,0,0,Low
NA,0,0,0,1780529299,0,0,0,Low
NA,1162860,0,0,5343,217641.77428411006,217641.77428411006,0,Low
NA,1162860,0,0,12077154,96.2859296155369,96.2859296155369,0,Low
NA,1162860,0,0,7465915,155.75585845807245,155.75585845807245,0,Low
NA,1162860,0,0,704356,1650.9549148441981,1650.9549148441981,0,Low
NA,1162860,0,0,1425179569,0.8159392860339272,0.8159392860339272,0,Low
NA,1162860,0,0,23420111,49.652198488726206,49.652198488726206,0,Low
NA,1162860,0,0,30395002,38.258263644792656,38.258263644792656,0,Low
NA,1162860,0,0,185345,6274.029512530686,6274.029512530686,0,Low
NA,1162860,0,0,102396968,11.356390943138083,11.356390943138083,0,Low
NA,1162860,0,0,89524246,12.989330287126908,12.989330287126908,0,Low
NA,1162860,0,0,112114,10372.121233744225,10372.121233744225,0,Low
NA,1162860,0,0,17904421,64.94820469201433,64.94820469201433,0,Low
NA,1162860,0,0,871540,1334.2588980425453,1334.2588980425453,0,Low
NA,1162860,0,0,10920,106489.01098901099,106489.01098901099,0,Low
NA,1162860,0,0,87058473,13.357229456574549,13.357229456574549,0,Low
NA,1162860,0,0,86507,13442.380385402337,13442.380385402337,0,Low
NA,1162860,0,0,28213017,41.21714455423183,41.21714455423183,0,Low
NA,1162860,0,0,11478,101312.07527443806,101312.07527443806,0,Low
NA,1162860,0,0,8021406686,0.1449695852012558,0.1449695852012558,0,Low
NA,1162860,0,0,475299909,2.446581575087152,2.446581575087152,0,Low
NA,1162860,0,0,199713824,5.8226314869420355,5.8226314869420355,0,Low
NA,1162860,0,0,264719925,4.39279362896465,4.39279362896465,0,Low
NA,1162860,0,0,71212991,16.32932395719764,16.32932395719764,0,Low
NA,1162860,0,0,435937001,2.6674955264923703,2.6674955264923703,0,Low
NA,1162860,0,0,1034848565,1.123700645031092,1.123700645031092,0,Low
NA,1162860,0,0,380481775,3.0562830506139225,3.0562830506139225,0,Low
NA,1162860,0,0,179821109,6.466760251156053,6.466760251156053,0,Low
NA,1162860,0,0,44052902,26.39689889215471,26.39689889215471,0,Low
NA,1162860,0,0,430492778,2.70122998439709,2.70122998439709,0,Low
NA,1162860,0,0,4747661033,0.24493324016125056,0.24493324016125056,0,Low
NA,1162860,0,0,79341768,14.656340907351598,14.656340907351598,0,Low
NA,1162860,0,0,1663264901,0.6991429923765342,0.6991429923765342,0,Low
NA,1162860,0,0,2022467287,0.5749709809768606,0.5749709809768606,0,Low
NA,1162860,0,0,684898412,1.6978576379003196,1.6978576379003196,0,Low
NA,1162860,0,0,297688665,3.906295861147417,3.906295861147417,0,Low
NA,1162860,0,0,746964086,1.5567816737041893,1.5567816737041893,0,Low
NA,1162860,0,0,289050977,4.023027398381704,4.023027398381704,0,Low
NA,1162860,0,0,107439461,10.823397559673163,10.823397559673163,0,Low
NA,1162860,0,0,151975351,7.651635560295564,7.651635560295564,0,Low
NA,1162860,0,0,198498297,5.858287036084747,5.858287036084747,0,Low
NA,1162860,0,0,45049350,25.81302504919605,25.81302504919605,0,Low
NA,1162860,0,0,31332719,37.113280848687275,37.113280848687275,0,Low
NA,1162860,0,0,12503827,93.00032701987959,93.00032701987959,0,Low
NA,1162860,0,0,449113453,2.589234395523663,2.589234395523663,0,Low
NA,1162860,0,0,1134811910,1.0247160694674062,1.0247160694674062,0,Low
NA,1162860,0,0,566128954,2.0540549847941536,2.0540549847941536,0,Low
NA,1162860,0,0,72230332,16.099330680080495,16.099330680080495,0,Low
NA,1162860,0,0,1039281637,1.1189074824382759,1.1189074824382759,0,Low
NA,1162860,0,0,1780529299,0.6530979302913453,0.6530979302913453,0,Low
NCL,4242,0,0,287123,14.774156023725023,14.774156023725023,0,Low
NCL,5,0,0,287123,0.017414139584777256,0.017414139584777256,0,Low
NZL,188249,226013299.095822,185334594.3489042,5131734,44078.969817184996,36152.07712420484,-0.17983389189576088,High
NZL,0,226013299.095822,185334594.3489042,5131734,44042.28650507256,36115.39381209241,-0.17998367755196304,High
NZL,402557,226013299.095822,185334594.3489042,5131734,44120.73113996595,36193.8384469858,-0.17966367483424867,High
NIC,380992.47,49504667.649849996,37044380.856274,6730654,7411.7106777216595,5560.4363745742985,-0.24977692514522679,High
NIC,504391.33,49504667.649849996,37044380.856274,6730654,7430.044536511607,5578.770233364247,-0.24916059305568164,High
NGA,9332.67,245424690.54847,164045851.8057604,25311973,9696.36081780231,6481.106189302604,-0.3315939545686632,Critical
NGA,9332.67,245424690.54847,164045851.8057604,223150896,1099.856767854833,735.1509127427407,-0.3315939545686632,Critical
NGA,144000,245424690.54847,164045851.8057604,25311973,9701.68111938449,6483.234309935477,-0.3317411456678761,Critical
NGA,144000,245424690.54847,164045851.8057604,223150896,1100.4602488733453,735.3923051501456,-0.33174114566787616,Critical
NGA,5488.49,245424690.54847,164045851.8057604,25311973,9696.208945800867,6481.045440502026,-0.33158975051700285,Critical
NGA,5488.49,245424690.54847,164045851.8057604,223150896,1099.839541036259,735.1440220153112,-0.33158975051700273,Critical
NGA,12948920,245424690.54847,164045851.8057604,25311973,10207.565034478743,6685.587875973177,-0.3450359754367628,Critical
NGA,12948920,245424690.54847,164045851.8057604,223150896,1157.8425862492168,758.3452401004942,-0.34503597543676273,Critical
NGA,8502000,245424690.54847,164045851.8057604,25311973,10031.88058664846,6615.314096841064,-0.34057088900704635,Critical
NGA,8502000,245424690.54847,164045851.8057604,223150896,1137.9147254173247,750.3740957677373,-0.3405708890070464,Critical
NGA,34427.11,245424690.54847,164045851.8057604,25311973,9697.352223727088,6481.502751672516,-0.33162139498100957,Critical
NGA,34427.11,245424690.54847,164045851.8057604,223150896,1099.9692228816773,735.1958947534786,-0.33162139498100945,Critical
MKD,146980,47818174.19972,33863063.960558,1840233,26064.718000231493,18481.379238693142,-0.29094267436428817,High
MKD,18981,47818174.19972,33863063.960558,1840233,25995.162134208007,18411.823372669656,-0.2917211565131633,High
MKD,224632,47818174.19972,33863063.960558,1840233,26106.91483074154,18523.57606920319,-0.2904724212226249,High
NA,6932227.21,0,0,5343,1297440.990080479,1297440.990080479,0,Low
NA,6932227.21,0,0,12077154,573.9950993421132,573.9950993421132,0,Low
NA,6932227.21,0,0,7465915,928.5167605042383,928.5167605042383,0,Low
NA,6932227.21,0,0,704356,9841.936762091897,9841.936762091897,0,Low
NA,6932227.21,0,0,1425179569,4.864107906671794,4.864107906671794,0,Low
NA,6932227.21,0,0,23420111,295.9946351236337,295.9946351236337,0,Low
NA,6932227.21,0,0,30395002,228.0712865226987,228.0712865226987,0,Low
NA,6932227.21,0,0,185345,37401.74922441933,37401.74922441933,0,Low
NA,6932227.21,0,0,102396968,67.6995358886017,67.6995358886017,0,Low
NA,6932227.21,0,0,89524246,77.43407534535393,77.43407534535393,0,Low
NA,6932227.21,0,0,112114,61831.949711900386,61831.949711900386,0,Low
NA,6932227.21,0,0,17904421,387.1796362473827,387.1796362473827,0,Low
NA,6932227.21,0,0,871540,7953.997762581178,7953.997762581178,0,Low
NA,6932227.21,0,0,10920,634819.3415750916,634819.3415750916,0,Low
NA,6932227.21,0,0,87058473,79.6272547762238,79.6272547762238,0,Low
NA,6932227.21,0,0,86507,80134.87012611696,80134.87012611696,0,Low
NA,6932227.21,0,0,28213017,245.71024112734912,245.71024112734912,0,Low
NA,6932227.21,0,0,11478,603957.7635476564,603957.7635476564,0,Low
NA,6932227.21,0,0,8021406686,0.8642159014451944,0.8642159014451944,0,Low
NA,6932227.21,0,0,475299909,14.58495379177529,14.58495379177529,0,Low
NA,6932227.21,0,0,199713824,34.7108030438594,34.7108030438594,0,Low
NA,6932227.21,0,0,264719925,26.187024682785022,26.187024682785022,0,Low
NA,6932227.21,0,0,71212991,97.34498035618249,97.34498035618249,0,Low
NA,6932227.21,0,0,435937001,15.901901407997252,15.901901407997252,0,Low
NA,6932227.21,0,0,1034848565,6.698784193608076,6.698784193608076,0,Low
NA,6932227.21,0,0,380481775,18.219603843048723,18.219603843048723,0,Low
NA,6932227.21,0,0,179821109,38.55068656038597,38.55068656038597,0,Low
NA,6932227.21,0,0,44052902,157.361419912813,157.361419912813,0,Low
NA,6932227.21,0,0,430492778,16.103004659464926,16.103004659464926,0,Low
NA,6932227.21,0,0,4747661033,1.4601352459275287,1.4601352459275287,0,Low
NA,6932227.21,0,0,79341768,87.37172594893525,87.37172594893525,0,Low
NA,6932227.21,0,0,1663264901,4.167843141421524,4.167843141421524,0,Low
NA,6932227.21,0,0,2022467287,3.4276090666874652,3.4276090666874652,0,Low
NA,6932227.21,0,0,684898412,10.121540784065944,10.121540784065944,0,Low
NA,6932227.21,0,0,297688665,23.28683629925916,23.28683629925916,0,Low
NA,6932227.21,0,0,746964086,9.280536159539,9.280536159539,0,Low
NA,6932227.21,0,0,289050977,23.982715028152285,23.982715028152285,0,Low
NA,6932227.21,0,0,107439461,64.5221703969643,64.5221703969643,0,Low
NA,6932227.21,0,0,151975351,45.6141549559573,45.6141549559573,0,Low
NA,6932227.21,0,0,198498297,34.9233586119885,34.9233586119885,0,Low
NA,6932227.21,0,0,45049350,153.88073767989994,153.88073767989994,0,Low
NA,6932227.21,0,0,31332719,221.24563176275893,221.24563176275893,0,Low
NA,6932227.21,0,0,12503827,554.4084391122814,554.4084391122814,0,Low
NA,6932227.21,0,0,449113453,15.435358624182651,15.435358624182651,0,Low
NA,6932227.21,0,0,1134811910,6.108701493977095,6.108701493977095,0,Low
NA,6932227.21,0,0,566128954,12.244961436824868,12.244961436824868,0,Low
NA,6932227.21,0,0,72230332,95.97390760989441,95.97390760989441,0,Low
NA,6932227.21,0,0,1039281637,6.670210425357491,6.670210425357491,0,Low
NA,6932227.21,0,0,1780529299,3.8933519453419563,3.8933519453419563,0,Low
NA,4377995.49,0,0,5343,819389.0117911285,819389.0117911285,0,Low
NA,4377995.49,0,0,12077154,362.5022492882015,362.5022492882015,0,Low
NA,4377995.49,0,0,7465915,586.3977141448838,586.3977141448838,0,Low
NA,4377995.49,0,0,704356,6215.600477599396,6215.600477599396,0,Low
NA,4377995.49,0,0,1425179569,3.0718904376884173,3.0718904376884173,0,Low
NA,4377995.49,0,0,23420111,186.9331656882412,186.9331656882412,0,Low
NA,4377995.49,0,0,30395002,144.03669030849215,144.03669030849215,0,Low
NA,4377995.49,0,0,185345,23620.79090345032,23620.79090345032,0,Low
NA,4377995.49,0,0,102396968,42.7551281596541,42.7551281596541,0,Low
NA,4377995.49,0,0,89524246,48.90290268403936,48.90290268403936,0,Low
NA,4377995.49,0,0,112114,39049.49863531762,39049.49863531762,0,Low
NA,4377995.49,0,0,17904421,244.52036120017507,244.52036120017507,0,Low
NA,4377995.49,0,0,871540,5023.286928884503,5023.286928884503,0,Low
NA,4377995.49,0,0,10920,400915.3379120879,400915.3379120879,0,Low
NA,4377995.49,0,0,87058473,50.28798851089428,50.28798851089428,0,Low
NA,4377995.49,0,0,86507,50608.56913313374,50608.56913313374,0,Low
NA,4377995.49,0,0,28213017,155.17643823771132,155.17643823771132,0,Low
NA,4377995.49,0,0,11478,381424.9424986931,381424.9424986931,0,Low
NA,4377995.49,0,0,8021406686,0.5457889945464361,0.5457889945464361,0,Low
NA,4377995.49,0,0,475299909,9.211016890811145,9.211016890811145,0,Low
NA,4377995.49,0,0,199713824,21.921344263079156,21.921344263079156,0,Low
NA,4377995.49,0,0,264719925,16.538216720936287,16.538216720936287,0,Low
NA,4377995.49,0,0,71212991,61.477483651824144,61.477483651824144,0,Low
NA,4377995.49,0,0,435937001,10.042725164317952,10.042725164317952,0,Low
NA,4377995.49,0,0,1034848565,4.230566324455404,4.230566324455404,0,Low
NA,4377995.49,0,0,380481775,11.506452549534075,11.506452549534075,0,Low
NA,4377995.49,0,0,179821109,24.346393559390183,24.346393559390183,0,Low
NA,4377995.49,0,0,44052902,99.38041062538854,99.38041062538854,0,Low
NA,4377995.49,0,0,430492778,10.169730396731534,10.169730396731534,0,Low
NA,4377995.49,0,0,4747661033,0.9221373344831209,0.9221373344831209,0,Low
NA,4377995.49,0,0,79341768,55.178950511917,55.178950511917,0,Low
NA,4377995.49,0,0,1663264901,2.632169708726391,2.632169708726391,0,Low
NA,4377995.49,0,0,2022467287,2.164680496016349,2.164680496016349,0,Low
NA,4377995.49,0,0,684898412,6.392182275931456,6.392182275931456,0,Low
NA,4377995.49,0,0,297688665,14.706624755094387,14.706624755094387,0,Low
NA,4377995.49,0,0,746964086,5.861052187186413,5.861052187186413,0,Low
NA,4377995.49,0,0,289050977,15.146101685724453,15.146101685724453,0,Low
NA,4377995.49,0,0,107439461,40.74848709451363,40.74848709451363,0,Low
NA,4377995.49,0,0,151975351,28.807273424227855,28.807273424227855,0,Low
NA,4377995.49,0,0,198498297,22.05558211917556,22.05558211917556,0,Low
NA,4377995.49,0,0,45049350,97.18221217398253,97.18221217398253,0,Low
NA,4377995.49,0,0,31332719,139.7259998406139,139.7259998406139,0,Low
NA,4377995.49,0,0,12503827,350.13244265135785,350.13244265135785,0,Low
NA,4377995.49,0,0,449113453,9.74808360951058,9.74808360951058,0,Low
NA,4377995.49,0,0,1134811910,3.8579040732838275,3.8579040732838275,0,Low
NA,4377995.49,0,0,566128954,7.733212475827548,7.733212475827548,0,Low
NA,4377995.49,0,0,72230332,60.611593063146934,60.611593063146934,0,Low
NA,4377995.49,0,0,1039281637,4.212520777945777,4.212520777945777,0,Low
NA,4377995.49,0,0,1780529299,2.4588168767898493,2.4588168767898493,0,Low
NA,17071645.17,0,0,5343,3195142.2740033693,3195142.2740033693,0,Low
NA,17071645.17,0,0,12077154,1413.5486862219361,1413.5486862219361,0,Low
NA,17071645.17,0,0,7465915,2286.611241890646,2286.611241890646,0,Low
NA,17071645.17,0,0,704356,24237.239648700375,24237.239648700375,0,Low
NA,17071645.17,0,0,1425179569,11.978592411325819,11.978592411325819,0,Low
NA,17071645.17,0,0,23420111,728.9310101903446,728.9310101903446,0,Low
NA,17071645.17,0,0,30395002,561.659616604072,561.659616604072,0,Low
NA,17071645.17,0,0,185345,92107.39523591142,92107.39523591142,0,Low
NA,17071645.17,0,0,102396968,166.72022134483515,166.72022134483515,0,Low
NA,17071645.17,0,0,89524246,190.69297908412435,190.69297908412435,0,Low
NA,17071645.17,0,0,112114,152270.4137752645,152270.4137752645,0,Low
NA,17071645.17,0,0,17904421,953.4876983734912,953.4876983734912,0,Low
NA,17071645.17,0,0,871540,19587.9078068706,19587.9078068706,0,Low
NA,17071645.17,0,0,10920,1563337.46978022,1563337.46978022,0,Low
NA,17071645.17,0,0,87058473,196.09401109068386,196.09401109068386,0,Low
NA,17071645.17,0,0,86507,197344.08972684294,197344.08972684294,0,Low
NA,17071645.17,0,0,28213017,605.0981775539993,605.0981775539993,0,Low
NA,17071645.17,0,0,11478,1487336.2232096186,1487336.2232096186,0,Low
NA,17071645.17,0,0,8021406686,2.1282607699963214,2.1282607699963214,0,Low
NA,17071645.17,0,0,475299909,35.91762768462891,35.91762768462891,0,Low
NA,17071645.17,0,0,199713824,85.48053824256053,85.48053824256053,0,Low
NA,17071645.17,0,0,264719925,64.48946058744917,64.48946058744917,0,Low
NA,17071645.17,0,0,71212991,239.72655733558506,239.72655733558506,0,Low
NA,17071645.17,0,0,435937001,39.16080793976926,39.16080793976926,0,Low
NA,17071645.17,0,0,1034848565,16.49675686606378,16.49675686606378,0,Low
NA,17071645.17,0,0,380481775,44.86849644769451,44.86849644769451,0,Low
NA,17071645.17,0,0,179821109,94.93682507541426,94.93682507541426,0,Low
NA,17071645.17,0,0,44052902,387.5260061187343,387.5260061187343,0,Low
NA,17071645.17,0,0,430492778,39.65605474106235,39.65605474106235,0,Low
NA,17071645.17,0,0,4747661033,3.5958011853286416,3.5958011853286416,0,Low
NA,17071645.17,0,0,79341768,215.16592836701096,215.16592836701096,0,Low
NA,17071645.17,0,0,1663264901,10.263936405882228,10.263936405882228,0,Low
NA,17071645.17,0,0,2022467287,8.440999406879406,8.440999406879406,0,Low
NA,17071645.17,0,0,684898412,24.925806325274415,24.925806325274415,0,Low
NA,17071645.17,0,0,297688665,57.347313408792374,57.347313408792374,0,Low
NA,17071645.17,0,0,746964086,22.854706792422682,22.854706792422682,0,Low
NA,17071645.17,0,0,289050977,59.061018742033184,59.061018742033184,0,Low
NA,17071645.17,0,0,107439461,158.89548412756838,158.89548412756838,0,Low
NA,17071645.17,0,0,151975351,112.3316712721394,112.3316712721394,0,Low
NA,17071645.17,0,0,198498297,86.003988084593,86.003988084593,0,Low
NA,17071645.17,0,0,45049350,378.95430611096504,378.95430611096504,0,Low
NA,17071645.17,0,0,31332719,544.8504220141253,544.8504220141253,0,Low
NA,17071645.17,0,0,12503827,1365.313609185412,1365.313609185412,0,Low
NA,17071645.17,0,0,449113453,38.01187663376452,38.01187663376452,0,Low
NA,17071645.17,0,0,1134811910,15.04359006066477,15.04359006066477,0,Low
NA,17071645.17,0,0,566128954,30.155046918868596,30.155046918868596,0,Low
NA,17071645.17,0,0,72230332,236.35008586143564,236.35008586143564,0,Low
NA,17071645.17,0,0,1039281637,16.426389692864362,16.426389692864362,0,Low
NA,17071645.17,0,0,1780529299,9.587960826922625,9.587960826922625,0,Low
NA,361278338,0,0,5343,67617132.32266517,67617132.32266517,0,Low
NA,361278338,0,0,12077154,29914.19485087298,29914.19485087298,0,Low
NA,361278338,0,0,7465915,48390.3631370033,48390.3631370033,0,Low
NA,361278338,0,0,704356,512920.083026197,512920.083026197,0,Low
NA,361278338,0,0,1425179569,253.49671427965862,253.49671427965862,0,Low
NA,361278338,0,0,23420111,15425.987434474584,15425.987434474584,0,Low
NA,361278338,0,0,30395002,11886.110025589076,11886.110025589076,0,Low
NA,361278338,0,0,185345,1949220.847608514,1949220.847608514,0,Low
NA,361278338,0,0,102396968,3528.2132377200855,3528.2132377200855,0,Low
NA,361278338,0,0,89524246,4035.536227805817,4035.536227805817,0,Low
NA,361278338,0,0,112114,3222419.483739765,3222419.483739765,0,Low
NA,361278338,0,0,17904421,20178.163706047795,20178.163706047795,0,Low
NA,361278338,0,0,871540,414528.6940358446,414528.6940358446,0,Low
NA,361278338,0,0,10920,33084096.886446886,33084096.886446886,0,Low
NA,361278338,0,0,87058473,4149.835455992893,4149.835455992893,0,Low
NA,361278338,0,0,86507,4176290.2192886123,4176290.2192886123,0,Low
NA,361278338,0,0,28213017,12805.377673717065,12805.377673717065,0,Low
NA,361278338,0,0,11478,31475722.0770169,31475722.0770169,0,Low
NA,361278338,0,0,8021406686,45.0392745490077,45.0392745490077,0,Low
NA,361278338,0,0,475299909,760.1060533760801,760.1060533760801,0,Low
NA,361278338,0,0,199713824,1808.9801234790837,1808.9801234790837,0,Low
NA,361278338,0,0,264719925,1364.7568765365886,1364.7568765365886,0,Low
NA,361278338,0,0,71212991,5073.208313915645,5073.208313915645,0,Low
NA,361278338,0,0,435937001,828.7397884815013,828.7397884815013,0,Low
NA,361278338,0,0,1034848565,349.1122761522117,349.1122761522117,0,Low
NA,361278338,0,0,380481775,949.5286285394353,949.5286285394353,0,Low
NA,361278338,0,0,179821109,2009.098598096178,2009.098598096178,0,Low
NA,361278338,0,0,44052902,8201.011093434889,8201.011093434889,0,Low
NA,361278338,0,0,430492778,839.220438675977,839.220438675977,0,Low
NA,361278338,0,0,4747661033,76.09606825104609,76.09606825104609,0,Low
NA,361278338,0,0,79341768,4553.444511092821,4553.444511092821,0,Low
NA,361278338,0,0,1663264901,217.21034201033743,217.21034201033743,0,Low
NA,361278338,0,0,2022467287,178.63247545323586,178.63247545323586,0,Low
NA,361278338,0,0,684898412,527.49186108494,527.49186108494,0,Low
NA,361278338,0,0,297688665,1213.6113345128542,1213.6113345128542,0,Low
NA,361278338,0,0,746964086,483.66226003535064,483.66226003535064,0,Low
NA,361278338,0,0,289050977,1249.8775882013365,1249.8775882013365,0,Low
NA,361278338,0,0,107439461,3362.622398114972,3362.622398114972,0,Low
NA,361278338,0,0,151975351,2377.216671142941,2377.216671142941,0,Low
NA,361278338,0,0,198498297,1820.057619940185,1820.057619940185,0,Low
NA,361278338,0,0,45049350,8019.612669217203,8019.612669217203,0,Low
NA,361278338,0,0,31332719,11530.385792563997,11530.385792563997,0,Low
NA,361278338,0,0,12503827,28893.42103021739,28893.42103021739,0,Low
NA,361278338,0,0,449113453,804.4255534692255,804.4255534692255,0,Low
NA,361278338,0,0,1134811910,318.35966367325136,318.35966367325136,0,Low
NA,361278338,0,0,566128954,638.1555570464604,638.1555570464604,0,Low
NA,361278338,0,0,72230332,5001.753806143381,5001.753806143381,0,Low
NA,361278338,0,0,1039281637,347.6231323040301,347.6231323040301,0,Low
NA,361278338,0,0,1780529299,202.90502279457294,202.90502279457294,0,Low
NA,7259340,0,0,5343,1358663.672094329,1358663.672094329,0,Low
NA,7259340,0,0,12077154,601.0803538648261,601.0803538648261,0,Low
NA,7259340,0,0,7465915,972.3309199207331,972.3309199207331,0,Low
NA,7259340,0,0,704356,10306.350765805928,10306.350765805928,0,Low
NA,7259340,0,0,1425179569,5.093631818686281,5.093631818686281,0,Low
NA,7259340,0,0,23420111,309.96181017246244,309.96181017246244,0,Low
NA,7259340,0,0,30395002,238.83334503481856,238.83334503481856,0,Low
NA,7259340,0,0,185345,39166.63519382773,39166.63519382773,0,Low
NA,7259340,0,0,102396968,70.8940913172351,70.8940913172351,0,Low
NA,7259340,0,0,89524246,81.08797699340579,81.08797699340579,0,Low
NA,7259340,0,0,112114,64749.629841054644,64749.629841054644,0,Low
NA,7259340,0,0,17904421,405.4495814190249,405.4495814190249,0,Low
NA,7259340,0,0,871540,8329.325102691788,8329.325102691788,0,Low
NA,7259340,0,0,10920,664774.7252747252,664774.7252747252,0,Low
NA,7259340,0,0,87058473,83.38464654669512,83.38464654669512,0,Low
NA,7259340,0,0,86507,83916.21487278485,83916.21487278485,0,Low
NA,7259340,0,0,28213017,257.3046335313944,257.3046335313944,0,Low
NA,7259340,0,0,11478,632456.8740198641,632456.8740198641,0,Low
NA,7259340,0,0,8021406686,0.9049958796715721,0.9049958796715721,0,Low
NA,7259340,0,0,475299909,15.27317776111756,15.27317776111756,0,Low
NA,7259340,0,0,199713824,36.34871064308498,36.34871064308498,0,Low
NA,7259340,0,0,264719925,27.422718558113825,27.422718558113825,0,Low
NA,7259340,0,0,71212991,101.93842300487,101.93842300487,0,Low
NA,7259340,0,0,435937001,16.652268523542922,16.652268523542922,0,Low
NA,7259340,0,0,1034848565,7.014881447895712,7.014881447895712,0,Low
NA,7259340,0,0,380481775,19.079336980069545,19.079336980069545,0,Low
NA,7259340,0,0,179821109,40.36978773165057,40.36978773165057,0,Low
NA,7259340,0,0,44052902,164.78687374557072,164.78687374557072,0,Low
NA,7259340,0,0,430492778,16.862861285909887,16.862861285909887,0,Low
NA,7259340,0,0,4747661033,1.5290350236762575,1.5290350236762575,0,Low
NA,7259340,0,0,79341768,91.4945580743802,91.4945580743802,0,Low
NA,7259340,0,0,1663264901,4.364512228710825,4.364512228710825,0,Low
NA,7259340,0,0,2022467287,3.5893485381254524,3.5893485381254524,0,Low
NA,7259340,0,0,684898412,10.599148534746494,10.599148534746494,0,Low
NA,7259340,0,0,297688665,24.3856782387062,24.3856782387062,0,Low
NA,7259340,0,0,746964086,9.718459208492655,9.718459208492655,0,Low
NA,7259340,0,0,289050977,25.11439357632754,25.11439357632754,0,Low
NA,7259340,0,0,107439461,67.56679466215863,67.56679466215863,0,Low
NA,7259340,0,0,151975351,47.76656182883236,47.76656182883236,0,Low
NA,7259340,0,0,198498297,36.571296125527965,36.571296125527965,0,Low
NA,7259340,0,0,45049350,161.14194766406175,161.14194766406175,0,Low
NA,7259340,0,0,31332719,231.68560634651593,231.68560634651593,0,Low
NA,7259340,0,0,12503827,580.5694528563135,580.5694528563135,0,Low
NA,7259340,0,0,449113453,16.16371086528107,16.16371086528107,0,Low
NA,7259340,0,0,1134811910,6.396954364005573,6.396954364005573,0,Low
NA,7259340,0,0,566128954,12.82276758450337,12.82276758450337,0,Low
NA,7259340,0,0,72230332,100.50265309593205,100.50265309593205,0,Low
NA,7259340,0,0,1039281637,6.984959361886618,6.984959361886618,0,Low
NA,7259340,0,0,1780529299,4.077068545896475,4.077068545896475,0,Low
NA,79232617,0,0,5343,14829237.6941793,14829237.6941793,0,Low
NA,79232617,0,0,12077154,6560.537109984687,6560.537109984687,0,Low
NA,79232617,0,0,7465915,10612.579569952242,10612.579569952242,0,Low
NA,79232617,0,0,704356,112489.44709777442,112489.44709777442,0,Low
NA,79232617,0,0,1425179569,55.5948308012827,55.5948308012827,0,Low
NA,79232617,0,0,23420111,3383.1016855556322,3383.1016855556322,0,Low
NA,79232617,0,0,30395002,2606.7646582158472,2606.7646582158472,0,Low
NA,79232617,0,0,185345,427487.2103374788,427487.2103374788,0,Low
NA,79232617,0,0,102396968,773.778936501323,773.778936501323,0,Low
NA,79232617,0,0,89524246,885.0408748485858,885.0408748485858,0,Low
NA,79232617,0,0,112114,706714.7457052643,706714.7457052643,0,Low
NA,79232617,0,0,17904421,4425.310206903647,4425.310206903647,0,Low
NA,79232617,0,0,871540,90911.05055419143,90911.05055419143,0,Low
NA,79232617,0,0,10920,7255734.157509157,7255734.157509157,0,Low
NA,79232617,0,0,87058473,910.1080488742319,910.1080488742319,0,Low
NA,79232617,0,0,86507,915909.8916850659,915909.8916850659,0,Low
NA,79232617,0,0,28213017,2808.3709374293435,2808.3709374293435,0,Low
NA,79232617,0,0,11478,6902998.518905733,6902998.518905733,0,Low
NA,79232617,0,0,8021406686,9.877646166262464,9.877646166262464,0,Low
NA,79232617,0,0,475299909,166.70025703707844,166.70025703707844,0,Low
NA,79232617,0,0,199713824,396.7307591085933,396.7307591085933,0,Low
NA,79232617,0,0,264719925,299.30734152330996,299.30734152330996,0,Low
NA,79232617,0,0,71212991,1112.6146492007335,1112.6146492007335,0,Low
NA,79232617,0,0,435937001,181.75244775792729,181.75244775792729,0,Low
NA,79232617,0,0,1034848565,76.56445559259194,76.56445559259194,0,Low
NA,79232617,0,0,380481775,208.24287050279872,208.24287050279872,0,Low
NA,79232617,0,0,179821109,440.6191099622236,440.6191099622236,0,Low
NA,79232617,0,0,44052902,1798.578831424091,1798.578831424091,0,Low
NA,79232617,0,0,430492778,184.05097843476483,184.05097843476483,0,Low
NA,79232617,0,0,4747661033,16.688768732491774,16.688768732491774,0,Low
NA,79232617,0,0,79341768,998.6242933230326,998.6242933230326,0,Low
NA,79232617,0,0,1663264901,47.63679973789094,47.63679973789094,0,Low
NA,79232617,0,0,2022467287,39.17621684627031,39.17621684627031,0,Low
NA,79232617,0,0,684898412,115.68521055353243,115.68521055353243,0,Low
NA,79232617,0,0,297688665,266.1593346189382,266.1593346189382,0,Low
NA,79232617,0,0,746964086,106.07286010802935,106.07286010802935,0,Low
NA,79232617,0,0,289050977,274.1129534393513,274.1129534393513,0,Low
NA,79232617,0,0,107439461,737.4629048073873,737.4629048073873,0,Low
NA,79232617,0,0,151975351,521.3517618393262,521.3517618393262,0,Low
NA,79232617,0,0,198498297,399.16018523826426,399.16018523826426,0,Low
NA,79232617,0,0,45049350,1758.7960092653946,1758.7960092653946,0,Low
NA,79232617,0,0,31332719,2528.750122196545,2528.750122196545,0,Low
NA,79232617,0,0,12503827,6336.66932531936,6336.66932531936,0,Low
NA,79232617,0,0,449113453,176.42004814315817,176.42004814315817,0,Low
NA,79232617,0,0,1134811910,69.82004357003973,69.82004357003973,0,Low
NA,79232617,0,0,566128954,139.9550693180056,139.9550693180056,0,Low
NA,79232617,0,0,72230332,1096.9438296365577,1096.9438296365577,0,Low
NA,79232617,0,0,1039281637,76.23786871546542,76.23786871546542,0,Low
NA,79232617,0,0,1780529299,44.49947386122737,44.49947386122737,0,Low
NA,172680,0,0,5343,32318.921953958452,32318.921953958452,0,Low
NA,172680,0,0,12077154,14.298070555364285,14.298070555364285,0,Low
NA,172680,0,0,7465915,23.129114113943167,23.129114113943167,0,Low
NA,172680,0,0,704356,245.16011789492813,245.16011789492813,0,Low
NA,172680,0,0,1425179569,0.12116367912933504,0.12116367912933504,0,Low
NA,172680,0,0,23420111,7.373150366366752,7.373150366366752,0,Low
NA,172680,0,0,30395002,5.6811971915645865,5.6811971915645865,0,Low
NA,172680,0,0,185345,931.6679705414227,931.6679705414227,0,Low
NA,172680,0,0,102396968,1.6863780576002994,1.6863780576002994,0,Low
NA,172680,0,0,89524246,1.928862936192727,1.928862936192727,0,Low
NA,172680,0,0,112114,1540.2179924005923,1540.2179924005923,0,Low
NA,172680,0,0,17904421,9.644545333244789,9.644545333244789,0,Low
NA,172680,0,0,871540,198.1320421323175,198.1320421323175,0,Low
NA,172680,0,0,10920,15813.186813186812,15813.186813186812,0,Low
NA,172680,0,0,87058473,1.983494472732137,1.983494472732137,0,Low
NA,172680,0,0,86507,1996.139040771267,1996.139040771267,0,Low
NA,172680,0,0,28213017,6.12057902208757,6.12057902208757,0,Low
NA,172680,0,0,11478,15044.432828018818,15044.432828018818,0,Low
NA,172680,0,0,8021406686,0.02152739622358053,0.02152739622358053,0,Low
NA,172680,0,0,475299909,0.36330745436772216,0.36330745436772216,0,Low
NA,172680,0,0,199713824,0.8646371920653825,0.8646371920653825,0,Low
NA,172680,0,0,264719925,0.6523120615118034,0.6523120615118034,0,Low
NA,172680,0,0,71212991,2.42483846802615,2.42483846802615,0,Low
NA,172680,0,0,435937001,0.3961122813706745,0.3961122813706745,0,Low
NA,172680,0,0,1034848565,0.16686499439654728,0.16686499439654728,0,Low
NA,172680,0,0,380481775,0.4538456539738336,0.4538456539738336,0,Low
NA,172680,0,0,179821109,0.9602877045986854,0.9602877045986854,0,Low
NA,172680,0,0,44052902,3.9198325685785695,3.9198325685785695,0,Low
NA,172680,0,0,430492778,0.4011217117328737,0.4011217117328737,0,Low
NA,172680,0,0,4747661033,0.03637159409649034,0.03637159409649034,0,Low
NA,172680,0,0,79341768,2.1764072613052936,2.1764072613052936,0,Low
NA,172680,0,0,1663264901,0.10381990258808449,0.10381990258808449,0,Low
NA,172680,0,0,2022467287,0.08538086183640704,0.08538086183640704,0,Low
NA,172680,0,0,684898412,0.25212498229591457,0.25212498229591457,0,Low
NA,172680,0,0,297688665,0.5800691134813615,0.5800691134813615,0,Low
NA,172680,0,0,746964086,0.23117577302103384,0.23117577302103384,0,Low
NA,172680,0,0,289050977,0.5974032739560676,0.5974032739560676,0,Low
NA,172680,0,0,107439461,1.6072306989700926,1.6072306989700926,0,Low
NA,172680,0,0,151975351,1.1362368888360062,1.1362368888360062,0,Low
NA,172680,0,0,198498297,0.8699318966953152,0.8699318966953152,0,Low
NA,172680,0,0,45049350,3.8331296677976487,3.8331296677976487,0,Low
NA,172680,0,0,31332719,5.511171883933852,5.511171883933852,0,Low
NA,172680,0,0,12503827,13.810171877777899,13.810171877777899,0,Low
NA,172680,0,0,449113453,0.3844908204074662,0.3844908204074662,0,Low
NA,172680,0,0,1134811910,0.15216618584836672,0.15216618584836672,0,Low
NA,172680,0,0,566128954,0.30501884558266207,0.30501884558266207,0,Low
NA,172680,0,0,72230332,2.3906853979295013,2.3906853979295013,0,Low
NA,172680,0,0,1039281637,0.1661532291655414,0.1661532291655414,0,Low
NA,172680,0,0,1780529299,0.09698239736744708,0.09698239736744708,0,Low
NA,0,0,0,5343,0,0,0,Low
NA,0,0,0,12077154,0,0,0,Low
NA,0,0,0,7465915,0,0,0,Low
NA,0,0,0,704356,0,0,0,Low
NA,0,0,0,1425179569,0,0,0,Low
NA,0,0,0,23420111,0,0,0,Low
NA,0,0,0,30395002,0,0,0,Low
NA,0,0,0,185345,0,0,0,Low
NA,0,0,0,102396968,0,0,0,Low
NA,0,0,0,89524246,0,0,0,Low
NA,0,0,0,112114,0,0,0,Low
NA,0,0,0,17904421,0,0,0,Low
NA,0,0,0,871540,0,0,0,Low
NA,0,0,0,10920,0,0,0,Low
NA,0,0,0,87058473,0,0,0,Low
NA,0,0,0,86507,0,0,0,Low
NA,0,0,0,28213017,0,0,0,Low
NA,0,0,0,11478,0,0,0,Low
NA,0,0,0,8021406686,0,0,0,Low
NA,0,0,0,475299909,0,0,0,Low
NA,0,0,0,199713824,0,0,0,Low
NA,0,0,0,264719925,0,0,0,Low
NA,0,0,0,71212991,0,0,0,Low
NA,0,0,0,435937001,0,0,0,Low
NA,0,0,0,1034848565,0,0,0,Low
NA,0,0,0,380481775,0,0,0,Low
NA,0,0,0,179821109,0,0,0,Low
NA,0,0,0,44052902,0,0,0,Low
NA,0,0,0,430492778,0,0,0,Low
NA,0,0,0,4747661033,0,0,0,Low
NA,0,0,0,79341768,0,0,0,Low
NA,0,0,0,1663264901,0,0,0,Low
NA,0,0,0,2022467287,0,0,0,Low
NA,0,0,0,684898412,0,0,0,Low
NA,0,0,0,297688665,0,0,0,Low
NA,0,0,0,746964086,0,0,0,Low
NA,0,0,0,289050977,0,0,0,Low
NA,0,0,0,107439461,0,0,0,Low
NA,0,0,0,151975351,0,0,0,Low
NA,0,0,0,198498297,0,0,0,Low
NA,0,0,0,45049350,0,0,0,Low
NA,0,0,0,31332719,0,0,0,Low
NA,0,0,0,12503827,0,0,0,Low
NA,0,0,0,449113453,0,0,0,Low
NA,0,0,0,1134811910,0,0,0,Low
NA,0,0,0,566128954,0,0,0,Low
NA,0,0,0,72230332,0,0,0,Low
NA,0,0,0,1039281637,0,0,0,Low
NA,0,0,0,1780529299,0,0,0,Low
NA,32739860,0,0,5343,6127617.443383867,6127617.443383867,0,Low
NA,32739860,0,0,12077154,2710.891986638574,2710.891986638574,0,Low
NA,32739860,0,0,7465915,4385.244139532797,4385.244139532797,0,Low
NA,32739860,0,0,704356,46481.97786346677,46481.97786346677,0,Low
NA,32739860,0,0,1425179569,22.972445516442846,22.972445516442846,0,Low
NA,32739860,0,0,23420111,1397.9378663064406,1397.9378663064406,0,Low
NA,32739860,0,0,30395002,1077.1461702815482,1077.1461702815482,0,Low
NA,32739860,0,0,185345,176642.80126251045,176642.80126251045,0,Low
NA,32739860,0,0,102396968,319.73466245602117,319.73466245602117,0,Low
NA,32739860,0,0,89524246,365.70941909971515,365.70941909971515,0,Low
NA,32739860,0,0,112114,292022.94093511964,292022.94093511964,0,Low
NA,32739860,0,0,17904421,1828.5908268131095,1828.5908268131095,0,Low
NA,32739860,0,0,871540,37565.527686623675,37565.527686623675,0,Low
NA,32739860,0,0,10920,2998155.677655678,2998155.677655678,0,Low
NA,32739860,0,0,87058473,376.0674736392401,376.0674736392401,0,Low
NA,32739860,0,0,86507,378464.8641150427,378464.8641150427,0,Low
NA,32739860,0,0,28213017,1160.4522834264765,1160.4522834264765,0,Low
NA,32739860,0,0,11478,2852401.1151768602,2852401.1151768602,0,Low
NA,32739860,0,0,8021406686,4.081560913392143,4.081560913392143,0,Low
NA,32739860,0,0,475299909,68.88252949360442,68.88252949360442,0,Low
NA,32739860,0,0,199713824,163.93386969546987,163.93386969546987,0,Low
NA,32739860,0,0,264719925,123.67735447190083,123.67735447190083,0,Low
NA,32739860,0,0,71212991,459.74561017946854,459.74561017946854,0,Low
NA,32739860,0,0,435937001,75.1022737801511,75.1022737801511,0,Low
NA,32739860,0,0,1034848565,31.637343962495613,31.637343962495613,0,Low
NA,32739860,0,0,380481775,86.0484316233018,86.0484316233018,0,Low
NA,32739860,0,0,179821109,182.06905842183411,182.06905842183411,0,Low
NA,32739860,0,0,44052902,743.1941714078223,743.1941714078223,0,Low
NA,32739860,0,0,430492778,76.05205400216958,76.05205400216958,0,Low
NA,32739860,0,0,4747661033,6.895997791845726,6.895997791845726,0,Low
NA,32739860,0,0,79341768,412.6434389513478,412.6434389513478,0,Low
NA,32739860,0,0,1663264901,19.68409240182722,19.68409240182722,0,Low
NA,32739860,0,0,2022467287,16.18807889276876,16.18807889276876,0,Low
NA,32739860,0,0,684898412,47.80250534439843,47.80250534439843,0,Low
NA,32739860,0,0,297688665,109.98020364665211,109.98020364665211,0,Low
NA,32739860,0,0,746964086,43.830567779131485,43.830567779131485,0,Low
NA,32739860,0,0,289050977,113.2667335699751,113.2667335699751,0,Low
NA,32739860,0,0,107439461,304.7284460967279,304.7284460967279,0,Low
NA,32739860,0,0,151975351,215.42875067944405,215.42875067944405,0,Low
NA,32739860,0,0,198498297,164.93773747590387,164.93773747590387,0,Low
NA,32739860,0,0,45049350,726.7554359829832,726.7554359829832,0,Low
NA,32739860,0,0,31332719,1044.9096358346685,1044.9096358346685,0,Low
NA,32739860,0,0,12503827,2618.387154588751,2618.387154588751,0,Low
NA,32739860,0,0,449113453,72.89886281807729,72.89886281807729,0,Low
NA,32739860,0,0,1134811910,28.85047267436592,28.85047267436592,0,Low
NA,32739860,0,0,566128954,57.831099732093904,57.831099732093904,0,Low
NA,32739860,0,0,72230332,453.27024109483534,453.27024109483534,0,Low
NA,32739860,0,0,1039281637,31.502394379359174,31.502394379359174,0,Low
NA,32739860,0,0,1780529299,18.38771202382781,18.38771202382781,0,Low
NOR,384000,452239138.65295404,264945536.00872883,5456801,82946.60894779817,48581.419041802845,-0.4143049407555986,Critical
NA,638232.73,0,0,5343,119452.12988957514,119452.12988957514,0,Low
NA,638232.73,0,0,12077154,52.84628563981216,52.84628563981216,0,Low
NA,638232.73,0,0,7465915,85.48620363344614,85.48620363344614,0,Low
NA,638232.73,0,0,704356,906.1223727774023,906.1223727774023,0,Low
NA,638232.73,0,0,1425179569,0.4478261854734742,0.4478261854734742,0,Low
NA,638232.73,0,0,23420111,27.251481856768315,27.251481856768315,0,Low
NA,638232.73,0,0,30395002,20.997949926109563,20.997949926109563,0,Low
NA,638232.73,0,0,185345,3443.4850144325446,3443.4850144325446,0,Low
NA,638232.73,0,0,102396968,6.232926056951218,6.232926056951218,0,Low
NA,638232.73,0,0,89524246,7.1291606298476955,7.1291606298476955,0,Low
NA,638232.73,0,0,112114,5692.7121501329,5692.7121501329,0,Low
NA,638232.73,0,0,17904421,35.64665565002074,35.64665565002074,0,Low
NA,638232.73,0,0,871540,732.3045758083392,732.3045758083392,0,Low
NA,638232.73,0,0,10920,58446.2206959707,58446.2206959707,0,Low
NA,638232.73,0,0,87058473,7.3310811458868566,7.3310811458868566,0,Low
NA,638232.73,0,0,86507,7377.816014888968,7377.816014888968,0,Low
NA,638232.73,0,0,28213017,22.621924128142695,22.621924128142695,0,Low
NA,638232.73,0,0,11478,55604.8728001394,55604.8728001394,0,Low
NA,638232.73,0,0,8021406686,0.07956618520713164,0.07956618520713164,0,Low
NA,638232.73,0,0,475299909,1.3428000256570636,1.3428000256570636,0,Low
NA,638232.73,0,0,199713824,3.1957363652503092,3.1957363652503092,0,Low
NA,638232.73,0,0,264719925,2.4109735222990865,2.4109735222990865,0,Low
NA,638232.73,0,0,71212991,8.962307593568145,8.962307593568145,0,Low
NA,638232.73,0,0,435937001,1.4640480815713095,1.4640480815713095,0,Low
NA,638232.73,0,0,1034848565,0.6167402184106039,0.6167402184106039,0,Low
NA,638232.73,0,0,380481775,1.6774331175258,1.6774331175258,0,Low
NA,638232.73,0,0,179821109,3.5492647862604385,3.5492647862604385,0,Low
NA,638232.73,0,0,44052902,14.48787028831835,14.48787028831835,0,Low
NA,638232.73,0,0,430492778,1.4825631523137885,1.4825631523137885,0,Low
NA,638232.73,0,0,4747661033,0.13443098097437403,0.13443098097437403,0,Low
NA,638232.73,0,0,79341768,8.044095135364264,8.044095135364264,0,Low
NA,638232.73,0,0,1663264901,0.38372283910775556,0.38372283910775556,0,Low
NA,638232.73,0,0,2022467287,0.3155713489668918,0.3155713489668918,0,Low
NA,638232.73,0,0,684898412,0.9318648120912857,0.9318648120912857,0,Low
NA,638232.73,0,0,297688665,2.1439604695731362,2.1439604695731362,0,Low
NA,638232.73,0,0,746964086,0.8544356307914917,0.8544356307914917,0,Low
NA,638232.73,0,0,289050977,2.2080282745420368,2.2080282745420368,0,Low
NA,638232.73,0,0,107439461,5.940394004768881,5.940394004768881,0,Low
NA,638232.73,0,0,151975351,4.199580562245255,4.199580562245255,0,Low
NA,638232.73,0,0,198498297,3.2153058219940296,3.2153058219940296,0,Low
NA,638232.73,0,0,45049350,14.167412626375297,14.167412626375297,0,Low
NA,638232.73,0,0,31332719,20.369529053638786,20.369529053638786,0,Low
NA,638232.73,0,0,12503827,51.0429910778516,51.0429910778516,0,Low
NA,638232.73,0,0,449113453,1.4210946604621082,1.4210946604621082,0,Low
NA,638232.73,0,0,1134811910,0.5624127878601486,0.5624127878601486,0,Low
NA,638232.73,0,0,566128954,1.1273628128194977,1.1273628128194977,0,Low
NA,638232.73,0,0,72230332,8.836076373011826,8.836076373011826,0,Low
NA,638232.73,0,0,1039281637,0.6141095034088435,0.6141095034088435,0,Low
NA,638232.73,0,0,1780529299,0.35845112481914854,0.35845112481914854,0,Low
NA,708247.11,0,0,5343,132556.07523862997,132556.07523862997,0,Low
NA,708247.11,0,0,12077154,58.64354383491342,58.64354383491342,0,Low
NA,708247.11,0,0,7465915,94.86407359312288,94.86407359312288,0,Low
NA,708247.11,0,0,704356,1005.5243513223427,1005.5243513223427,0,Low
NA,708247.11,0,0,1425179569,0.49695289309890467,0.49695289309890467,0,Low
NA,708247.11,0,0,23420111,30.240980070504364,30.240980070504364,0,Low
NA,708247.11,0,0,30395002,23.301433242215282,23.301433242215282,0,Low
NA,708247.11,0,0,185345,3821.236666756589,3821.236666756589,0,Low
NA,708247.11,0,0,102396968,6.916680482179902,6.916680482179902,0,Low
NA,708247.11,0,0,89524246,7.911232338108717,7.911232338108717,0,Low
NA,708247.11,0,0,112114,6317.204898585368,6317.204898585368,0,Low
NA,708247.11,0,0,17904421,39.557107710994956,39.557107710994956,0,Low
NA,708247.11,0,0,871540,812.6386740711844,812.6386740711844,0,Low
NA,708247.11,0,0,10920,64857.793956043955,64857.793956043955,0,Low
NA,708247.11,0,0,87058473,8.135303613698806,8.135303613698806,0,Low
NA,708247.11,0,0,86507,8187.165316101587,8187.165316101587,0,Low
NA,708247.11,0,0,28213017,25.103558049109033,25.103558049109033,0,Low
NA,708247.11,0,0,11478,61704.74908520648,61704.74908520648,0,Low
NA,708247.11,0,0,8021406686,0.08829462683099272,0.08829462683099272,0,Low
NA,708247.11,0,0,475299909,1.4901057134433409,1.4901057134433409,0,Low
NA,708247.11,0,0,199713824,3.546309893900985,3.546309893900985,0,Low
NA,708247.11,0,0,264719925,2.675458260272626,2.675458260272626,0,Low
NA,708247.11,0,0,71212991,9.945476240423604,9.945476240423604,0,Low
NA,708247.11,0,0,435937001,1.6246547284936705,1.6246547284936705,0,Low
NA,708247.11,0,0,1034848565,0.6843968614866852,0.6843968614866852,0,Low
NA,708247.11,0,0,380481775,1.8614481863158885,1.8614481863158885,0,Low
NA,708247.11,0,0,179821109,3.9386205209089216,3.9386205209089216,0,Low
NA,708247.11,0,0,44052902,16.077195323023215,16.077195323023215,0,Low
NA,708247.11,0,0,430492778,1.6452009097351221,1.6452009097351221,0,Low
NA,708247.11,0,0,4747661033,0.14917811214345808,0.14917811214345808,0,Low
NA,708247.11,0,0,79341768,8.926535516576843,8.926535516576843,0,Low
NA,708247.11,0,0,1663264901,0.4258173845754712,0.4258173845754712,0,Low
NA,708247.11,0,0,2022467287,0.3501896493221252,0.3501896493221252,0,Low
NA,708247.11,0,0,684898412,1.0340907462930429,1.0340907462930429,0,Low
NA,708247.11,0,0,297688665,2.379153771273085,2.379153771273085,0,Low
NA,708247.11,0,0,746964086,0.9481675535334908,0.9481675535334908,0,Low
NA,708247.11,0,0,289050977,2.4502498394945746,2.4502498394945746,0,Low
NA,708247.11,0,0,107439461,6.59205754950688,6.59205754950688,0,Low
NA,708247.11,0,0,151975351,4.660276191762176,4.660276191762176,0,Low
NA,708247.11,0,0,198498297,3.568026127700229,3.568026127700229,0,Low
NA,708247.11,0,0,45049350,15.721583330281126,15.721583330281126,0,Low
NA,708247.11,0,0,31332719,22.604074354351436,22.604074354351436,0,Low
NA,708247.11,0,0,12503827,56.64242715450238,56.64242715450238,0,Low
NA,708247.11,0,0,449113453,1.5769893002960211,1.5769893002960211,0,Low
NA,708247.11,0,0,1134811910,0.624109690565373,0.624109690565373,0,Low
NA,708247.11,0,0,566128954,1.2510349541316694,1.2510349541316694,0,Low
NA,708247.11,0,0,72230332,9.805397405621783,9.805397405621783,0,Low
NA,708247.11,0,0,1039281637,0.6814775560207459,0.6814775560207459,0,Low
NA,708247.11,0,0,1780529299,0.39777335334935143,0.39777335334935143,0,Low
NA,36640039.23,0,0,5343,6857577.995508142,6857577.995508142,0,Low
NA,36640039.23,0,0,12077154,3033.830588729762,3033.830588729762,0,Low
NA,36640039.23,0,0,7465915,4907.6421617444075,4907.6421617444075,0,Low
NA,36640039.23,0,0,704356,52019.20510366917,52019.20510366917,0,Low
NA,36640039.23,0,0,1425179569,25.70906854615455,25.70906854615455,0,Low
NA,36640039.23,0,0,23420111,1564.469068058644,1564.469068058644,0,Low
NA,36640039.23,0,0,30395002,1205.4626359294202,1205.4626359294202,0,Low
NA,36640039.23,0,0,185345,197685.6091612938,197685.6091612938,0,Low
NA,36640039.23,0,0,102396968,357.8234780350137,357.8234780350137,0,Low
NA,36640039.23,0,0,89524246,409.2750385186154,409.2750385186154,0,Low
NA,36640039.23,0,0,112114,326810.56094689335,326810.56094689335,0,Low
NA,36640039.23,0,0,17904421,2046.4241334584347,2046.4241334584347,0,Low
NA,36640039.23,0,0,871540,42040.570977809395,42040.570977809395,0,Low
NA,36640039.23,0,0,10920,3355314.9478021977,3355314.9478021977,0,Low
NA,36640039.23,0,0,87058473,420.86701003818433,420.86701003818433,0,Low
NA,36640039.23,0,0,86507,423549.9928329499,423549.9928329499,0,Low
NA,36640039.23,0,0,28213017,1298.692700252511,1298.692700252511,0,Low
NA,36640039.23,0,0,11478,3192197.179822269,3192197.179822269,0,Low
NA,36640039.23,0,0,8021406686,4.567782268657311,4.567782268657311,0,Low
NA,36640039.23,0,0,475299909,77.08825214607815,77.08825214607815,0,Low
NA,36640039.23,0,0,199713824,183.46270927144232,183.46270927144232,0,Low
NA,36640039.23,0,0,264719925,138.41058329855602,138.41058329855602,0,Low
NA,36640039.23,0,0,71212991,514.5134155367804,514.5134155367804,0,Low
NA,36640039.23,0,0,435937001,84.04893171708542,84.04893171708542,0,Low
NA,36640039.23,0,0,1034848565,35.40618450777868,35.40618450777868,0,Low
NA,36640039.23,0,0,380481775,96.29906512604973,96.29906512604973,0,Low
NA,36640039.23,0,0,179821109,203.7582763990183,203.7582763990183,0,Low
NA,36640039.23,0,0,44052902,831.7281624261666,831.7281624261666,0,Low
NA,36640039.23,0,0,430492778,85.1118557672993,85.1118557672993,0,Low
NA,36640039.23,0,0,4747661033,7.717492671722505,7.717492671722505,0,Low
NA,36640039.23,0,0,79341768,461.80013571162164,461.80013571162164,0,Low
NA,36640039.23,0,0,1663264901,22.02898600696198,22.02898600696198,0,Low
NA,36640039.23,0,0,2022467287,18.116505253516124,18.116505253516124,0,Low
NA,36640039.23,0,0,684898412,53.49704217156223,53.49704217156223,0,Low
NA,36640039.23,0,0,297688665,123.0817412211513,123.0817412211513,0,Low
NA,36640039.23,0,0,746964086,49.05194227771749,49.05194227771749,0,Low
NA,36640039.23,0,0,289050977,126.75978337897125,126.75978337897125,0,Low
NA,36640039.23,0,0,107439461,341.02962625622257,341.02962625622257,0,Low
NA,36640039.23,0,0,151975351,241.09198622610847,241.09198622610847,0,Low
NA,36640039.23,0,0,198498297,184.58616413217894,184.58616413217894,0,Low
NA,36640039.23,0,0,45049350,813.331140848869,813.331140848869,0,Low
NA,36640039.23,0,0,31332719,1169.3858815763804,1169.3858815763804,0,Low
NA,36640039.23,0,0,12503827,2930.30599591629,2930.30599591629,0,Low
NA,36640039.23,0,0,449113453,81.58303650280546,81.58303650280546,0,Low
NA,36640039.23,0,0,1134811910,32.28732348253201,32.28732348253201,0,Low
NA,36640039.23,0,0,566128954,64.7203061619067,64.7203061619067,0,Low
NA,36640039.23,0,0,72230332,507.2666595246994,507.2666595246994,0,Low
NA,36640039.23,0,0,1039281637,35.25515887663086,35.25515887663086,0,Low
NA,36640039.23,0,0,1780529299,20.57817259765294,20.57817259765294,0,Low
OMN,22161,160034513.50516498,137686422.36718917,4730226,33837.00366645589,29112.4744076053,-0.13962611185736346,Medium
OMN,3547,160034513.50516498,137686422.36718917,4730226,33833.06854792244,29108.53928907185,-0.13964235174703674,Medium
PAK,10984509,287717455.028621,260069869.78884202,243700667,1225.692024998114,1085.1988082118874,-0.11462358726405422,Medium
PAK,10983081,287717455.028621,260069869.78884202,243700667,1225.686165350631,1085.1964643528943,-0.1146212668212233,Medium
PAK,26208672,287717455.028621,260069869.78884202,243700667,1288.16277318035,1110.1871074847818,-0.13816240416276235,Medium
PSE,34497.3,32893239.386133,29955401.2354902,5305270,6206.609029537233,5652.8505684894835,-0.08922077392218761,Medium
PAN,139220,47460588.588,31943689.8198,4400773,10816.238099079412,7290.289642251486,-0.32598657911645135,Critical
PAN,432925,47460588.588,31943689.8198,4400773,10882.977510541898,7357.029053713973,-0.32398747984294574,Critical
PNG,12979.78,0,0,10203169,1.2721322169612206,1.2721322169612206,0,Low
PNG,881.78,0,0,10203169,0.08642216942598913,0.08642216942598913,0,Low
PRY,4624678,70447690.25517,47951183.11053,6760464,11104.61770895755,7366.514237858525,-0.33662603874095376,Critical
PRY,975069,70447690.25517,47951183.11053,6760464,10564.771775305659,7150.575864397769,-0.32316797594135543,Critical
PRY,972872,70447690.25517,47951183.11053,6760464,10564.446797611821,7150.445873320233,-0.3231594601871014,Critical
PER,1608838.81,259610908.211086,180335957.3408656,33475438.000000004,7803.325740535074,5406.336815215549,-0.3071752999965324,Critical
PER,3439013.38,259610908.211086,180335957.3408656,33475438.000000004,7857.997902554283,5428.205680023233,-0.30921263312392,Critical
PER,212512.08,259610908.211086,180335957.3408656,33475438.000000004,7761.6137626365335,5389.652024056133,-0.30560161985884127,Critical
PHL,8255609.68,546622100.483,484979181.3146,113964339,4868.87139461231,4327.974832500893,-0.11109280124136164,Medium
PHL,19756392.28,546622100.483,484979181.3146,113964339,4969.787020508231,4428.890458396814,-0.10883697025231925,Medium
POL,8344890,1599784018.561,1059495804.8920001,38385739,41893.915564866424,27688.245389570333,-0.33908671423421255,Critical
POL,0,1599784018.561,1059495804.8920001,38385739,41676.51998470057,27601.287157503994,-0.33772572259784617,Critical
POL,13195120,1599784018.561,1059495804.8920001,38385739,42020.270563528815,27738.78738903529,-0.3398712807644088,Critical
PRT,717990,497452210.231202,356747836.6172372,10417073,47822.47376313884,34315.38078088127,-0.282442373206313,High
PRT,155570,497452210.231202,356747836.6172372,10417073,47768.483549189106,34261.390566931535,-0.282761603021138,High
PRT,61920,497452210.231202,356747836.6172372,10417073,47759.49349987295,34252.40051761538,-0.28281482889456316,High
PRI,385,0,0,3240968,0.11879166964931465,0.11879166964931465,0,Low
PRI,3181,0,0,3240968,0.9814968861155062,0.9814968861155062,0,Low
QAT,1151,130023804.011313,90724327.9172328,2892455,44953.147071022024,31366.25424327528,-0.3022456426972876,Critical
QAT,0.9,130023804.011313,90724327.9172328,2892455,44952.74945031574,31365.856622568994,-0.3022483161516902,Critical
PRK,91211,0,0,26328845,3.4642993264611492,3.4642993264611492,0,Low
PRK,91211,0,0,51782512,1.7614247837184878,1.7614247837184878,0,Low
PRK,4998223,0,0,26328845,189.8382933242989,189.8382933242989,0,Low
PRK,4998223,0,0,51782512,96.52337839462095,96.52337839462095,0,Low
PRK,34562,0,0,26328845,1.312704754044471,1.312704754044471,0,Low
PRK,34562,0,0,51782512,0.6674454109140167,0.6674454109140167,0,Low
MDA,752297,36735623.134,30260606.3266,3039985,12331.613522435144,10201.663273535889,-0.17272275400329365,High
MDA,0,36735623.134,30260606.3266,3039985,12084.14618295814,9954.195934058886,-0.1762598876785396,High
MDA,855007,36735623.134,30260606.3266,3039985,12365.399873354638,10235.449624455383,-0.17225081847041115,High
ROU,8037130,0,0,19166772,419.32621726809293,419.32621726809293,0,Low
ROU,16900,0,0,19166772,0.8817342847298439,0.8817342847298439,0,Low
ROU,8684240,0,0,19166772,453.0882925930355,453.0882925930355,0,Low
RUS,15862434.06,0,0,145579899,108.96033153588051,108.96033153588051,0,Low
RUS,920094.51,0,0,145579899,6.320202969779502,6.320202969779502,0,Low
RUS,104233944,0,0,145579899,715.9913196532716,715.9913196532716,0,Low
RWA,458522.08,20093330.56808,17191441.4738,13651030,1505.5166275423903,1292.9400604789528,-0.14119841865210625,Medium
RWA,135074.74,20093330.56808,17191441.4738,13651030,1481.8226396162047,1269.246072552767,-0.14345614743644056,Medium
RWA,13877.29,20093330.56808,17191441.4738,13651030,1472.9443754852196,1260.367808421782,-0.14432083831638942,Medium
LCA,0,0,0,178781,0,0,0,Low
VCT,640,1810123.494779,1075014.450335,102046,17744.580824128334,10540.878136673657,-0.40596634876037113,Critical
VCT,0,1810123.494779,1075014.450335,102046,17738.30914272975,10534.606455275072,-0.40610988507927764,Critical
STP,780.65,802872.0425019992,758732.2802925062,226305,3551.1928260621694,3356.147368783307,-0.05492392748921599,Medium
SAU,58500,762394157.970391,578971490.0264823,32175352,23696.79305980525,17996.073206176028,-0.24056925505666182,High
SAU,815,762394157.970391,578971490.0264823,32175352,23695.000227826287,17994.280374197064,-0.24058745721954322,High
SAU,800000,762394157.970391,578971490.0264823,32175352,23719.83865072839,18019.118797099167,-0.24033552409742742,High
SEN,787750,48423375.658747,33022646.980237,17651103,2787.9915299767385,1888.7061607559028,-0.3225567077774942,Critical
SEN,1409120,48423375.658747,33022646.980237,17651103,2823.1944291949917,1902.787320443204,-0.32601619613362354,Critical
SRB,4283293,0,0,6791213,630.7110379250364,630.7110379250364,0,Low
SRB,3109827,0,0,6791213,457.91922591737296,457.91922591737296,0,Low
SLE,24000,0,0,8276807.000000001,2.8996689182193083,2.8996689182193083,0,Low
SLE,1397000,0,0,8276807.000000001,168.78489494801556,168.78489494801556,0,Low
SVK,683700,412401214.82896,262179818.858986,5473197,75474.15428842777,47952.46706065687,-0.3646504884651715,Critical
SVK,0,412401214.82896,262179818.858986,5473197,75349.23643876878,47902.49992079328,-0.3642603139088159,Critical
SVK,2048150,412401214.82896,262179818.858986,5473197,75723.45099746273,48052.18574427085,-0.3654253060141047,Critical
SVN,277820,254152856.190109,167367900.81793362,2115228,120285.2251341742,79256.57225506358,-0.341094700810881,Critical
SVN,0,254152856.190109,167367900.81793362,2115228,120153.88231912069,79125.22944001007,-0.3414675588271152,Critical
SVN,150750,254152856.190109,167367900.81793362,2115228,120225.15123197547,79196.49835286486,-0.341265138439672,Critical
NA,687763.67,0,0,5343,128722.3788134007,128722.3788134007,0,Low
NA,687763.67,0,0,12077154,56.94749524598262,56.94749524598262,0,Low
NA,687763.67,0,0,7465915,92.12047953934648,92.12047953934648,0,Low
NA,687763.67,0,0,704356,976.4432616460995,976.4432616460995,0,Low
NA,687763.67,0,0,1425179569,0.4825803603700131,0.4825803603700131,0,Low
NA,687763.67,0,0,23420111,29.36637106459487,29.36637106459487,0,Low
NA,687763.67,0,0,30395002,22.6275250779717,22.6275250779717,0,Low
NA,687763.67,0,0,185345,3710.721465375381,3710.721465375381,0,Low
NA,687763.67,0,0,102396968,6.716640965384834,6.716640965384834,0,Low
NA,687763.67,0,0,89524246,7.682429070667626,7.682429070667626,0,Low
NA,687763.67,0,0,112114,6134.503005869026,6134.503005869026,0,Low
NA,687763.67,0,0,17904421,38.41306401363104,38.41306401363104,0,Low
NA,687763.67,0,0,871540,789.1360924340822,789.1360924340822,0,Low
NA,687763.67,0,0,10920,62982.021062271066,62982.021062271066,0,Low
NA,687763.67,0,0,87058473,7.90001990960719,7.90001990960719,0,Low
NA,687763.67,0,0,86507,7950.381703214769,7950.381703214769,0,Low
NA,687763.67,0,0,28213017,24.377530059971964,24.377530059971964,0,Low
NA,687763.67,0,0,11478,59920.16640529709,59920.16640529709,0,Low
NA,687763.67,0,0,8021406686,0.08574102983712002,0.08574102983712002,0,Low
NA,687763.67,0,0,475299909,1.447009892021671,1.447009892021671,0,Low
NA,687763.67,0,0,199713824,3.4437459371866015,3.4437459371866015,0,Low
NA,687763.67,0,0,264719925,2.598080480719387,2.598080480719387,0,Low
NA,687763.67,0,0,71212991,9.657839957880718,9.657839957880718,0,Low
NA,687763.67,0,0,435937001,1.5776675722004152,1.5776675722004152,0,Low
NA,687763.67,0,0,1034848565,0.6646032021119921,0.6646032021119921,0,Low
NA,687763.67,0,0,380481775,1.8076126510921582,1.8076126510921582,0,Low
NA,687763.67,0,0,179821109,3.824710423735625,3.824710423735625,0,Low
NA,687763.67,0,0,44052902,15.612221642061174,15.612221642061174,0,Low
NA,687763.67,0,0,430492778,1.597619530797332,1.597619530797332,0,Low
NA,687763.67,0,0,4747661033,0.14486368450053583,0.14486368450053583,0,Low
NA,687763.67,0,0,79341768,8.668368342888451,8.668368342888451,0,Low
NA,687763.67,0,0,1663264901,0.41350218452063636,0.41350218452063636,0,Low
NA,687763.67,0,0,2022467287,0.3400617030598231,0.3400617030598231,0,Low
NA,687763.67,0,0,684898412,1.0041834788193376,1.0041834788193376,0,Low
NA,687763.67,0,0,297688665,2.310345508116676,2.310345508116676,0,Low
NA,687763.67,0,0,746964086,0.9207452980543966,0.9207452980543966,0,Low
NA,687763.67,0,0,289050977,2.37938538432963,2.37938538432963,0,Low
NA,687763.67,0,0,107439461,6.4014065558277515,6.4014065558277515,0,Low
NA,687763.67,0,0,151975351,4.5254948613344546,4.5254948613344546,0,Low
NA,687763.67,0,0,198498297,3.46483410887903,3.46483410887903,0,Low
NA,687763.67,0,0,45049350,15.266894416900577,15.266894416900577,0,Low
NA,687763.67,0,0,31332719,21.950334728371324,21.950334728371324,0,Low
NA,687763.67,0,0,12503827,55.004253497749126,55.004253497749126,0,Low
NA,687763.67,0,0,449113453,1.5313806910166194,1.5313806910166194,0,Low
NA,687763.67,0,0,1134811910,0.6060596156415031,0.6060596156415031,0,Low
NA,687763.67,0,0,566128954,1.2148533742013838,1.2148533742013838,0,Low
NA,687763.67,0,0,72230332,9.521812387626849,9.521812387626849,0,Low
NA,687763.67,0,0,1039281637,0.6617683268082221,0.6617683268082221,0,Low
NA,687763.67,0,0,1780529299,0.3862692236439295,0.3862692236439295,0,Low
NA,2771940.63,0,0,5343,518798.5457608085,518798.5457608085,0,Low
NA,2771940.63,0,0,12077154,229.519357789095,229.519357789095,0,Low
NA,2771940.63,0,0,7465915,371.2794252278522,371.2794252278522,0,Low
NA,2771940.63,0,0,704356,3935.4255944437186,3935.4255944437186,0,Low
NA,2771940.63,0,0,1425179569,1.9449764017771995,1.9449764017771995,0,Low
NA,2771940.63,0,0,23420111,118.35727977548868,118.35727977548868,0,Low
NA,2771940.63,0,0,30395002,91.19725111385088,91.19725111385088,0,Low
NA,2771940.63,0,0,185345,14955.57274272303,14955.57274272303,0,Low
NA,2771940.63,0,0,102396968,27.070534256444,27.070534256444,0,Low
NA,2771940.63,0,0,89524246,30.96301565053114,30.96301565053114,0,Low
NA,2771940.63,0,0,112114,24724.304101182726,24724.304101182726,0,Low
NA,2771940.63,0,0,17904421,154.81878079162684,154.81878079162684,0,Low
NA,2771940.63,0,0,871540,3180.50878904009,3180.50878904009,0,Low
NA,2771940.63,0,0,10920,253840.71703296702,253840.71703296702,0,Low
NA,2771940.63,0,0,87058473,31.839986786811664,31.839986786811664,0,Low
NA,2771940.63,0,0,86507,32042.963344006843,32042.963344006843,0,Low
NA,2771940.63,0,0,28213017,98.25041504777741,98.25041504777741,0,Low
NA,2771940.63,0,0,11478,241500.31625718766,241500.31625718766,0,Low
NA,2771940.63,0,0,8021406686,0.3455678958203117,0.3455678958203117,0,Low
NA,2771940.63,0,0,475299909,5.831982244288627,5.831982244288627,0,Low
NA,2771940.63,0,0,199713824,13.879563139304768,13.879563139304768,0,Low
NA,2771940.63,0,0,264719925,10.471220215100923,10.471220215100923,0,Low
NA,2771940.63,0,0,71212991,38.924648313114666,38.924648313114666,0,Low
NA,2771940.63,0,0,435937001,6.3585807665819125,6.3585807665819125,0,Low
NA,2771940.63,0,0,1034848565,2.6785954232830194,2.6785954232830194,0,Low
NA,2771940.63,0,0,380481775,7.285344035203789,7.285344035203789,0,Low
NA,2771940.63,0,0,179821109,15.414990183382752,15.414990183382752,0,Low
NA,2771940.63,0,0,44052902,62.92299721820824,62.92299721820824,0,Low
NA,2771940.63,0,0,430492778,6.438994500390899,6.438994500390899,0,Low
NA,2771940.63,0,0,4747661033,0.5838539463396438,0.5838539463396438,0,Low
NA,2771940.63,0,0,79341768,34.93671366133409,34.93671366133409,0,Low
NA,2771940.63,0,0,1663264901,1.666565938073625,1.666565938073625,0,Low
NA,2771940.63,0,0,2022467287,1.3705737777898606,1.3705737777898606,0,Low
NA,2771940.63,0,0,684898412,4.047228875747488,4.047228875747488,0,Low
NA,2771940.63,0,0,297688665,9.311542412943401,9.311542412943401,0,Low
NA,2771940.63,0,0,746964086,3.7109423089452256,3.7109423089452256,0,Low
NA,2771940.63,0,0,289050977,9.589798515021107,9.589798515021107,0,Low
NA,2771940.63,0,0,107439461,25.80002360585186,25.80002360585186,0,Low
NA,2771940.63,0,0,151975351,18.23940929736691,18.23940929736691,0,Low
NA,2771940.63,0,0,198498297,13.964556229920703,13.964556229920703,0,Low
NA,2771940.63,0,0,45049350,61.531201449077514,61.531201449077514,0,Low
NA,2771940.63,0,0,31332719,88.46792485516498,88.46792485516498,0,Low
NA,2771940.63,0,0,12503827,221.68737859217023,221.68737859217023,0,Low
NA,2771940.63,0,0,449113453,6.1720276056838586,6.1720276056838586,0,Low
NA,2771940.63,0,0,1134811910,2.4426432306301757,2.4426432306301757,0,Low
NA,2771940.63,0,0,566128954,4.89630606315889,4.89630606315889,0,Low
NA,2771940.63,0,0,72230332,38.37640715814514,38.37640715814514,0,Low
NA,2771940.63,0,0,1039281637,2.667169832810199,2.667169832810199,0,Low
NA,2771940.63,0,0,1780529299,1.5568070862730576,1.5568070862730576,0,Low
NA,5,0,0,5343,0.9358038555118847,0.9358038555118847,0,Low
NA,5,0,0,12077154,4.140048226593782e-4,4.140048226593782e-4,0,Low
NA,5,0,0,7465915,6.69710276637224e-4,6.69710276637224e-4,0,Low
NA,5,0,0,704356,0.007098683052320133,0.007098683052320133,0,Low
NA,5,0,0,1425179569,3.508329833487811e-6,3.508329833487811e-6,0,Low
NA,5,0,0,23420111,2.1349172939445077e-4,2.1349172939445077e-4,0,Low
NA,5,0,0,30395002,1.6450072942913443e-4,1.6450072942913443e-4,0,Low
NA,5,0,0,185345,0.0269767190914241,0.0269767190914241,0,Low
NA,5,0,0,102396968,4.882957081307329e-5,4.882957081307329e-5,0,Low
NA,5,0,0,89524246,5.585079152747067e-5,5.585079152747067e-5,0,Low
NA,5,0,0,112114,0.04459746329628771,0.04459746329628771,0,Low
NA,5,0,0,17904421,2.792606362417416e-4,2.792606362417416e-4,0,Low
NA,5,0,0,871540,0.005736971338091195,0.005736971338091195,0,Low
NA,5,0,0,10920,0.45787545787545786,0.45787545787545786,0,Low
NA,5,0,0,87058473,5.743266367651544e-5,5.743266367651544e-5,0,Low
NA,5,0,0,86507,0.057798790849295435,0.057798790849295435,0,Low
NA,5,0,0,28213017,1.7722315908291552e-4,1.7722315908291552e-4,0,Low
NA,5,0,0,11478,0.4356159609688099,0.4356159609688099,0,Low
NA,5,0,0,8021406686,6.233320657742798e-7,6.233320657742798e-7,0,Low
NA,5,0,0,475299909,1.0519673800316254e-5,1.0519673800316254e-5,0,Low
NA,5,0,0,199713824,2.5035823258784528e-5,2.5035823258784528e-5,0,Low
NA,5,0,0,264719925,1.8887886886489562e-5,1.8887886886489562e-5,0,Low
NA,5,0,0,71212991,7.021190838621004e-5,7.021190838621004e-5,0,Low
NA,5,0,0,435937001,1.146954717890533e-5,1.146954717890533e-5,0,Low
NA,5,0,0,1034848565,4.831624808795092e-6,4.831624808795092e-6,0,Low
NA,5,0,0,380481775,1.314123390009942e-5,1.314123390009942e-5,0,Low
NA,5,0,0,179821109,2.7805411877423134e-5,2.7805411877423134e-5,0,Low
NA,5,0,0,44052902,1.1349990064218697e-4,1.1349990064218697e-4,0,Low
NA,5,0,0,430492778,1.1614596702943993e-5,1.1614596702943993e-5,0,Low
NA,5,0,0,4747661033,1.0531501649435468e-6,1.0531501649435468e-6,0,Low
NA,5,0,0,79341768,6.301850999841596e-5,6.301850999841596e-5,0,Low
NA,5,0,0,1663264901,3.006135701531286e-6,3.006135701531286e-6,0,Low
NA,5,0,0,2022467287,2.472227873419245e-6,2.472227873419245e-6,0,Low
NA,5,0,0,684898412,7.300352741947954e-6,7.300352741947954e-6,0,Low
NA,5,0,0,297688665,1.679607115709293e-5,1.679607115709293e-5,0,Low
NA,5,0,0,746964086,6.693762248697992e-6,6.693762248697992e-6,0,Low
NA,5,0,0,289050977,1.729798685302489e-5,1.729798685302489e-5,0,Low
NA,5,0,0,107439461,4.653783585157785e-5,4.653783585157785e-5,0,Low
NA,5,0,0,151975351,3.2900072064975854e-5,3.2900072064975854e-5,0,Low
NA,5,0,0,198498297,2.5189132982838638e-5,2.5189132982838638e-5,0,Low
NA,5,0,0,45049350,1.1098939274373549e-4,1.1098939274373549e-4,0,Low
NA,5,0,0,31332719,1.5957759682458454e-4,1.5957759682458454e-4,0,Low
NA,5,0,0,12503827,3.998775734821027e-4,3.998775734821027e-4,0,Low
NA,5,0,0,449113453,1.1133044371307221e-5,1.1133044371307221e-5,0,Low
NA,5,0,0,1134811910,4.406016500126439e-6,4.406016500126439e-6,0,Low
NA,5,0,0,566128954,8.831910052775714e-6,8.831910052775714e-6,0,Low
NA,5,0,0,72230332,6.92229962337706e-5,6.92229962337706e-5,0,Low
NA,5,0,0,1039281637,4.8110154379644836e-6,4.8110154379644836e-6,0,Low
NA,5,0,0,1780529299,2.808153734290221e-6,2.808153734290221e-6,0,Low
SLB,2747.77,0,0,781066,3.517974153272579,3.517974153272579,0,Low
SOM,65000,0,0,17801897,3.6512962635386557,3.6512962635386557,0,Low
SOM,2000,0,0,17801897,0.11234757733965094,0.11234757733965094,0,Low
SOM,1056.33,0,0,17801897,0.05933805818559674,0.05933805818559674,0,Low
ZAF,15470000,450969503.440033,339994333.2898078,62378410,7477.579236790951,5698.5154525389125,-0.23791975021792405,High
ZAF,15470000,450969503.440033,339994333.2898078,1446883651,322.3752670905209,245.6758240679076,-0.23791975021792405,High
ZAF,3081.46,450969503.440033,339994333.2898078,62378410,7229.626162321755,5450.562378069717,-0.2460796373571689,High
ZAF,3081.46,450969503.440033,339994333.2898078,1446883651,311.6854521013819,234.98600907876855,-0.24607963735716906,High
ZAF,2110000,450969503.440033,339994333.2898078,62378410,7263.402568934236,5484.338784682197,-0.24493531335591143,High
ZAF,2110000,450969503.440033,339994333.2898078,1446883651,313.14162899476497,236.44218597215166,-0.2449353133559114,High
NA,182047601.21,0,0,5343,34072169.41980161,34072169.41980161,0,Low
NA,182047601.21,0,0,12077154,15073.716970902251,15073.716970902251,0,Low
NA,182047601.21,0,0,7465915,24383.829873498427,24383.829873498427,0,Low
NA,182047601.21,0,0,704356,258459.64428499225,258459.64428499225,0,Low
NA,182047601.21,0,0,1425179569,127.73660608798694,127.73660608798694,0,Low
NA,182047601.21,0,0,23420111,7773.131442886842,7773.131442886842,0,Low
NA,182047601.21,0,0,30395002,5989.392637973835,5989.392637973835,0,Low
NA,182047601.21,0,0,185345,982209.3998219536,982209.3998219536,0,Low
NA,182047601.21,0,0,102396968,1777.8612469267646,1777.8612469267646,0,Low
NA,182047601.21,0,0,89524246,2033.5005246511655,2033.5005246511655,0,Low
NA,182047601.21,0,0,112114,1623772.2426280393,1623772.2426280393,0,Low
NA,182047601.21,0,0,17904421,10167.745788037491,10167.745788037491,0,Low
NA,182047601.21,0,0,871540,208880.3740620052,208880.3740620052,0,Low
NA,182047601.21,0,0,10920,16671025.751831502,16671025.751831502,0,Low
NA,182047601.21,0,0,87058473,2091.095730682067,2091.095730682067,0,Low
NA,182047601.21,0,0,86507,2104426.2453905465,2104426.2453905465,0,Low
NA,182047601.21,0,0,28213017,6452.610197980599,6452.610197980599,0,Low
NA,182047601.21,0,0,11478,15860568.148632165,15860568.148632165,0,Low
NA,182047601.21,0,0,8021406686,22.695221466296317,22.695221466296317,0,Low
NA,182047601.21,0,0,475299909,383.01627617185176,383.01627617185176,0,Low
NA,182047601.21,0,0,199713824,911.5423137158498,911.5423137158498,0,Low
NA,182047601.21,0,0,264719925,687.698899922248,687.698899922248,0,Low
NA,182047601.21,0,0,71212991,2556.381899617164,2556.381899617164,0,Low
NA,182047601.21,0,0,435937001,417.6007101769276,417.6007101769276,0,Low
NA,182047601.21,0,0,1034848565,175.91714127757427,175.91714127757427,0,Low
NA,182047601.21,0,0,380481775,478.4660216905264,478.4660216905264,0,Low
NA,182047601.21,0,0,179821109,1012.3817065881848,1012.3817065881848,0,Low
NA,182047601.21,0,0,44052902,4132.476929896696,4132.476929896696,0,Low
NA,182047601.21,0,0,430492778,422.8818937585057,422.8818937585057,0,Low
NA,182047601.21,0,0,4747661033,38.344692248377704,38.344692248377704,0,Low
NA,182047601.21,0,0,79341768,2294.4737154080053,2294.4737154080053,0,Low
NA,182047601.21,0,0,1663264901,109.45195867510223,109.45195867510223,0,Low
NA,182047601.21,0,0,2022467287,90.01263080009461,90.01263080009461,0,Low
NA,182047601.21,0,0,684898412,265.8023409316943,265.8023409316943,0,Low
NA,182047601.21,0,0,297688665,611.5368927802474,611.5368927802474,0,Low
NA,182047601.21,0,0,746964086,243.71667208910497,243.71667208910497,0,Low
NA,182047601.21,0,0,289050977,629.8114024710596,629.8114024710596,0,Low
NA,182047601.21,0,0,107439461,1694.420276456897,1694.420276456897,0,Low
NA,182047601.21,0,0,151975351,1197.8758398129971,1197.8758398129971,0,Low
NA,182047601.21,0,0,198498297,917.1242472170933,917.1242472170933,0,Low
NA,182047601.21,0,0,45049350,4041.070541750325,4041.070541750325,0,Low
NA,182047601.21,0,0,31332719,5810.143741754426,5810.143741754426,0,Low
NA,182047601.21,0,0,12503827,14559.35060601846,14559.35060601846,0,Low
NA,182047601.21,0,0,449113453,405.34880439219444,405.34880439219444,0,Low
NA,182047601.21,0,0,1134811910,160.4209469479396,160.4209469479396,0,Low
NA,182047601.21,0,0,566128954,321.5656078420607,321.5656078420607,0,Low
NA,182047601.21,0,0,72230332,2520.3760825853606,2520.3760825853606,0,Low
NA,182047601.21,0,0,1039281637,175.16676397314234,175.16676397314234,0,Low
NA,182047601.21,0,0,1780529299,102.2435302312877,102.2435302312877,0,Low
NA,24224049.04,0,0,5343,4533791.697548194,4533791.697548194,0,Low
NA,24224049.04,0,0,12077154,2005.7746253794562,2005.7746253794562,0,Low
NA,24224049.04,0,0,7465915,3244.618916770416,3244.618916770416,0,Low
NA,24224049.04,0,0,704356,34391.76927576396,34391.76927576396,0,Low
NA,24224049.04,0,0,1425179569,16.997190786980752,16.997190786980752,0,Low
NA,24224049.04,0,0,23420111,1034.326824497117,1034.326824497117,0,Low
NA,24224049.04,0,0,30395002,796.9747473614248,796.9747473614248,0,Low
NA,24224049.04,0,0,185345,130697.07324179233,130697.07324179233,0,Low
NA,24224049.04,0,0,102396968,236.56998359560802,236.56998359560802,0,Low
NA,24224049.04,0,0,89524246,270.5864625768532,270.5864625768532,0,Low
NA,24224049.04,0,0,112114,216066.2275897747,216066.2275897747,0,Low
NA,24224049.04,0,0,17904421,1352.96466945231,1352.96466945231,0,Low
NA,24224049.04,0,0,871540,27794.535006999104,27794.535006999104,0,Low
NA,24224049.04,0,0,10920,2218319.509157509,2218319.509157509,0,Low
NA,24224049.04,0,0,87058473,278.2503322795473,278.2503322795473,0,Low
NA,24224049.04,0,0,86507,280024.14879720716,280024.14879720716,0,Low
NA,24224049.04,0,0,28213017,858.6124993296534,858.6124993296534,0,Low
NA,24224049.04,0,0,11478,2110476.4802230354,2110476.4802230354,0,Low
NA,24224049.04,0,0,8021406686,3.019925305904132,3.019925305904132,0,Low
NA,24224049.04,0,0,475299909,50.96581880473283,50.96581880473283,0,Low
NA,24224049.04,0,0,199713824,121.29380207551381,121.29380207551381,0,Low
NA,24224049.04,0,0,264719925,91.50821964005921,91.50821964005921,0,Low
NA,24224049.04,0,0,71212991,340.16334238790785,340.16334238790785,0,Low
NA,24224049.04,0,0,435937001,55.56777466567927,55.56777466567927,0,Low
NA,24224049.04,0,0,1034848565,23.408303262226585,23.408303262226585,0,Low
NA,24224049.04,0,0,380481775,63.666778888423764,63.666778888423764,0,Low
NA,24224049.04,0,0,179821109,134.7119321792193,134.7119321792193,0,Low
NA,24224049.04,0,0,44052902,549.885431838293,549.885431838293,0,Low
NA,24224049.04,0,0,430492778,56.270512022387514,56.270512022387514,0,Low
NA,24224049.04,0,0,4747661033,5.102312248415314,5.102312248415314,0,Low
NA,24224049.04,0,0,79341768,305.31269532587174,305.31269532587174,0,Low
NA,24224049.04,0,0,1663264901,14.564155730957735,14.564155730957735,0,Low
NA,24224049.04,0,0,2022467287,11.977473848752542,11.977473848752542,0,Low
NA,24224049.04,0,0,684898412,35.368820566049145,35.368820566049145,0,Low
NA,24224049.04,0,0,297688665,81.37377027774974,81.37377027774974,0,Low
NA,24224049.04,0,0,746964086,32.43000499491217,32.43000499491217,0,Low
NA,24224049.04,0,0,289050977,83.80545636419005,83.80545636419005,0,Low
NA,24224049.04,0,0,107439461,225.4669635768184,225.4669635768184,0,Low
NA,24224049.04,0,0,151975351,159.3945918243018,159.3945918243018,0,Low
NA,24224049.04,0,0,198498297,122.03655853027293,122.03655853027293,0,Low
NA,24224049.04,0,0,45049350,537.7224985488137,537.7224985488137,0,Low
NA,24224049.04,0,0,31332719,773.1231062328169,773.1231062328169,0,Low
NA,24224049.04,0,0,12503827,1937.330790005332,1937.330790005332,0,Low
NA,24224049.04,0,0,449113453,53.937482563008416,53.937482563008416,0,Low
NA,24224049.04,0,0,1134811910,21.346311954022408,21.346311954022408,0,Low
NA,24224049.04,0,0,566128954,42.78892444706158,42.78892444706158,0,Low
NA,24224049.04,0,0,72230332,335.37225109251887,335.37225109251887,0,Low
NA,24224049.04,0,0,1039281637,23.308454780289743,23.308454780289743,0,Low
NA,24224049.04,0,0,1780529299,13.60497075426109,13.60497075426109,0,Low
NA,36400540.37,0,0,5343,6812753.204192401,6812753.204192401,0,Low
NA,36400540.37,0,0,12077154,3013.9998521174775,3013.9998521174775,0,Low
NA,36400540.37,0,0,7465915,4875.563192187427,4875.563192187427,0,Low
NA,36400540.37,0,0,704356,51679.17980396277,51679.17980396277,0,Low
NA,36400540.37,0,0,1425179569,25.541020347029686,25.541020347029686,0,Low
NA,36400540.37,0,0,23420111,1554.2428628967643,1554.2428628967643,0,Low
NA,36400540.37,0,0,30395002,1197.583088495931,1197.583088495931,0,Low
NA,36400540.37,0,0,185345,196393.43046750655,196393.43046750655,0,Low
NA,36400540.37,0,0,102396968,355.48455272620964,355.48455272620964,0,Low
NA,36400540.37,0,0,89524246,406.59979833843,406.59979833843,0,Low
NA,36400540.37,0,0,112114,324674.3526232228,324674.3526232228,0,Low
NA,36400540.37,0,0,17904421,2033.0476126538804,2033.0476126538804,0,Low
NA,36400540.37,0,0,871540,41765.77135874429,41765.77135874429,0,Low
NA,36400540.37,0,0,10920,3333382.817765568,3333382.817765568,0,Low
NA,36400540.37,0,0,87058473,418.1159985427266,418.1159985427266,0,Low
NA,36400540.37,0,0,86507,420781.443929393,420781.443929393,0,Low
NA,36400540.37,0,0,28213017,1290.2037513393198,1290.2037513393198,0,Low
NA,36400540.37,0,0,11478,3171331.274612302,3171331.274612302,0,Low
NA,36400540.37,0,0,8021406686,4.537924804826433,4.537924804826433,0,Low
NA,36400540.37,0,0,475299909,76.58436216952863,76.58436216952863,0,Low
NA,36400540.37,0,0,199713824,182.26349904551424,182.26349904551424,0,Low
NA,36400540.37,0,0,264719925,137.50585782313138,137.50585782313138,0,Low
NA,36400540.37,0,0,71212991,511.150281133396,511.150281133396,0,Low
NA,36400540.37,0,0,435937001,83.49954302227262,83.49954302227262,0,Low
NA,36400540.37,0,0,1034848565,35.174750781047855,35.174750781047855,0,Low
NA,36400540.37,0,0,380481775,95.66960301843629,95.66960301843629,0,Low
NA,36400540.37,0,0,179821109,202.42640350972366,202.42640350972366,0,Low
NA,36400540.37,0,0,44052902,826.2915430633832,826.2915430633832,0,Low
NA,36400540.37,0,0,430492778,84.55551923335634,84.55551923335634,0,Low
NA,36400540.37,0,0,4747661033,7.6670470189399476,7.6670470189399476,0,Low
NA,36400540.37,0,0,79341768,458.7815634509178,458.7815634509178,0,Low
NA,36400540.37,0,0,1663264901,21.88499279225757,21.88499279225757,0,Low
NA,36400540.37,0,0,2022467287,17.998086102047296,17.998086102047296,0,Low
NA,36400540.37,0,0,684898412,53.14735693970334,53.14735693970334,0,Low
NA,36400540.37,0,0,297688665,122.27721324223077,122.27721324223077,0,Low
NA,36400540.37,0,0,746964086,48.73131259218265,48.73131259218265,0,Low
NA,36400540.37,0,0,289050977,125.93121375265235,125.93121375265235,0,Low
NA,36400540.37,0,0,107439461,338.8004745295586,338.8004745295586,0,Low
NA,36400540.37,0,0,151975351,239.51608027541255,239.51608027541255,0,Low
NA,36400540.37,0,0,198498297,183.37961040542328,183.37961040542328,0,Low
NA,36400540.37,0,0,45049350,808.0147742420257,808.0147742420257,0,Low
NA,36400540.37,0,0,31332719,1161.7421510721747,1161.7421510721747,0,Low
NA,36400540.37,0,0,12503827,2911.1519513185845,2911.1519513185845,0,Low
NA,36400540.37,0,0,449113453,81.04976621575395,81.04976621575395,0,Low
NA,36400540.37,0,0,1134811910,32.076276296747714,32.076276296747714,0,Low
NA,36400540.37,0,0,566128954,64.29725968405424,64.29725968405424,0,Low
NA,36400540.37,0,0,72230332,503.95089378794495,503.95089378794495,0,Low
NA,36400540.37,0,0,1039281637,35.02471233406388,35.02471233406388,0,Low
NA,36400540.37,0,0,1780529299,20.44366267403949,20.44366267403949,0,Low
SSD,219300,0,0,11021177,19.898056260234274,19.898056260234274,0,Low
SSD,36515,0,0,11021177,3.313167005665547,3.313167005665547,0,Low
SSD,0,0,0,11021177,0,0,0,Low
NA,43753200.16,0,0,5343,8188882.680142242,8188882.680142242,0,Low
NA,43753200.16,0,0,12077154,3622.8071746042156,3622.8071746042156,0,Low
NA,43753200.16,0,0,7465915,5860.393556583486,5860.393556583486,0,Low
NA,43753200.16,0,0,704356,62118.020092112514,62118.020092112514,0,Low
NA,43753200.16,0,0,1425179569,30.700131486378332,30.700131486378332,0,Low
NA,43753200.16,0,0,23420111,1868.1892737399921,1868.1892737399921,0,Low
NA,43753200.16,0,0,30395002,1439.4866682357842,1439.4866682357842,0,Low
NA,43753200.16,0,0,185345,236063.5580134344,236063.5580134344,0,Low
NA,43753200.16,0,0,102396968,427.2899971022579,427.2899971022579,0,Low
NA,43753200.16,0,0,89524246,488.7301721591713,488.7301721591713,0,Low
NA,43753200.16,0,0,112114,390256.3476461459,390256.3476461459,0,Low
NA,43753200.16,0,0,17904421,2443.709302858774,2443.709302858774,0,Low
NA,43753200.16,0,0,871540,50202.171053537415,50202.171053537415,0,Low
NA,43753200.16,0,0,10920,4006703.3113553114,4006703.3113553114,0,Low
NA,43753200.16,0,0,87058473,502.5725659121083,502.5725659121083,0,Low
NA,43753200.16,0,0,86507,505776.41300703987,505776.41300703987,0,Low
NA,43753200.16,0,0,28213017,1550.8160704684649,1550.8160704684649,0,Low
NA,43753200.16,0,0,11478,3811918.466631817,3811918.466631817,0,Low
NA,43753200.16,0,0,8021406686,5.45455452799367,5.45455452799367,0,Low
NA,43753200.16,0,0,475299909,92.053878680629,92.053878680629,0,Low
NA,43753200.16,0,0,199713824,219.0794772423966,219.0794772423966,0,Low
NA,43753200.16,0,0,264719925,165.2810991088034,165.2810991088034,0,Low
NA,43753200.16,0,0,71212991,614.3991362474861,614.3991362474861,0,Low
NA,43753200.16,0,0,435937001,100.36587869264164,100.36587869264164,0,Low
NA,43753200.16,0,0,1034848565,42.279809471446676,42.279809471446676,0,Low
NA,43753200.16,0,0,380481775,114.99420743608547,114.99420743608547,0,Low
NA,43753200.16,0,0,179821109,243.31515028082714,243.31515028082714,0,Low
NA,43753200.16,0,0,44052902,993.1967741875438,993.1967741875438,0,Low
NA,43753200.16,0,0,430492778,101.63515486431692,101.63515486431692,0,Low
NA,43753200.16,0,0,4747661033,9.215737993062405,9.215737993062405,0,Low
NA,43753200.16,0,0,79341768,551.452296349131,551.452296349131,0,Low
NA,43753200.16,0,0,1663264901,26.305611411444076,26.305611411444076,0,Low
NA,43753200.16,0,0,2022467287,21.633576197368676,21.633576197368676,0,Low
NA,43753200.16,0,0,684898412,63.882758951410736,63.882758951410736,0,Low
NA,43753200.16,0,0,297688665,146.97637264757796,146.97637264757796,0,Low
NA,43753200.16,0,0,746964086,58.574703898146986,58.574703898146986,0,Low
NA,43753200.16,0,0,289050977,151.3684562290893,151.3684562290893,0,Low
NA,43753200.16,0,0,107439461,407.2358494054619,407.2358494054619,0,Low
NA,43753200.16,0,0,151975351,287.8966876674626,287.8966876674626,0,Low
NA,43753200.16,0,0,198498297,220.42103545099937,220.42103545099937,0,Low
NA,43753200.16,0,0,45049350,971.2282232707021,971.2282232707021,0,Low
NA,43753200.16,0,0,31332719,1396.4061069835657,1396.4061069835657,0,Low
NA,43753200.16,0,0,12503827,3499.1847024115095,3499.1847024115095,0,Low
NA,43753200.16,0,0,449113453,97.42126375359324,97.42126375359324,0,Low
NA,43753200.16,0,0,1134811910,38.555464367658956,38.555464367658956,0,Low
NA,43753200.16,0,0,566128954,77.28486566684239,77.28486566684239,0,Low
NA,43753200.16,0,0,72230332,605.7455219782182,605.7455219782182,0,Low
NA,43753200.16,0,0,1039281637,42.09946428602202,42.09946428602202,0,Low
NA,43753200.16,0,0,1780529299,24.5731424832903,24.5731424832903,0,Low
NA,196368409.47,0,0,5343,36752462.9365525,36752462.9365525,0,Low
NA,196368409.47,0,0,12077154,16259.493707706302,16259.493707706302,0,Low
NA,196368409.47,0,0,7465915,26301.988365793073,26301.988365793073,0,Low
NA,196368409.47,0,0,704356,278791.4200631499,278791.4200631499,0,Low
NA,196368409.47,0,0,1425179569,137.78502985963027,137.78502985963027,0,Low
NA,196368409.47,0,0,23420111,8384.606267237588,8384.606267237588,0,Low
NA,196368409.47,0,0,30395002,6460.54931893079,6460.54931893079,0,Low
NA,196368409.47,0,0,185345,1059475.084140387,1059475.084140387,0,Low
NA,196368409.47,0,0,102396968,1917.7170311331874,1917.7170311331874,0,Low
NA,196368409.47,0,0,89524246,2193.4662199779937,2193.4662199779937,0,Low
NA,196368409.47,0,0,112114,1751506.5867777441,1751506.5867777441,0,Low
NA,196368409.47,0,0,17904421,10967.593393274208,10967.593393274208,0,Low
NA,196368409.47,0,0,871540,225311.9873671891,225311.9873671891,0,Low
NA,196368409.47,0,0,10920,17982455.07967033,17982455.07967033,0,Low
NA,196368409.47,0,0,87058473,2255.592163556556,2255.592163556556,0,Low
NA,196368409.47,0,0,86507,2269971.325673067,2269971.325673067,0,Low
NA,196368409.47,0,0,28213017,6960.205974072181,6960.205974072181,0,Low
NA,196368409.47,0,0,11478,17108242.67903816,17108242.67903816,0,Low
NA,196368409.47,0,0,8021406686,24.48054526554895,24.48054526554895,0,Low
NA,196368409.47,0,0,475299909,413.14632246226665,413.14632246226665,0,Low
NA,196368409.47,0,0,199713824,983.24895861991,983.24895861991,0,Low
NA,196368409.47,0,0,264719925,741.796861229845,741.796861229845,0,Low
NA,196368409.47,0,0,71212991,2757.480155130684,2757.480155130684,0,Low
NA,196368409.47,0,0,435937001,450.451347372553,450.451347372553,0,Low
NA,196368409.47,0,0,1034848565,189.755695771777,189.755695771777,0,Low
NA,196368409.47,0,0,380481775,516.1046398871536,516.1046398871536,0,Low
NA,196368409.47,0,0,179821109,1092.0209010055655,1092.0209010055655,0,Low
NA,196368409.47,0,0,44052902,4457.558992821858,4457.558992821858,0,Low
NA,196368409.47,0,0,430492778,456.14797623852354,456.14797623852354,0,Low
NA,196368409.47,0,0,4747661033,41.361084564606486,41.361084564606486,0,Low
NA,196368409.47,0,0,79341768,2474.968915111647,2474.968915111647,0,Low
NA,196368409.47,0,0,1663264901,118.06201727213626,118.06201727213626,0,Low
NA,196368409.47,0,0,2022467287,97.09349107014754,97.09349107014754,0,Low
NA,196368409.47,0,0,684898412,286.71173130125464,286.71173130125464,0,Low
NA,196368409.47,0,0,297688665,659.6435556926563,659.6435556926563,0,Low
NA,196368409.47,0,0,746964086,262.88868922943107,262.88868922943107,0,Low
NA,196368409.47,0,0,289050977,679.3556330722937,679.3556330722937,0,Low
NA,196368409.47,0,0,107439461,1827.712161270057,1827.712161270057,0,Low
NA,196368409.47,0,0,151975351,1292.1069645695372,1292.1069645695372,0,Low
NA,196368409.47,0,0,198498297,989.2699959536681,989.2699959536681,0,Low
NA,196368409.47,0,0,45049350,4358.9621042256995,4358.9621042256995,0,Low
NA,196368409.47,0,0,31332719,6267.199775097718,6267.199775097718,0,Low
NA,196368409.47,0,0,12503827,15704.664617480712,15704.664617480712,0,Low
NA,196368409.47,0,0,449113453,437.23564315050703,437.23564315050703,0,Low
NA,196368409.47,0,0,1134811910,173.040490445681,173.040490445681,0,Low
NA,196368409.47,0,0,566128954,346.86162592913416,346.86162592913416,0,Low
NA,196368409.47,0,0,72230332,2718.6419338346664,2718.6419338346664,0,Low
NA,196368409.47,0,0,1039281637,188.9462898977402,188.9462898977402,0,Low
NA,196368409.47,0,0,1780529299,110.28653646996236,110.28653646996236,0,Low
NA,98044.18,0,0,5343,18350.024330900244,18350.024330900244,0,Low
NA,98044.18,0,0,12077154,8.118152670736832,8.118152670736832,0,Low
NA,98044.18,0,0,7465915,13.132238982093956,13.132238982093956,0,Low
NA,98044.18,0,0,704356,139.19691178892492,139.19691178892492,0,Low
NA,98044.18,0,0,1425179569,0.06879426433876978,0.06879426433876978,0,Low
NA,98044.18,0,0,23420111,4.186324309052164,4.186324309052164,0,Low
NA,98044.18,0,0,30395002,3.225667825256271,3.225667825256271,0,Low
NA,98044.18,0,0,185345,528.9820604818042,528.9820604818042,0,Low
NA,98044.18,0,0,102396968,0.9574910460239409,0.9574910460239409,0,Low
NA,98044.18,0,0,89524246,1.0951690115323618,1.0951690115323618,0,Low
NA,98044.18,0,0,112114,874.504343792925,874.504343792925,0,Low
NA,98044.18,0,0,17904421,5.475976017319968,5.475976017319968,0,Low
NA,98044.18,0,0,871540,112.4953301053308,112.4953301053308,0,Low
NA,98044.18,0,0,10920,8978.404761904761,8978.404761904761,0,Low
NA,98044.18,0,0,87058473,1.1261876830759483,1.1261876830759483,0,Low
NA,98044.18,0,0,86507,1133.367010762135,1133.367010762135,0,Low
NA,98044.18,0,0,28213017,3.4751398618588007,3.4751398618588007,0,Low
NA,98044.18,0,0,11478,8541.921937619794,8541.921937619794,0,Low
NA,98044.18,0,0,8021406686,0.012222816251309067,0.012222816251309067,0,Low
NA,98044.18,0,0,475299909,0.2062785583238982,0.2062785583238982,0,Low
NA,98044.18,0,0,199713824,0.4909233524064914,0.4909233524064914,0,Low
NA,98044.18,0,0,264719925,0.3703694763437244,0.3703694763437244,0,Low
NA,98044.18,0,0,71212991,1.3767737967922173,1.3767737967922173,0,Low
NA,98044.18,0,0,435937001,0.22490446962541727,0.22490446962541727,0,Low
NA,98044.18,0,0,1034848565,0.09474253848919431,0.09474253848919431,0,Low
NA,98044.18,0,0,380481775,0.2576843003846899,0.2576843003846899,0,Low
NA,98044.18,0,0,179821109,0.5452317614168424,0.5452317614168424,0,Low
NA,98044.18,0,0,44052902,2.225600937708939,2.225600937708939,0,Low
NA,98044.18,0,0,430492778,0.22774872195416945,0.22774872195416945,0,Low
NA,98044.18,0,0,4747661033,0.02065104886775096,0.02065104886775096,0,Low
NA,98044.18,0,0,79341768,1.235719627523299,1.235719627523299,0,Low
NA,98044.18,0,0,1663264901,0.058946821965071936,0.058946821965071936,0,Low
NA,98044.18,0,0,2022467287,0.048477510924506736,0.048477510924506736,0,Low
NA,98044.18,0,0,684898412,0.14315141965900777,0.14315141965900777,0,Low
NA,98044.18,0,0,297688665,0.3293514047637655,0.3293514047637655,0,Low
NA,98044.18,0,0,746964086,0.13125688615771014,0.13125688615771014,0,Low
NA,98044.18,0,0,289050977,0.3391933873311212,0.3391933873311212,0,Low
NA,98044.18,0,0,107439461,0.9125527910085104,0.9125527910085104,0,Low
NA,98044.18,0,0,151975351,0.6451321175102929,0.6451321175102929,0,Low
NA,98044.18,0,0,198498297,0.4939295776426737,0.4939295776426737,0,Low
NA,98044.18,0,0,45049350,2.176372800051499,2.176372800051499,0,Low
NA,98044.18,0,0,31332719,3.129130925407399,3.129130925407399,0,Low
NA,98044.18,0,0,12503827,7.8411337584885015,7.8411337584885015,0,Low
NA,98044.18,0,0,449113453,0.2183060412576864,0.2183060412576864,0,Low
NA,98044.18,0,0,1134811910,0.08639685496427334,0.08639685496427334,0,Low
NA,98044.18,0,0,566128954,0.17318347579163032,0.17318347579163032,0,Low
NA,98044.18,0,0,72230332,1.3573823805766254,1.3573823805766254,0,Low
NA,98044.18,0,0,1039281637,0.09433841271651372,0.09433841271651372,0,Low
NA,98044.18,0,0,1780529299,0.055064626038484527,0.055064626038484527,0,Low
NA,15798049.35,0,0,5343,2956775.0982594048,2956775.0982594048,0,Low
NA,15798049.35,0,0,12077154,1308.093723902171,1308.093723902171,0,Low
NA,15798049.35,0,0,7465915,2116.0232001034033,2116.0232001034033,0,Low
NA,15798049.35,0,0,704356,22429.06903611242,22429.06903611242,0,Low
NA,15798049.35,0,0,1425179569,11.084953569103543,11.084953569103543,0,Low
NA,15798049.35,0,0,23420111,674.5505753580758,674.5505753580758,0,Low
NA,15798049.35,0,0,30395002,519.7581283264926,519.7581283264926,0,Low
NA,15798049.35,0,0,185345,85235.90790148103,85235.90790148103,0,Low
NA,15798049.35,0,0,102396968,154.2823938888503,154.2823938888503,0,Low
NA,15798049.35,0,0,89524246,176.4667121575087,176.4667121575087,0,Low
NA,15798049.35,0,0,112114,140910.58520791336,140910.58520791336,0,Low
NA,15798049.35,0,0,17904421,882.3546625718866,882.3546625718866,0,Low
NA,15798049.35,0,0,871540,18126.591263740047,18126.591263740047,0,Low
NA,15798049.35,0,0,10920,1446707.815934066,1446707.815934066,0,Low
NA,15798049.35,0,0,87058473,181.46481101270868,181.46481101270868,0,Low
NA,15798049.35,0,0,86507,182621.63004149953,182621.63004149953,0,Low
NA,15798049.35,0,0,28213017,559.95604263096,559.95604263096,0,Low
NA,15798049.35,0,0,11478,1376376.4898065864,1376376.4898065864,0,Low
NA,15798049.35,0,0,8021406686,1.9694861473079037,1.9694861473079037,0,Low
NA,15798049.35,0,0,475299909,33.238065168659645,33.238065168659645,0,Low
NA,15798049.35,0,0,199713824,79.10343427203117,79.10343427203117,0,Low
NA,15798049.35,0,0,264719925,59.678353829995984,59.678353829995984,0,Low
NA,15798049.35,0,0,71212991,221.842238728605,221.842238728605,0,Low
NA,15798049.35,0,0,435937001,36.239294470899935,36.239294470899935,0,Low
NA,15798049.35,0,0,1034848565,15.266049434005835,15.266049434005835,0,Low
NA,15798049.35,0,0,380481775,41.52117233473272,41.52117233473272,0,Low
NA,15798049.35,0,0,179821109,87.85425380732137,87.85425380732137,0,Low
NA,15798049.35,0,0,44052902,358.6154063130733,358.6154063130733,0,Low
NA,15798049.35,0,0,430492778,36.6975943786913,36.6975943786913,0,Low
NA,15798049.35,0,0,4747661033,3.3275436557477587,3.3275436557477587,0,Low
NA,15798049.35,0,0,79341768,199.11390618368878,199.11390618368878,0,Low
NA,15798049.35,0,0,1663264901,9.498216033117625,9.498216033117625,0,Low
NA,15798049.35,0,0,2022467287,7.811275589744557,7.811275589744557,0,Low
NA,15798049.35,0,0,684898412,23.066266577940322,23.066266577940322,0,Low
NA,15798049.35,0,0,297688665,53.069032205173144,53.069032205173144,0,Low
NA,15798049.35,0,0,746964086,21.14967726841957,21.14967726841957,0,Low
NA,15798049.35,0,0,289050977,54.654889991947684,54.654889991947684,0,Low
NA,15798049.35,0,0,107439461,147.04140548508522,147.04140548508522,0,Low
NA,15798049.35,0,0,151975351,103.95139242020899,103.95139242020899,0,Low
NA,15798049.35,0,0,198498297,79.5878331893195,79.5878331893195,0,Low
NA,15798049.35,0,0,45049350,350.68318077841303,350.68318077841303,0,Low
NA,15798049.35,0,0,31332719,504.20294995783803,504.20294995783803,0,Low
NA,15798049.35,0,0,12503827,1263.457127965702,1263.457127965702,0,Low
NA,15798049.35,0,0,449113453,35.17607687873024,35.17607687873024,0,Low
NA,15798049.35,0,0,1134811910,13.921293221182355,13.921293221182355,0,Low
NA,15798049.35,0,0,566128954,27.90539017370237,27.90539017370237,0,Low
NA,15798049.35,0,0,72230332,218.7176621311944,218.7176621311944,0,Low
NA,15798049.35,0,0,1039281637,15.200931862514954,15.200931862514954,0,Low
NA,15798049.35,0,0,1780529299,8.87267025534074,8.87267025534074,0,Low
NA,4081.46,0,0,5343,763.8892008235074,763.8892008235074,0,Low
NA,4081.46,0,0,12077154,0.33794882469826915,0.33794882469826915,0,Low
NA,4081.46,0,0,7465915,0.5466791411367529,0.5466791411367529,0,Low
NA,4081.46,0,0,704356,5.794598186144507,5.794598186144507,0,Low
NA,4081.46,0,0,1425179569,0.002863821576437432,0.002863821576437432,0,Low
NA,4081.46,0,0,23420111,0.17427159077085502,0.17427159077085502,0,Low
NA,4081.46,0,0,30395002,0.134280629427167,0.134280629427167,0,Low
NA,4081.46,0,0,185345,22.020879980576762,22.020879980576762,0,Low
NA,4081.46,0,0,102396968,0.039859188018145225,0.039859188018145225,0,Low
NA,4081.46,0,0,89524246,0.04559055431754209,0.04559055431754209,0,Low
NA,4081.46,0,0,112114,36.40455250905328,36.40455250905328,0,Low
NA,4081.46,0,0,17904421,0.22795822327904378,0.22795822327904378,0,Low
NA,4081.46,0,0,871540,4.683043807513138,4.683043807513138,0,Low
NA,4081.46,0,0,10920,373.7600732600733,373.7600732600733,0,Low
NA,4081.46,0,0,87058473,0.04688182389783014,0.04688182389783014,0,Low
NA,4081.46,0,0,86507,47.180690579953065,47.180690579953065,0,Low
NA,4081.46,0,0,28213017,0.14466584697411128,0.14466584697411128,0,Low
NA,4081.46,0,0,11478,355.5898240111518,355.5898240111518,0,Low
NA,4081.46,0,0,8021406686,5.088209786350184e-4,5.088209786350184e-4,0,Low
NA,4081.46,0,0,475299909,0.008587125565807756,0.008587125565807756,0,Low
NA,4081.46,0,0,199713824,0.020436542239559742,0.020436542239559742,0,Low
NA,4081.46,0,0,264719925,0.015418030962346337,0.015418030962346337,0,Low
NA,4081.46,0,0,71212991,0.05731341912039616,0.05731341912039616,0,Low
NA,4081.46,0,0,435937001,0.00936249960576299,0.00936249960576299,0,Low
NA,4081.46,0,0,1034848565,0.003944016678420963,0.003944016678420963,0,Low
NA,4081.46,0,0,380481775,0.010727084102779956,0.010727084102779956,0,Low
NA,4081.46,0,0,179821109,0.022697335272245486,0.022697335272245486,0,Low
NA,4081.46,0,0,44052902,0.0926490608950121,0.0926490608950121,0,Low
NA,4081.46,0,0,430492778,0.009480902371839557,0.009480902371839557,0,Low
NA,4081.46,0,0,4747661033,8.596780544420978e-4,8.596780544420978e-4,0,Low
NA,4081.46,0,0,79341768,0.05144150556362696,0.05144150556362696,0,Low
NA,4081.46,0,0,1663264901,0.0024538845240743767,0.0024538845240743767,0,Low
NA,4081.46,0,0,2022467287,0.0020180598352491424,0.0020180598352491424,0,Low
NA,4081.46,0,0,684898412,0.00595921954043018,0.00595921954043018,0,Low
NA,4081.46,0,0,297688665,0.013710498516965703,0.013710498516965703,0,Low
NA,4081.46,0,0,746964086,0.005464064573514181,0.005464064573514181,0,Low
NA,4081.46,0,0,289050977,0.014120208284229394,0.014120208284229394,0,Low
NA,4081.46,0,0,107439461,0.037988463102956185,0.037988463102956185,0,Low
NA,4081.46,0,0,151975351,0.02685606562606327,0.02685606562606327,0,Low
NA,4081.46,0,0,198498297,0.020561687740827318,0.020561687740827318,0,Low
NA,4081.46,0,0,45049350,0.09059975338156932,0.09059975338156932,0,Low
NA,4081.46,0,0,31332719,0.13026191566713377,0.13026191566713377,0,Low
NA,4081.46,0,0,12503827,0.3264168642128526,0.3264168642128526,0,Low
NA,4081.46,0,0,449113453,0.009087815055943114,0.009087815055943114,0,Low
NA,4081.46,0,0,1134811910,0.0035965960209212115,0.0035965960209212115,0,Low
NA,4081.46,0,0,566128954,0.007209417520800393,0.007209417520800393,0,Low
NA,4081.46,0,0,72230332,0.05650617804165707,0.05650617804165707,0,Low
NA,4081.46,0,0,1039281637,0.003927193413886904,0.003927193413886904,0,Low
NA,4081.46,0,0,1780529299,0.0022922734280712335,0.0022922734280712335,0,Low
NA,2137760.52,0,0,5343,400104.9073554183,400104.9073554183,0,Low
NA,2137760.52,0,0,12077154,177.00863299416403,177.00863299416403,0,Low
NA,2137760.52,0,0,7465915,286.3360378466671,286.3360378466671,0,Low
NA,2137760.52,0,0,704356,3035.056874648615,3035.056874648615,0,Low
NA,2137760.52,0,0,1425179569,1.4999938018336831,1.4999938018336831,0,Low
NA,2137760.52,0,0,23420111,91.27883808919607,91.27883808919607,0,Low
NA,2137760.52,0,0,30395002,70.33263297696115,70.33263297696115,0,Low
NA,2137760.52,0,0,185345,11533.953006555343,11533.953006555343,0,Low
NA,2137760.52,0,0,102396968,20.877185738546476,20.877185738546476,0,Low
NA,2137760.52,0,0,89524246,23.87912342763546,23.87912342763546,0,Low
NA,2137760.52,0,0,112114,19067.739265390584,19067.739265390584,0,Low
NA,2137760.52,0,0,17904421,119.39847258953529,119.39847258953529,0,Low
NA,2137760.52,0,0,871540,2452.8541661885856,2452.8541661885856,0,Low
NA,2137760.52,0,0,10920,195765.61538461538,195765.61538461538,0,Low
NA,2137760.52,0,0,87058473,24.55545619321855,24.55545619321855,0,Low
NA,2137760.52,0,0,86507,24711.994636272208,24711.994636272208,0,Low
NA,2137760.52,0,0,28213017,75.77213454342724,75.77213454342724,0,Low
NA,2137760.52,0,0,11478,186248.52064819654,186248.52064819654,0,Low
NA,2137760.52,0,0,8021406686,0.26650693621245974,0.26650693621245974,0,Low
NA,2137760.52,0,0,475299909,4.49770866671889,4.49770866671889,0,Low
NA,2137760.52,0,0,199713824,10.704118909665462,10.704118909665462,0,Low
NA,2137760.52,0,0,264719925,8.075555778432621,8.075555778432621,0,Low
NA,2137760.52,0,0,71212991,30.019249156379345,30.019249156379345,0,Low
NA,2137760.52,0,0,435937001,4.903829028268238,4.903829028268238,0,Low
NA,2137760.52,0,0,1034848565,2.065771352738939,2.065771352738939,0,Low
NA,2137760.52,0,0,380481775,5.618562203143632,5.618562203143632,0,Low
NA,2137760.52,0,0,179821109,11.88826235077885,11.88826235077885,0,Low
NA,2137760.52,0,0,44052902,48.527121323357996,48.527121323357996,0,Low
NA,2137760.52,0,0,430492778,4.965845257455167,4.965845257455167,0,Low
NA,2137760.52,0,0,4747661033,0.4502765688495605,0.4502765688495605,0,Low
NA,2137760.52,0,0,79341768,26.94369654076778,26.94369654076778,0,Low
NA,2137760.52,0,0,1663264901,1.2852796440992174,1.2852796440992174,0,Low
NA,2137760.52,0,0,2022467287,1.057006228847844,1.057006228847844,0,Low
NA,2137760.52,0,0,684898412,3.121281174762017,3.121281174762017,0,Low
NA,2137760.52,0,0,297688665,7.1811955621487975,7.1811955621487975,0,Low
NA,2137760.52,0,0,746964086,2.8619321331065977,2.8619321331065977,0,Low
NA,2137760.52,0,0,289050977,7.395790673975131,7.395790673975131,0,Low
NA,2137760.52,0,0,107439461,19.89734963394874,19.89734963394874,0,Low
NA,2137760.52,0,0,151975351,14.06649503313205,14.06649503313205,0,Low
NA,2137760.52,0,0,198498297,10.769666804748455,10.769666804748455,0,Low
NA,2137760.52,0,0,45049350,47.45374838926644,47.45374838926644,0,Low
NA,2137760.52,0,0,31332719,68.22773727361485,68.22773727361485,0,Low
NA,2137760.52,0,0,12503827,170.96849788468762,170.96849788468762,0,Low
NA,2137760.52,0,0,449113453,4.75995654487776,4.75995654487776,0,Low
NA,2137760.52,0,0,1134811910,1.8838016248877754,1.8838016248877754,0,Low
NA,2137760.52,0,0,566128954,3.7761017254030076,3.7761017254030076,0,Low
NA,2137760.52,0,0,72230332,29.596437684932695,29.596437684932695,0,Low
NA,2137760.52,0,0,1039281637,2.056959772878196,2.056959772878196,0,Low
NA,2137760.52,0,0,1780529299,1.2006320374512411,1.2006320374512411,0,Low
NA,52998628.81,0,0,5343,9919264.23544825,9919264.23544825,0,Low
NA,52998628.81,0,0,12077154,4388.337584334852,4388.337584334852,0,Low
NA,52998628.81,0,0,7465915,7098.74527234773,7098.74527234773,0,Low
NA,52998628.81,0,0,704356,75244.09362595051,75244.09362595051,0,Low
NA,52998628.81,0,0,1425179569,37.18733411761392,37.18733411761392,0,Low
NA,52998628.81,0,0,23420111,2262.9537840362927,2262.9537840362927,0,Low
NA,52998628.81,0,0,30395002,1743.6626195977879,1743.6626195977879,0,Low
NA,52998628.81,0,0,185345,285945.82432760525,285945.82432760525,0,Low
NA,52998628.81,0,0,102396968,517.5800596947363,517.5800596947363,0,Low
NA,52998628.81,0,0,89524246,592.0030737818222,592.0030737818222,0,Low
NA,52998628.81,0,0,112114,472720.88062151027,472720.88062151027,0,Low
NA,52998628.81,0,0,17904421,2960.0861602840996,2960.0861602840996,0,Low
NA,52998628.81,0,0,871540,60810.32288822085,60810.32288822085,0,Low
NA,52998628.81,0,0,10920,4853354.286630036,4853354.286630036,0,Low
NA,52998628.81,0,0,87058473,608.7704847522423,608.7704847522423,0,Low
NA,52998628.81,0,0,86507,612651.3323777267,612651.3323777267,0,Low
NA,52998628.81,0,0,28213017,1878.516884954204,1878.516884954204,0,Low
NA,52998628.81,0,0,11478,4617409.723819481,4617409.723819481,0,Low
NA,52998628.81,0,0,8021406686,6.607148955868312,6.607148955868312,0,Low
NA,52998628.81,0,0,475299909,111.50565738904865,111.50565738904865,0,Low
NA,52998628.81,0,0,199713824,265.37286076901717,265.37286076901717,0,Low
NA,52998628.81,0,0,264719925,200.20642122046536,200.20642122046536,0,Low
NA,52998628.81,0,0,71212991,744.2269741204944,744.2269741204944,0,Low
NA,52998628.81,0,0,435937001,121.57405471071725,121.57405471071725,0,Low
NA,52998628.81,0,0,1034848565,51.21389795810366,51.21389795810366,0,Low
NA,52998628.81,0,0,380481775,139.29347551535156,139.29347551535156,0,Low
NA,52998628.81,0,0,179821109,294.7297406001428,294.7297406001428,0,Low
NA,52998628.81,0,0,44052902,1203.0678208214297,1203.0678208214297,0,Low
NA,52998628.81,0,0,430492778,123.1115398874357,123.1115398874357,0,Low
NA,52998628.81,0,0,4747661033,11.163102934606663,11.163102934606663,0,Low
NA,52998628.81,0,0,79341768,667.97892391306425,667.97892391306425,0,Low
NA,52998628.81,0,0,1663264901,31.864214039589115,31.864214039589115,0,Low
NA,52998628.81,0,0,2022467287,26.204937479416447,26.204937479416447,0,Low
NA,52998628.81,0,0,684898412,77.38173703051308,77.38173703051308,0,Low
NA,52998628.81,0,0,297688665,178.0337481442231,178.0337481442231,0,Low
NA,52998628.81,0,0,746964086,70.95204415222716,70.95204415222716,0,Low
NA,52998628.81,0,0,289050977,183.35391687674525,183.35391687674525,0,Low
NA,52998628.81,0,0,107439461,493.28829758369693,493.28829758369693,0,Low
NA,52998628.81,0,0,151975351,348.73174143878106,348.73174143878106,0,Low
NA,52998628.81,0,0,198498297,266.9979018006386,266.9979018006386,0,Low
NA,52998628.81,0,0,45049350,1176.4571255745088,1176.4571255745088,0,Low
NA,52998628.81,0,0,31332719,1691.4787640995983,1691.4787640995983,0,Low
NA,52998628.81,0,0,12503827,4238.592617284292,4238.592617284292,0,Low
NA,52998628.81,0,0,449113453,118.00721723203424,118.00721723203424,0,Low
NA,52998628.81,0,0,1134811910,46.7025666041873,46.7025666041873,0,Low
NA,52998628.81,0,0,566128954,93.61582451407352,93.61582451407352,0,Low
NA,52998628.81,0,0,72230332,733.7447765019272,733.7447765019272,0,Low
NA,52998628.81,0,0,1039281637,50.99544427917184,50.99544427917184,0,Low
NA,52998628.81,0,0,1780529299,29.765659481012563,29.765659481012563,0,Low
NA,284937928.13,0,0,5343,53329202.34512446,53329202.34512446,0,Low
NA,284937928.13,0,0,12077154,23593.13528087826,23593.13528087826,0,Low
NA,284937928.13,0,0,7465915,38165.171734475945,38165.171734475945,0,Low
NA,284937928.13,0,0,704356,404536.80827592866,404536.80827592866,0,Low
NA,284937928.13,0,0,1425179569,199.93124679013695,199.93124679013695,0,Low
NA,284937928.13,0,0,23420111,12166.378209309085,12166.378209309085,0,Low
NA,284937928.13,0,0,30395002,9374.499403882257,9374.499403882257,0,Low
NA,284937928.13,0,0,185345,1537338.0891310798,1537338.0891310798,0,Low
NA,284937928.13,0,0,102396968,2782.6793477908445,2782.6793477908445,0,Low
NA,284937928.13,0,0,89524246,3182.8017644516103,3182.8017644516103,0,Low
NA,284937928.13,0,0,112114,2541501.7582995878,2541501.7582995878,0,Low
NA,284937928.13,0,0,17904421,15914.38941979749,15914.38941979749,0,Low
NA,284937928.13,0,0,871540,326936.14536337974,326936.14536337974,0,Low
NA,284937928.13,0,0,10920,26093216.861721613,26093216.861721613,0,Low
NA,284937928.13,0,0,87058473,3272.9488389946837,3272.9488389946837,0,Low
NA,284937928.13,0,0,86507,3293813.5426034885,3293813.5426034885,0,Low
NA,284937928.13,0,0,28213017,10099.519953147868,10099.519953147868,0,Low
NA,284937928.13,0,0,11478,24824701.87576233,24824701.87576233,0,Low
NA,284937928.13,0,0,8021406686,35.52218947174324,35.52218947174324,0,Low
NA,284937928.13,0,0,475299909,599.4908114531114,599.4908114531114,0,Low
NA,284937928.13,0,0,199713824,1426.7311216773858,1426.7311216773858,0,Low
NA,284937928.13,0,0,264719925,1076.3750712380263,1076.3750712380263,0,Low
NA,284937928.13,0,0,71212991,4001.207141124012,4001.207141124012,0,Low
NA,284937928.13,0,0,435937001,653.6218019493142,653.6218019493142,0,Low
NA,284937928.13,0,0,1034848565,275.34263250391615,275.34263250391615,0,Low
NA,284937928.13,0,0,380481775,748.8871921132096,748.8871921132096,0,Low
NA,284937928.13,0,0,179821109,1584.5632902308482,1584.5632902308482,0,Low
NA,284937928.13,0,0,44052902,6468.085306389123,6468.085306389123,0,Low
NA,284937928.13,0,0,430492778,661.8878241204781,661.8878241204781,0,Low
NA,284937928.13,0,0,4747661033,60.016485201756396,60.016485201756396,0,Low
NA,284937928.13,0,0,79341768,3591.272734557667,3591.272734557667,0,Low
NA,284937928.13,0,0,1663264901,171.31241569438973,171.31241569438973,0,Low
NA,284937928.13,0,0,2022467287,140.88629762346312,140.88629762346312,0,Low
NA,284937928.13,0,0,684898412,416.02947698176297,416.02947698176297,0,Low
NA,284937928.13,0,0,297688665,957.1675432452223,957.1675432452223,0,Low
NA,284937928.13,0,0,746964086,381.4613493077631,381.4613493077631,0,Low
NA,284937928.13,0,0,289050977,985.7705069441782,985.7705069441782,0,Low
NA,284937928.13,0,0,107439461,2652.0789054405254,2652.0789054405254,0,Low
NA,284937928.13,0,0,151975351,1874.895673904382,1874.895673904382,0,Low
NA,284937928.13,0,0,198498297,1435.4678727042176,1435.4678727042176,0,Low
NA,284937928.13,0,0,45049350,6325.017522561368,6325.017522561368,0,Low
NA,284937928.13,0,0,31332719,9093.941963032317,9093.941963032317,0,Low
NA,284937928.13,0,0,12503827,22788.057458728435,22788.057458728435,0,Low
NA,284937928.13,0,0,449113453,634.4453193879276,634.4453193879276,0,Low
NA,284937928.13,0,0,1134811910,251.0882425705243,251.0882425705243,0,Low
NA,284937928.13,0,0,566128954,503.3092303736862,503.3092303736862,0,Low
NA,284937928.13,0,0,72230332,3944.8514251602774,3944.8514251602774,0,Low
NA,284937928.13,0,0,1039281637,274.1681542190089,274.1681542190089,0,Low
NA,284937928.13,0,0,1780529299,160.02990138383564,160.02990138383564,0,Low
NA,154184808.78,0,0,5343,28857347.703537337,28857347.703537337,0,Low
NA,154184808.78,0,0,12077154,12766.650883146807,12766.650883146807,0,Low
NA,154184808.78,0,0,7465915,20651.830188262255,20651.830188262255,0,Low
NA,154184808.78,0,0,704356,218901.8178023613,218901.8178023613,0,Low
NA,154184808.78,0,0,1425179569,108.18623290269747,108.18623290269747,0,Low
NA,154184808.78,0,0,23420111,6583.43629455898,6583.43629455898,0,Low
NA,154184808.78,0,0,30395002,5072.702702240323,5072.702702240323,0,Low
NA,154184808.78,0,0,185345,831880.0549246001,831880.0549246001,0,Low
NA,154184808.78,0,0,102396968,1505.755607724635,1505.755607724635,0,Low
NA,154184808.78,0,0,89524246,1722.268722374942,1722.268722374942,0,Low
NA,154184808.78,0,0,112114,1375250.2700822377,1375250.2700822377,0,Low
NA,154184808.78,0,0,17904421,8611.549559742814,8611.549559742814,0,Low
NA,154184808.78,0,0,871540,176910.76574798633,176910.76574798633,0,Low
NA,154184808.78,0,0,10920,14119487.983516483,14119487.983516483,0,Low
NA,154184808.78,0,0,87058473,1771.0488533379169,1771.0488533379169,0,Low
NA,154184808.78,0,0,86507,1782339.102962766,1782339.102962766,0,Low
NA,154184808.78,0,0,28213017,5465.02377891737,5465.02377891737,0,Low
NA,154184808.78,0,0,11478,13433072.72869838,13433072.72869838,0,Low
NA,154184808.78,0,0,8021406686,19.221667073569943,19.221667073569943,0,Low
NA,154184808.78,0,0,475299909,324.3947786659475,324.3947786659475,0,Low
NA,154184808.78,0,0,199713824,772.0287243611139,772.0287243611139,0,Low
NA,154184808.78,0,0,264719925,582.4450455703325,582.4450455703325,0,Low
NA,154184808.78,0,0,71212991,2165.1219337213347,2165.1219337213347,0,Low
NA,154184808.78,0,0,435937001,353.68598771454134,353.68598771454134,0,Low
NA,154184808.78,0,0,1034848565,148.99262944815504,148.99262944815504,0,Low
NA,154184808.78,0,0,380481775,405.23572720401654,405.23572720401654,0,Low
NA,154184808.78,0,0,179821109,857.4344226739254,857.4344226739254,0,Low
NA,154184808.78,0,0,44052902,3499.9920954129198,3499.9920954129198,0,Low
NA,154184808.78,0,0,430492778,358.1588743400476,358.1588743400476,0,Low
NA,154184808.78,0,0,4747661033,32.47595135968925,32.47595135968925,0,Low
NA,154184808.78,0,0,79341768,1943.2993827412567,1943.2993827412567,0,Low
NA,154184808.78,0,0,1663264901,92.7000916614665,92.7000916614665,0,Low
NA,154184808.78,0,0,2022467287,76.23599638474647,76.23599638474647,0,Low
NA,154184808.78,0,0,684898412,225.12069830875882,225.12069830875882,0,Low
NA,154184808.78,0,0,297688665,517.9398039223294,517.9398039223294,0,Low
NA,154184808.78,0,0,746964086,206.41529046685653,206.41529046685653,0,Low
NA,154184808.78,0,0,289050977,533.4173590425194,533.4173590425194,0,Low
NA,154184808.78,0,0,107439461,1435.085464362112,1435.085464362112,0,Low
NA,154184808.78,0,0,151975351,1014.5382640373043,1014.5382640373043,0,Low
NA,154184808.78,0,0,198498297,776.7563304585933,776.7563304585933,0,Low
NA,154184808.78,0,0,45049350,3422.575659360235,3422.575659360235,0,Low
NA,154184808.78,0,0,31332719,4920.8882503941,4920.8882503941,0,Low
NA,154184808.78,0,0,12503827,12331.009440549682,12331.009440549682,0,Low
NA,154184808.78,0,0,449113453,343.30926350585185,343.30926350585185,0,Low
NA,154184808.78,0,0,1134811910,135.86816231070398,135.86816231070398,0,Low
NA,154184808.78,0,0,566128954,272.34927252987666,272.34927252987666,0,Low
NA,154184808.78,0,0,72230332,2134.626887496516,2134.626887496516,0,Low
NA,154184808.78,0,0,1039281637,148.35709906803635,148.35709906803635,0,Low
NA,154184808.78,0,0,1780529299,86.59492930927614,86.59492930927614,0,Low
NA,18087800.3,0,0,5343,3385326.651693805,3385326.651693805,0,Low
NA,18087800.3,0,0,12077154,1497.6873110999495,1497.6873110999495,0,Low
NA,18087800.3,0,0,7465915,2422.7171485343724,2422.7171485343724,0,Low
NA,18087800.3,0,0,704356,25679.912288672207,25679.912288672207,0,Low
NA,18087800.3,0,0,1425179569,12.691593882931954,12.691593882931954,0,Low
NA,18087800.3,0,0,23420111,772.3191533976931,772.3191533976931,0,Low
NA,18087800.3,0,0,30395002,595.0912686237033,595.0912686237033,0,Low
NA,18087800.3,0,0,185345,97589.90153497532,97589.90153497532,0,Low
NA,18087800.3,0,0,102396968,176.64390512031568,176.64390512031568,0,Low
NA,18087800.3,0,0,89524246,202.04359274916428,202.04359274916428,0,Low
NA,18087800.3,0,0,112114,161334.00199796635,161334.00199796635,0,Low
NA,18087800.3,0,0,17904421,1010.242123998313,1010.242123998313,0,Low
NA,18087800.3,0,0,871540,20753.838378043463,20753.838378043463,0,Low
NA,18087800.3,0,0,10920,1656391.9688644689,1656391.9688644689,0,Low
NA,18087800.3,0,0,87058473,207.766110255575,207.766110255575,0,Low
NA,18087800.3,0,0,86507,209090.59729270462,209090.59729270462,0,Low
NA,18087800.3,0,0,28213017,641.1154220053814,641.1154220053814,0,Low
NA,18087800.3,0,0,11478,1575866.9018992856,1575866.9018992856,0,Low
NA,18087800.3,0,0,8021406686,2.254941185262328,2.254941185262328,0,Low
NA,18087800.3,0,0,475299909,38.0555517842525,38.0555517842525,0,Low
NA,18087800.3,0,0,199713824,90.56859429019796,90.56859429019796,0,Low
NA,18087800.3,0,0,264719925,68.32806521836238,68.32806521836238,0,Low
NA,18087800.3,0,0,71212991,253.99579551433249,253.99579551433249,0,Low
NA,18087800.3,0,0,435937001,41.491775780693594,41.491775780693594,0,Low
NA,18087800.3,0,0,1034848565,17.47869293320226,17.47869293320226,0,Low
NA,18087800.3,0,0,380481775,47.53920289611769,47.53920289611769,0,Low
NA,18087800.3,0,0,179821109,100.58774745961554,100.58774745961554,0,Low
NA,18087800.3,0,0,44052902,410.59270737714394,410.59270737714394,0,Low
NA,18087800.3,0,0,430492778,42.01650114557787,42.01650114557787,0,Low
NA,18087800.3,0,0,4747661033,3.809833973882187,3.809833973882187,0,Low
NA,18087800.3,0,0,79341768,227.97324481098028,227.97324481098028,0,Low
NA,18087800.3,0,0,1663264901,10.874876448799661,10.874876448799661,0,Low
NA,18087800.3,0,0,2022467287,8.943432814100197,8.943432814100197,0,Low
NA,18087800.3,0,0,684898412,26.40946450318241,26.40946450318241,0,Low
NA,18087800.3,0,0,297688665,60.76079618281737,60.76079618281737,0,Low
NA,18087800.3,0,0,746964086,24.21508696202564,24.21508696202564,0,Low
NA,18087800.3,0,0,289050977,62.57650635790793,62.57650635790793,0,Low
NA,18087800.3,0,0,107439461,168.3534162555041,168.3534162555041,0,Low
NA,18087800.3,0,0,151975351,119.01798667337837,119.01798667337837,0,Low
NA,18087800.3,0,0,198498297,91.12320142474573,91.12320142474573,0,Low
NA,18087800.3,0,0,45049350,401.5107942733913,401.5107942733913,0,Low
NA,18087800.3,0,0,31332719,577.2815407433999,577.2815407433999,0,Low
NA,18087800.3,0,0,12503827,1446.58113871857,1446.58113871857,0,Low
NA,18087800.3,0,0,449113453,40.27445666384881,40.27445666384881,0,Low
NA,18087800.3,0,0,1134811910,15.939029314558391,15.939029314558391,0,Low
NA,18087800.3,0,0,566128954,31.949965060433918,31.949965060433918,0,Low
NA,18087800.3,0,0,72230332,250.41834640881893,250.41834640881893,0,Low
NA,18087800.3,0,0,1039281637,17.404137296423723,17.404137296423723,0,Low
NA,18087800.3,0,0,1780529299,10.158664791508157,10.158664791508157,0,Low
NA,1976681,0,0,5343,369957.14018341753,369957.14018341753,0,Low
NA,1976681,0,0,12077154,163.67109337183248,163.67109337183248,0,Low
NA,1976681,0,0,7465915,264.7607158667089,264.7607158667089,0,Low
NA,1976681,0,0,704356,2806.3663829086427,2806.3663829086427,0,Low
NA,1976681,0,0,1425179569,1.3869697847177038,1.3869697847177038,0,Low
NA,1976681,0,0,23420111,84.40100903023047,84.40100903023047,0,Low
NA,1976681,0,0,30395002,65.03309326974218,65.03309326974218,0,Low
NA,1976681,0,0,185345,10664.873614071057,10664.873614071057,0,Low
NA,1976681,0,0,102396968,19.304096972871307,19.304096972871307,0,Low
NA,1976681,0,0,89524246,22.07983968946245,22.07983968946245,0,Low
NA,1976681,0,0,112114,17630.991669193856,17630.991669193856,0,Low
NA,1976681,0,0,17904421,110.40183874139242,110.40183874139242,0,Low
NA,1976681,0,0,871540,2268.0324483098884,2268.0324483098884,0,Low
NA,1976681,0,0,10920,181014.7435897436,181014.7435897436,0,Low
NA,1976681,0,0,87058473,22.705211013751644,22.705211013751644,0,Low
NA,1976681,0,0,86507,22849.954338955227,22849.954338955227,0,Low
NA,1976681,0,0,28213017,70.0627302638353,70.0627302638353,0,Low
NA,1976681,0,0,11478,172214.75866875763,172214.75866875763,0,Low
NA,1976681,0,0,8021406686,0.24642573022135383,0.24642573022135383,0,Low
NA,1976681,0,0,475299909,4.158807865456587,4.158807865456587,0,Low
NA,1976681,0,0,199713824,9.897567230999492,9.897567230999492,0,Low
NA,1976681,0,0,264719925,7.467065427734614,7.467065427734614,0,Low
NA,1976681,0,0,71212991,27.75730905615241,27.75730905615241,0,Low
NA,1976681,0,0,435937001,4.534327197429153,4.534327197429153,0,Low
NA,1976681,0,0,1034848565,1.9101161917347782,1.9101161917347782,0,Low
NA,1976681,0,0,380481775,5.195205473376484,5.195205473376484,0,Low
NA,1976681,0,0,179821109,10.992485871055328,10.992485871055328,0,Low
NA,1976681,0,0,44052902,44.87061942025976,44.87061942025976,0,Low
NA,1976681,0,0,430492778,4.591670525074407,4.591670525074407,0,Low
NA,1976681,0,0,4747661033,0.416348384238155,0.416348384238155,0,Low
NA,1976681,0,0,79341768,24.913498272435774,24.913498272435774,0,Low
NA,1976681,0,0,1663264901,1.1884342649277129,1.1884342649277129,0,Low
NA,1976681,0,0,2022467287,0.9773611730116454,0.9773611730116454,0,Low
NA,1976681,0,0,684898412,2.886093711661285,2.886093711661285,0,Low
NA,1976681,0,0,297688665,6.640094946174722,6.640094946174722,0,Low
NA,1976681,0,0,746964086,2.646286531103719,2.646286531103719,0,Low
NA,1976681,0,0,289050977,6.838520390124819,6.838520390124819,0,Low
NA,1976681,0,0,107439461,18.39809118178655,18.39809118178655,0,Low
NA,1976681,0,0,151975351,13.006589469893706,13.006589469893706,0,Low
NA,1976681,0,0,198498297,9.958176114730092,9.958176114730092,0,Low
NA,1976681,0,0,45049350,43.87812476761596,43.87812476761596,0,Low
NA,1976681,0,0,31332719,63.086800733763326,63.086800733763326,0,Low
NA,1976681,0,0,12503827,158.08608036563527,158.08608036563527,0,Low
NA,1976681,0,0,449113453,4.401295456183986,4.401295456183986,0,Low
NA,1976681,0,0,1134811910,1.741857820297286,1.741857820297286,0,Low
NA,1976681,0,0,566128954,3.49157375900615,3.49157375900615,0,Low
NA,1976681,0,0,72230332,27.36635628367318,27.36635628367318,0,Low
NA,1976681,0,0,1039281637,1.9019685613862145,1.9019685613862145,0,Low
NA,1976681,0,0,1780529299,1.1101648263301058,1.1101648263301058,0,Low
NA,19356785.9,0,0,5343,3622830.975107617,3622830.975107617,0,Low
NA,19356785.9,0,0,12077154,1602.7605427570104,1602.7605427570104,0,Low
NA,19356785.9,0,0,7465915,2592.687687979303,2592.687687979303,0,Low
NA,19356785.9,0,0,704356,27481.537603143865,27481.537603143865,0,Low
NA,19356785.9,0,0,1425179569,13.58199789068124,13.58199789068124,0,Low
NA,19356785.9,0,0,23420111,826.502739461824,826.502739461824,0,Low
NA,19356785.9,0,0,30395002,636.8410799907169,636.8410799907169,0,Low
NA,19356785.9,0,0,185345,104436.51514742777,104436.51514742777,0,Low
NA,19356785.9,0,0,102396968,189.03670956350973,189.03670956350973,0,Low
NA,19356785.9,0,0,89524246,216.21836278855673,216.21836278855673,0,Low
NA,19356785.9,0,0,112114,172652.70974186988,172652.70974186988,0,Low
NA,19356785.9,0,0,17904421,1081.1176692058348,1081.1176692058348,0,Low
NA,19356785.9,0,0,871540,22209.865181173554,22209.865181173554,0,Low
NA,19356785.9,0,0,10920,1772599.4413919414,1772599.4413919414,0,Low
NA,19356785.9,0,0,87058473,222.34235489060325,222.34235489060325,0,Low
NA,19356785.9,0,0,86507,223759.76394973818,223759.76394973818,0,Low
NA,19356785.9,0,0,28213017,686.0941493779272,686.0941493779272,0,Low
NA,19356785.9,0,0,11478,1686424.978219202,1686424.978219202,0,Low
NA,19356785.9,0,0,8021406686,2.4131410683594905,2.4131410683594905,0,Low
NA,19356785.9,0,0,475299909,40.72541469811222,40.72541469811222,0,Low
NA,19356785.9,0,0,199713824,96.92261413010648,96.92261413010648,0,Low
NA,19356785.9,0,0,264719925,73.1217565130392,73.1217565130392,0,Low
NA,19356785.9,0,0,71212991,271.81537565245645,271.81537565245645,0,Low
NA,19356785.9,0,0,435937001,44.402713822403896,44.402713822403896,0,Low
NA,19356785.9,0,0,1034848565,18.704945394595004,18.704945394595004,0,Low
NA,19356785.9,0,0,380481775,50.874410213209295,50.874410213209295,0,Low
NA,19356785.9,0,0,179821109,107.64468091451933,107.64468091451933,0,Low
NA,19356785.9,0,0,44052902,439.3986552804172,439.3986552804172,0,Low
NA,19356785.9,0,0,430492778,44.964252338746554,44.964252338746554,0,Low
NA,19356785.9,0,0,4747661033,4.077120452672385,4.077120452672385,0,Low
NA,19356785.9,0,0,79341768,243.96716115526945,243.96716115526945,0,Low
NA,19356785.9,0,0,1663264901,11.637825032177481,11.637825032177481,0,Low
NA,19356785.9,0,0,2022467287,9.570877128357726,9.570877128357726,0,Low
NA,19356785.9,0,0,684898412,28.262273004072902,28.262273004072902,0,Low
NA,19356785.9,0,0,297688665,65.02359066980263,65.02359066980263,0,Low
NA,19356785.9,0,0,746964086,25.913944542709917,25.913944542709917,0,Low
NA,19356785.9,0,0,289050977,66.96668560300351,66.96668560300351,0,Low
NA,19356785.9,0,0,107439461,180.16458496566733,180.16458496566733,0,Low
NA,19356785.9,0,0,151975351,127.3679302112617,127.3679302112617,0,Low
NA,19356785.9,0,0,198498297,97.51613083108718,97.51613083108718,0,Low
NA,19356785.9,0,0,45049350,429.67958250230026,429.67958250230026,0,Low
NA,19356785.9,0,0,31332719,617.7818752340006,617.7818752340006,0,Low
NA,19356785.9,0,0,12503827,1548.0689152209159,1548.0689152209159,0,Low
NA,19356785.9,0,0,449113453,43.09999126211879,43.09999126211879,0,Low
NA,19356785.9,0,0,1134811910,17.057263612962963,17.057263612962963,0,Low
NA,19356785.9,0,0,566128954,34.19147839592744,34.19147839592744,0,Low
NA,19356785.9,0,0,72230332,267.98694349072076,267.98694349072076,0,Low
NA,19356785.9,0,0,1039281637,18.625159158854647,18.625159158854647,0,Low
NA,19356785.9,0,0,1780529299,10.87136612178826,10.87136612178826,0,Low
ESP,3590260,2021861133.5486782,1344989419.3181195,47828382,42348.31513950604,28196.222053217683,-0.3341831437606854,Critical
ESP,350420,2021861133.5486782,1344989419.3181195,47828382,42280.576281018206,28128.483194729848,-0.33471854764292597,Critical
ESP,6508800,2021861133.5486782,1344989419.3181195,47828382,42409.33622945217,28257.243143163814,-0.33370230106219156,Critical
LKA,259040,72957055.7440361,55166665.3147857,22834965,3206.3152163375808,2427.2297029921306,-0.2429846913914353,High
LKA,3392905,72957055.7440361,55166665.3147857,22834965,3343.5549712485254,2564.469457903075,-0.23301112739131366,High
SDN,24124.14,0,0,49383346,0.48850760335275784,0.48850760335275784,0,Low
SDN,28000,0,0,49383346,0.5669927671567657,0.5669927671567657,0,Low
SDN,476000,0,0,49383346,9.638877041665017,9.638877041665017,0,Low
SUR,29,7766707.02314,5216821.663418001,623164,12463.390091757548,8371.55333655025,-0.3283084879059803,Critical
SUR,184235,7766707.02314,5216821.663418001,623164,12758.98804029116,8667.151285083863,-0.3207022956903659,Critical
SWE,12200,867884889.7904379,448701849.271999,10487338,82756.66234753166,42785.569538428055,-0.4829954673769634,Critical
SWE,0,867884889.7904379,448701849.271999,10487338,82755.49903993159,42785.104215388026,-0.48299382262509044,Critical
SWE,3228700,867884889.7904379,448701849.271999,10487338,83063.3655357001,42908.250813695435,-0.4834274949375396,Critical
CHE,125317,1418509834.872211,903475622.9442388,8792182,161351.88646825225,102764.67772667113,-0.36310209954135736,Critical
CHE,486667,1418509834.872211,903475622.9442388,8792182,161392.98548098878,102781.11733176574,-0.36316242601588905,Critical
SYR,535715,0,0,22462173,23.849651589808342,23.849651589808342,0,Low
SYR,0,0,0,22462173,0,0,0,Low
SYR,1551605,0,0,22462173,69.07635338753735,69.07635338753735,0,Low
TJK,220000,20885707.12412,19109169.317918,10182222,2072.7997409720588,1898.3252690736854,-0.08417333737052281,Medium
TJK,142000,20885707.12412,19109169.317918,10182222,2065.1393305036954,1890.664858605322,-0.08448556924041459,Medium
TJK,820000,20885707.12412,19109169.317918,10182222,2131.725975344085,1957.2515034457115,-0.08184657592785172,Medium
THA,4700344,1181905433.605801,1034862047.8260005,71735329,16541.44191080243,14491.63761172686,-0.1239193239699945,Medium
THA,33629506,1181905433.605801,1034862047.8260005,71735329,16944.71826574882,14894.913966673248,-0.12097010212432625,Medium
THA,1321.18,1181905433.605801,1034862047.8260005,71735329,16475.936909494085,14426.132610418506,-0.12441200220270329,Medium
TLS,87000,0,0,1369295,63.53634534559755,63.53634534559755,0,Low
TLS,85500,0,0,1369295,62.440891115501046,62.440891115501046,0,Low
TGO,957047,11617605.423344,8403040.3246112,9089738,1383.3899748644021,1029.7422571047923,-0.25563848530438704,High
TGO,169608,11617605.423344,8403040.3246112,9089738,1296.7605252587039,943.1128074990941,-0.2727162886833381,High
TTO,5000,26378715.528983,15661393.1055044,1495921,17637.10485311925,10472.740943876313,-0.40620974751283323,Critical
TTO,125,26378715.528983,15661393.1055044,1495921,17633.84599118737,10469.482081944434,-0.40628481800415933,Critical
TUN,1135000,104354274.155029,81593521.3648792,12119334,8704.213792195924,6826.160692070968,-0.21576366860483043,High
TKM,11628.69,0,0,7230193,1.6083512570134713,1.6083512570134713,0,Low
TKM,86285,0,0,7230193,11.93398295176906,11.93398295176906,0,Low
TKM,1250000,0,0,7230193,172.88611797776352,172.88611797776352,0,Low
NA,8500000,0,0,5343,1590866.554370204,1590866.554370204,0,Low
NA,8500000,0,0,12077154,703.8081985209429,703.8081985209429,0,Low
NA,8500000,0,0,7465915,1138.5074702832808,1138.5074702832808,0,Low
NA,8500000,0,0,704356,12067.761188944227,12067.761188944227,0,Low
NA,8500000,0,0,1425179569,5.964160716929278,5.964160716929278,0,Low
NA,8500000,0,0,23420111,362.9359399705663,362.9359399705663,0,Low
NA,8500000,0,0,30395002,279.65124002952854,279.65124002952854,0,Low
NA,8500000,0,0,185345,45860.42245542097,45860.42245542097,0,Low
NA,8500000,0,0,102396968,83.0102703822246,83.0102703822246,0,Low
NA,8500000,0,0,89524246,94.94634559670014,94.94634559670014,0,Low
NA,8500000,0,0,112114,75815.6876036891,75815.6876036891,0,Low
NA,8500000,0,0,17904421,474.74308161096076,474.74308161096076,0,Low
NA,8500000,0,0,871540,9752.851274755032,9752.851274755032,0,Low
NA,8500000,0,0,10920,778388.2783882784,778388.2783882784,0,Low
NA,8500000,0,0,87058473,97.63552825007625,97.63552825007625,0,Low
NA,8500000,0,0,86507,98257.94444380223,98257.94444380223,0,Low
NA,8500000,0,0,28213017,301.27937044095637,301.27937044095637,0,Low
NA,8500000,0,0,11478,740547.1336469768,740547.1336469768,0,Low
NA,8500000,0,0,8021406686,1.0596645118162757,1.0596645118162757,0,Low
NA,8500000,0,0,475299909,17.883445460537633,17.883445460537633,0,Low
NA,8500000,0,0,199713824,42.5608995399337,42.5608995399337,0,Low
NA,8500000,0,0,264719925,32.109407707032254,32.109407707032254,0,Low
NA,8500000,0,0,71212991,119.36024425655707,119.36024425655707,0,Low
NA,8500000,0,0,435937001,19.498230204139062,19.498230204139062,0,Low
NA,8500000,0,0,1034848565,8.213762174951656,8.213762174951656,0,Low
NA,8500000,0,0,380481775,22.340097630169016,22.340097630169016,0,Low
NA,8500000,0,0,179821109,47.269200191619326,47.269200191619326,0,Low
NA,8500000,0,0,44052902,192.94983109171787,192.94983109171787,0,Low
NA,8500000,0,0,430492778,19.744814395004788,19.744814395004788,0,Low
NA,8500000,0,0,4747661033,1.7903552804040297,1.7903552804040297,0,Low
NA,8500000,0,0,79341768,107.13146699730714,107.13146699730714,0,Low
NA,8500000,0,0,1663264901,5.110430692603186,5.110430692603186,0,Low
NA,8500000,0,0,2022467287,4.202787384812717,4.202787384812717,0,Low
NA,8500000,0,0,684898412,12.410599661311522,12.410599661311522,0,Low
NA,8500000,0,0,297688665,28.55332096705798,28.55332096705798,0,Low
NA,8500000,0,0,746964086,11.379395822786586,11.379395822786586,0,Low
NA,8500000,0,0,289050977,29.406577650142314,29.406577650142314,0,Low
NA,8500000,0,0,107439461,79.11432094768234,79.11432094768234,0,Low
NA,8500000,0,0,151975351,55.93012251045895,55.93012251045895,0,Low
NA,8500000,0,0,198498297,42.82152607082568,42.82152607082568,0,Low
NA,8500000,0,0,45049350,188.6819676643503,188.6819676643503,0,Low
NA,8500000,0,0,31332719,271.28191460179374,271.28191460179374,0,Low
NA,8500000,0,0,12503827,679.7918749195746,679.7918749195746,0,Low
NA,8500000,0,0,449113453,18.926175431222276,18.926175431222276,0,Low
NA,8500000,0,0,1134811910,7.490228050214947,7.490228050214947,0,Low
NA,8500000,0,0,566128954,15.014247089718715,15.014247089718715,0,Low
NA,8500000,0,0,72230332,117.67909359741002,117.67909359741002,0,Low
NA,8500000,0,0,1039281637,8.178726244539622,8.178726244539622,0,Low
NA,8500000,0,0,1780529299,4.7738613482933765,4.7738613482933765,0,Low
NA,950000,0,0,5343,177802.73254725809,177802.73254725809,0,Low
NA,950000,0,0,12077154,78.66091630528186,78.66091630528186,0,Low
NA,950000,0,0,7465915,127.24495256107255,127.24495256107255,0,Low
NA,950000,0,0,704356,1348.7497799408254,1348.7497799408254,0,Low
NA,950000,0,0,1425179569,0.6665826683626841,0.6665826683626841,0,Low
NA,950000,0,0,23420111,40.56342858494565,40.56342858494565,0,Low
NA,950000,0,0,30395002,31.25513859153554,31.25513859153554,0,Low
NA,950000,0,0,185345,5125.576627370579,5125.576627370579,0,Low
NA,950000,0,0,102396968,9.277618454483926,9.277618454483926,0,Low
NA,950000,0,0,89524246,10.611650390219427,10.611650390219427,0,Low
NA,950000,0,0,112114,8473.518026294665,8473.518026294665,0,Low
NA,950000,0,0,17904421,53.05952088593091,53.05952088593091,0,Low
NA,950000,0,0,871540,1090.024554237327,1090.024554237327,0,Low
NA,950000,0,0,10920,86996.33699633699,86996.33699633699,0,Low
NA,950000,0,0,87058473,10.912206098537933,10.912206098537933,0,Low
NA,950000,0,0,86507,10981.770261366133,10981.770261366133,0,Low
NA,950000,0,0,28213017,33.67240022575395,33.67240022575395,0,Low
NA,950000,0,0,11478,82767.03258407388,82767.03258407388,0,Low
NA,950000,0,0,8021406686,0.11843309249711317,0.11843309249711317,0,Low
NA,950000,0,0,475299909,1.9987380220600883,1.9987380220600883,0,Low
NA,950000,0,0,199713824,4.75680641916906,4.75680641916906,0,Low
NA,950000,0,0,264719925,3.5886985084330165,3.5886985084330165,0,Low
NA,950000,0,0,71212991,13.340262593379908,13.340262593379908,0,Low
NA,950000,0,0,435937001,2.1792139639920127,2.1792139639920127,0,Low
NA,950000,0,0,1034848565,0.9180087136710674,0.9180087136710674,0,Low
NA,950000,0,0,380481775,2.4968344410188896,2.4968344410188896,0,Low
NA,950000,0,0,179821109,5.283028256710395,5.283028256710395,0,Low
NA,950000,0,0,44052902,21.564981122015524,21.564981122015524,0,Low
NA,950000,0,0,430492778,2.2067733735593587,2.2067733735593587,0,Low
NA,950000,0,0,4747661033,0.2000985313392739,0.2000985313392739,0,Low
NA,950000,0,0,79341768,11.973516899699034,11.973516899699034,0,Low
NA,950000,0,0,1663264901,0.5711657832909444,0.5711657832909444,0,Low
NA,950000,0,0,2022467287,0.46972329594965656,0.46972329594965656,0,Low
NA,950000,0,0,684898412,1.3870670209701115,1.3870670209701115,0,Low
NA,950000,0,0,297688665,3.191253519847657,3.191253519847657,0,Low
NA,950000,0,0,746964086,1.2718148272526184,1.2718148272526184,0,Low
NA,950000,0,0,289050977,3.286617502074729,3.286617502074729,0,Low
NA,950000,0,0,107439461,8.842188811799792,8.842188811799792,0,Low
NA,950000,0,0,151975351,6.251013692345412,6.251013692345412,0,Low
NA,950000,0,0,198498297,4.785935266739341,4.785935266739341,0,Low
NA,950000,0,0,45049350,21.08798462130974,21.08798462130974,0,Low
NA,950000,0,0,31332719,30.319743396671065,30.319743396671065,0,Low
NA,950000,0,0,12503827,75.97673896159952,75.97673896159952,0,Low
NA,950000,0,0,449113453,2.115278430548372,2.115278430548372,0,Low
NA,950000,0,0,1134811910,0.8371431350240235,0.8371431350240235,0,Low
NA,950000,0,0,566128954,1.6780629100273858,1.6780629100273858,0,Low
NA,950000,0,0,72230332,13.152369284416414,13.152369284416414,0,Low
NA,950000,0,0,1039281637,0.9140929332132518,0.9140929332132518,0,Low
NA,950000,0,0,1780529299,0.5335492095151421,0.5335492095151421,0,Low
NA,19750000,0,0,5343,3696425.2292719446,3696425.2292719446,0,Low
NA,19750000,0,0,12077154,1635.319049504544,1635.319049504544,0,Low
NA,19750000,0,0,7465915,2645.3555927170346,2645.3555927170346,0,Low
NA,19750000,0,0,704356,28039.798056664527,28039.798056664527,0,Low
NA,19750000,0,0,1425179569,13.857902842276852,13.857902842276852,0,Low
NA,19750000,0,0,23420111,843.2923311080806,843.2923311080806,0,Low
NA,19750000,0,0,30395002,649.7778812450811,649.7778812450811,0,Low
NA,19750000,0,0,185345,106558.0404111252,106558.0404111252,0,Low
NA,19750000,0,0,102396968,192.87680471163952,192.87680471163952,0,Low
NA,19750000,0,0,89524246,220.61062653350913,220.61062653350913,0,Low
NA,19750000,0,0,112114,176159.98002033646,176159.98002033646,0,Low
NA,19750000,0,0,17904421,1103.0795131548794,1103.0795131548794,0,Low
NA,19750000,0,0,871540,22661.03678546022,22661.03678546022,0,Low
NA,19750000,0,0,10920,1808608.0586080586,1808608.0586080586,0,Low
NA,19750000,0,0,87058473,226.859021522236,226.859021522236,0,Low
NA,19750000,0,0,86507,228305.22385471695,228305.22385471695,0,Low
NA,19750000,0,0,28213017,700.0314783775164,700.0314783775164,0,Low
NA,19750000,0,0,11478,1720683.045826799,1720683.045826799,0,Low
NA,19750000,0,0,8021406686,2.4621616598084053,2.4621616598084053,0,Low
NA,19750000,0,0,475299909,41.55271151124921,41.55271151124921,0,Low
NA,19750000,0,0,199713824,98.89150187219889,98.89150187219889,0,Low
NA,19750000,0,0,264719925,74.60715320163376,74.60715320163376,0,Low
NA,19750000,0,0,71212991,277.33703812552966,277.33703812552966,0,Low
NA,19750000,0,0,435937001,45.30471135667605,45.30471135667605,0,Low
NA,19750000,0,0,1034848565,19.08491799474061,19.08491799474061,0,Low
NA,19750000,0,0,380481775,51.90787390539271,51.90787390539271,0,Low
NA,19750000,0,0,179821109,109.83137691582138,109.83137691582138,0,Low
NA,19750000,0,0,44052902,448.32460753663855,448.32460753663855,0,Low
NA,19750000,0,0,430492778,45.87765697662877,45.87765697662877,0,Low
NA,19750000,0,0,4747661033,4.15994315152701,4.15994315152701,0,Low
NA,19750000,0,0,79341768,248.92311449374307,248.92311449374307,0,Low
NA,19750000,0,0,1663264901,11.87423602104858,11.87423602104858,0,Low
NA,19750000,0,0,2022467287,9.765300100006018,9.765300100006018,0,Low
NA,19750000,0,0,684898412,28.83639333069442,28.83639333069442,0,Low
NA,19750000,0,0,297688665,66.34448107051708,66.34448107051708,0,Low
NA,19750000,0,0,746964086,26.440360882357066,26.440360882357066,0,Low
NA,19750000,0,0,289050977,68.32704806944832,68.32704806944832,0,Low
NA,19750000,0,0,107439461,183.8244516137325,183.8244516137325,0,Low
NA,19750000,0,0,151975351,129.9552846566546,129.9552846566546,0,Low
NA,19750000,0,0,198498297,99.49707528221262,99.49707528221262,0,Low
NA,19750000,0,0,45049350,438.40810133775517,438.40810133775517,0,Low
NA,19750000,0,0,31332719,630.331507457109,630.331507457109,0,Low
NA,19750000,0,0,12503827,1579.5164152543057,1579.5164152543057,0,Low
NA,19750000,0,0,449113453,43.975525266663524,43.975525266663524,0,Low
NA,19750000,0,0,1134811910,17.403765175499437,17.403765175499437,0,Low
NA,19750000,0,0,566128954,34.88604470846407,34.88604470846407,0,Low
NA,19750000,0,0,72230332,273.4308351233939,273.4308351233939,0,Low
NA,19750000,0,0,1039281637,19.00351097995971,19.00351097995971,0,Low
NA,19750000,0,0,1780529299,11.092207250446375,11.092207250446375,0,Low
UGA,4738000,40506934.521,33832645.387542,47312719,956.2953784372444,815.2278330810368,-0.14751461581539468,Medium
UGA,347000,40506934.521,33832645.387542,47312719,863.4873536014702,722.4198082452629,-0.16336955575300177,High
UGA,25000,40506934.521,33832645.387542,47312719,856.6815726866173,715.61402733041,-0.16466742119106054,High
UKR,26186930,221019885.29491,151246935.61774,41048766,6022.271541485803,4322.513997564262,-0.2822452511834396,High
UKR,3090,221019885.29491,151246935.61774,41048766,5384.399991339813,3684.642447418273,-0.3156818859400126,Critical
UKR,20729240,221019885.29491,151246935.61774,41048766,5889.315291351511,4189.557747429972,-0.2886171753136807,High
ARE,21429,1311102884.079463,1013660515.5029038,10242086,128013.40596822395,98972.2156700211,-0.2268605391642464,High
ARE,0,1311102884.079463,1013660515.5029038,10242086,128011.31371865682,98970.12342045398,-0.22686424703077065,High
GBR,15540000,3306622762.234634,2120062184.4576182,68179315,48726.842770928895,31186.55833455672,-0.35997170017419944,Critical
TZA,6537000,66558504.488501996,55161120.9241188,64711821,1129.5541271895593,953.4289094432809,-0.155924548905412,High
TZA,4135400,66558504.488501996,55161120.9241188,64711821,1092.4418969526757,916.3166792063973,-0.16122158829460206,High
TZA,66000,66558504.488501996,55161120.9241188,64711821,1029.556941204019,853.4317234577405,-0.1710689430545806,High
USA,346739460,13941587232.723999,10762355036.6356,341534045,41835.731757646594,31917.90388169238,-0.23706595915204634,High
USA,7259340,13941587232.723999,10762355036.6356,341534045,40841.74557978254,31520.309410546757,-0.22823305020170526,High
USA,44897830,13941587232.723999,10762355036.6356,341534045,40951.94979090298,31564.391094994935,-0.22923349788813688,High
URY,878000,56350024.76752,34391565.645298,3390913,16876.87792860507,10245.84400876637,-0.39290643375452666,Critical
URY,1397900,56350024.76752,34391565.645298,3390913,17030.19946767139,10307.172624392899,-0.39477088075456107,Critical
URY,1283100,56350024.76752,34391565.645298,3390913,16996.344278818124,10293.630548851592,-0.39436208281094076,Critical
UZB,656414.35,107451162.9835599,94047960.51147991,34938955,3094.184623826325,2710.566897649913,-0.12398023156809036,Medium
UZB,359147.06,107451162.9835599,94047960.51147991,34938955,3085.676433183531,2702.058707007119,-0.12432208447099836,Medium
UZB,6270058.7,107451162.9835599,94047960.51147991,34938955,3254.854693952922,2871.2369677765096,-0.11786016957657802,Medium
VUT,986,0,0,313046,3.1496968496642666,3.1496968496642666,0,Low
NA,1000000,0,0,5343,187160.77110237695,187160.77110237695,0,Low
NA,1000000,0,0,12077154,82.80096453187564,82.80096453187564,0,Low
NA,1000000,0,0,7465915,133.9420553274448,133.9420553274448,0,Low
NA,1000000,0,0,704356,1419.7366104640266,1419.7366104640266,0,Low
NA,1000000,0,0,1425179569,0.7016659666975622,0.7016659666975622,0,Low
NA,1000000,0,0,23420111,42.69834587889016,42.69834587889016,0,Low
NA,1000000,0,0,30395002,32.90014588582689,32.90014588582689,0,Low
NA,1000000,0,0,185345,5395.34381828482,5395.34381828482,0,Low
NA,1000000,0,0,102396968,9.765914162614658,9.765914162614658,0,Low
NA,1000000,0,0,89524246,11.170158305494134,11.170158305494134,0,Low
NA,1000000,0,0,112114,8919.492659257541,8919.492659257541,0,Low
NA,1000000,0,0,17904421,55.852127248348324,55.852127248348324,0,Low
NA,1000000,0,0,871540,1147.394267618239,1147.394267618239,0,Low
NA,1000000,0,0,10920,91575.09157509157,91575.09157509157,0,Low
NA,1000000,0,0,87058473,11.486532735303088,11.486532735303088,0,Low
NA,1000000,0,0,86507,11559.758169859086,11559.758169859086,0,Low
NA,1000000,0,0,28213017,35.444631816583104,35.444631816583104,0,Low
NA,1000000,0,0,11478,87123.19219376198,87123.19219376198,0,Low
NA,1000000,0,0,8021406686,0.12466641315485597,0.12466641315485597,0,Low
NA,1000000,0,0,475299909,2.1039347600632508,2.1039347600632508,0,Low
NA,1000000,0,0,199713824,5.007164651756906,5.007164651756906,0,Low
NA,1000000,0,0,264719925,3.777577377297912,3.777577377297912,0,Low
NA,1000000,0,0,71212991,14.042381677242007,14.042381677242007,0,Low
NA,1000000,0,0,435937001,2.293909435781066,2.293909435781066,0,Low
NA,1000000,0,0,1034848565,0.9663249617590184,0.9663249617590184,0,Low
NA,1000000,0,0,380481775,2.628246780019884,2.628246780019884,0,Low
NA,1000000,0,0,179821109,5.561082375484626,5.561082375484626,0,Low
NA,1000000,0,0,44052902,22.699980128437396,22.699980128437396,0,Low
NA,1000000,0,0,430492778,2.3229193405887982,2.3229193405887982,0,Low
NA,1000000,0,0,4747661033,0.21063003298870936,0.21063003298870936,0,Low
NA,1000000,0,0,79341768,12.603701999683194,12.603701999683194,0,Low
NA,1000000,0,0,1663264901,0.6012271403062572,0.6012271403062572,0,Low
NA,1000000,0,0,2022467287,0.49444557468384903,0.49444557468384903,0,Low
NA,1000000,0,0,684898412,1.460070548389591,1.460070548389591,0,Low
NA,1000000,0,0,297688665,3.359214231418586,3.359214231418586,0,Low
NA,1000000,0,0,746964086,1.3387524497395984,1.3387524497395984,0,Low
NA,1000000,0,0,289050977,3.4595973706049783,3.4595973706049783,0,Low
NA,1000000,0,0,107439461,9.30756717031557,9.30756717031557,0,Low
NA,1000000,0,0,151975351,6.580014412995171,6.580014412995171,0,Low
NA,1000000,0,0,198498297,5.037826596567728,5.037826596567728,0,Low
NA,1000000,0,0,45049350,22.197878548747095,22.197878548747095,0,Low
NA,1000000,0,0,31332719,31.91551936491691,31.91551936491691,0,Low
NA,1000000,0,0,12503827,79.97551469642055,79.97551469642055,0,Low
NA,1000000,0,0,449113453,2.2266088742614443,2.2266088742614443,0,Low
NA,1000000,0,0,1134811910,0.8812033000252879,0.8812033000252879,0,Low
NA,1000000,0,0,566128954,1.7663820105551429,1.7663820105551429,0,Low
NA,1000000,0,0,72230332,13.84459924675412,13.84459924675412,0,Low
NA,1000000,0,0,1039281637,0.9622030875928966,0.9622030875928966,0,Low
NA,1000000,0,0,1780529299,0.5616307468580443,0.5616307468580443,0,Low
NA,729000,0,0,5343,136440.2021336328,136440.2021336328,0,Low
NA,729000,0,0,12077154,60.361903143737344,60.361903143737344,0,Low
NA,729000,0,0,7465915,97.64375833370725,97.64375833370725,0,Low
NA,729000,0,0,704356,1034.9879890282755,1034.9879890282755,0,Low
NA,729000,0,0,1425179569,0.5115144897225228,0.5115144897225228,0,Low
NA,729000,0,0,23420111,31.127094145710924,31.127094145710924,0,Low
NA,729000,0,0,30395002,23.9842063507678,23.9842063507678,0,Low
NA,729000,0,0,185345,3933.205643529634,3933.205643529634,0,Low
NA,729000,0,0,102396968,7.119351424546086,7.119351424546086,0,Low
NA,729000,0,0,89524246,8.143045404705223,8.143045404705223,0,Low
NA,729000,0,0,112114,6502.310148598748,6502.310148598748,0,Low
NA,729000,0,0,17904421,40.71620076404593,40.71620076404593,0,Low
NA,729000,0,0,871540,836.4504210936963,836.4504210936963,0,Low
NA,729000,0,0,10920,66758.24175824175,66758.24175824175,0,Low
NA,729000,0,0,87058473,8.37368236403595,8.37368236403595,0,Low
NA,729000,0,0,86507,8427.063705827273,8427.063705827273,0,Low
NA,729000,0,0,28213017,25.839136594289084,25.839136594289084,0,Low
NA,729000,0,0,11478,63512.807109252484,63512.807109252484,0,Low
NA,729000,0,0,8021406686,0.09088181518989,0.09088181518989,0,Low
NA,729000,0,0,475299909,1.53376844008611,1.53376844008611,0,Low
NA,729000,0,0,199713824,3.6502230311307846,3.6502230311307846,0,Low
NA,729000,0,0,264719925,2.753853908050178,2.753853908050178,0,Low
NA,729000,0,0,71212991,10.236896242709424,10.236896242709424,0,Low
NA,729000,0,0,435937001,1.672259978684397,1.672259978684397,0,Low
NA,729000,0,0,1034848565,0.7044508971223243,0.7044508971223243,0,Low
NA,729000,0,0,380481775,1.9159919026344954,1.9159919026344954,0,Low
NA,729000,0,0,179821109,4.054029051728293,4.054029051728293,0,Low
NA,729000,0,0,44052902,16.548285513630862,16.548285513630862,0,Low
NA,729000,0,0,430492778,1.693408199289234,1.693408199289234,0,Low
NA,729000,0,0,4747661033,0.15354929404876913,0.15354929404876913,0,Low
NA,729000,0,0,79341768,9.188098757769048,9.188098757769048,0,Low
NA,729000,0,0,1663264901,0.4382945852832615,0.4382945852832615,0,Low
NA,729000,0,0,2022467287,0.36045082394452593,0.36045082394452593,0,Low
NA,729000,0,0,684898412,1.0643914297760118,1.0643914297760118,0,Low
NA,729000,0,0,297688665,2.4488671747041493,2.4488671747041493,0,Low
NA,729000,0,0,746964086,0.9759505358601672,0.9759505358601672,0,Low
NA,729000,0,0,289050977,2.522046483171029,2.522046483171029,0,Low
NA,729000,0,0,107439461,6.78521646716005,6.78521646716005,0,Low
NA,729000,0,0,151975351,4.796830507073479,4.796830507073479,0,Low
NA,729000,0,0,198498297,3.6725755888978737,3.6725755888978737,0,Low
NA,729000,0,0,45049350,16.182253462036634,16.182253462036634,0,Low
NA,729000,0,0,31332719,23.266413617024426,23.266413617024426,0,Low
NA,729000,0,0,12503827,58.302150213690574,58.302150213690574,0,Low
NA,729000,0,0,449113453,1.6231978693365927,1.6231978693365927,0,Low
NA,729000,0,0,1134811910,0.6423972057184348,0.6423972057184348,0,Low
NA,729000,0,0,566128954,1.2876924856946992,1.2876924856946992,0,Low
NA,729000,0,0,72230332,10.092712850883753,10.092712850883753,0,Low
NA,729000,0,0,1039281637,0.7014460508552216,0.7014460508552216,0,Low
NA,729000,0,0,1780529299,0.4094288144595143,0.4094288144595143,0,Low
NA,570.17,0,0,5343,106.71345685944226,106.71345685944226,0,Low
NA,570.17,0,0,12077154,0.04721062594713953,0.04721062594713953,0,Low
NA,570.17,0,0,7465915,0.0763697416860492,0.0763697416860492,0,Low
NA,570.17,0,0,704356,0.8094912231882742,0.8094912231882742,0,Low
NA,570.17,0,0,1425179569,4.00068884231949e-4,4.00068884231949e-4,0,Low
NA,570.17,0,0,23420111,0.0243453158697668,0.0243453158697668,0,Low
NA,570.17,0,0,30395002,0.018758676179721916,0.018758676179721916,0,Low
NA,570.17,0,0,185345,3.076263184871456,3.076263184871456,0,Low
NA,570.17,0,0,102396968,0.005568231278098,0.005568231278098,0,Low
NA,570.17,0,0,89524246,0.006368889161043591,0.006368889161043591,0,Low
NA,570.17,0,0,112114,5.085627129528873,5.085627129528873,0,Low
NA,570.17,0,0,17904421,0.031845207393190765,0.031845207393190765,0,Low
NA,570.17,0,0,871540,0.6542097895678913,0.6542097895678913,0,Low
NA,570.17,0,0,10920,52.21336996336996,52.21336996336996,0,Low
NA,570.17,0,0,87058473,0.006549276369687762,0.006549276369687762,0,Low
NA,570.17,0,0,86507,6.591027315708556,6.591027315708556,0,Low
NA,570.17,0,0,28213017,0.020209465722861187,0.020209465722861187,0,Low
NA,570.17,0,0,11478,49.67503049311727,49.67503049311727,0,Low
NA,570.17,0,0,8021406686,7.108104878850422e-5,7.108104878850422e-5,0,Low
NA,570.17,0,0,475299909,0.0011996004821452637,0.0011996004821452637,0,Low
NA,570.17,0,0,199713824,0.002854935069492235,0.002854935069492235,0,Low
NA,570.17,0,0,264719925,0.0021538612932139505,0.0021538612932139505,0,Low
NA,570.17,0,0,71212991,0.008006544760913075,0.008006544760913075,0,Low
NA,570.17,0,0,435937001,0.0013079183429992904,0.0013079183429992904,0,Low
NA,570.17,0,0,1034848565,5.509695034461395e-4,5.509695034461395e-4,0,Low
NA,570.17,0,0,380481775,0.0014985474665639373,0.0014985474665639373,0,Low
NA,570.17,0,0,179821109,0.00317076233803007,0.00317076233803007,0,Low
NA,570.17,0,0,44052902,0.01294284766983115,0.01294284766983115,0,Low
NA,570.17,0,0,430492778,0.0013244589204235151,0.0013244589204235151,0,Low
NA,570.17,0,0,4747661033,1.2009492590917242e-4,1.2009492590917242e-4,0,Low
NA,570.17,0,0,79341768,0.007186252769159366,0.007186252769159366,0,Low
NA,570.17,0,0,1663264901,3.428016785884187e-4,3.428016785884187e-4,0,Low
NA,570.17,0,0,2022467287,2.819180333174902e-4,2.819180333174902e-4,0,Low
NA,570.17,0,0,684898412,8.32488424575293e-4,8.32488424575293e-4,0,Low
NA,570.17,0,0,297688665,0.0019153231783279353,0.0019153231783279353,0,Low
NA,570.17,0,0,746964086,7.633164842680268e-4,7.633164842680268e-4,0,Low
NA,570.17,0,0,289050977,0.0019725586327978403,0.0019725586327978403,0,Low
NA,570.17,0,0,107439461,0.005306895573498828,0.005306895573498828,0,Low
NA,570.17,0,0,151975351,0.003751726817857456,0.003751726817857456,0,Low
NA,570.17,0,0,198498297,0.0028724175905650213,0.0028724175905650213,0,Low
NA,570.17,0,0,45049350,0.012656564412139132,0.012656564412139132,0,Low
NA,570.17,0,0,31332719,0.018197271676294674,0.018197271676294674,0,Low
NA,570.17,0,0,12503827,0.0455996392144581,0.0455996392144581,0,Low
NA,570.17,0,0,449113453,0.0012695455818376477,0.0012695455818376477,0,Low
NA,570.17,0,0,1134811910,5.024356855754183e-4,5.024356855754183e-4,0,Low
NA,570.17,0,0,566128954,0.0010071380309582259,0.0010071380309582259,0,Low
NA,570.17,0,0,72230332,0.007893775152521796,0.007893775152521796,0,Low
NA,570.17,0,0,1039281637,5.486193344528419e-4,5.486193344528419e-4,0,Low
NA,570.17,0,0,1780529299,3.202250029360511e-4,3.202250029360511e-4,0,Low
VNM,4423352.38,1209418178.183192,1083359544.4316137,99680655,12177.302913621426,10912.678059866417,-0.10385098101981274,Medium
VNM,42660798.11,1209418178.183192,1083359544.4316137,99680655,12560.902376626556,11296.277522871549,-0.1006794588347596,Medium
NA,27389350.87,0,0,5343,5126212.028822759,5126212.028822759,0,Low
NA,27389350.87,0,0,12077154,2267.8646699379674,2267.8646699379674,0,Low
NA,27389350.87,0,0,7465915,3668.585949612338,3668.585949612338,0,Low
NA,27389350.87,0,0,704356,38885.66416698374,38885.66416698374,0,Low
NA,27389350.87,0,0,1425179569,19.218175355417266,19.218175355417266,0,Low
NA,27389350.87,0,0,23420111,1169.479976845541,1169.479976845541,0,Low
NA,27389350.87,0,0,30395002,901.1136393410995,901.1136393410995,0,Low
NA,27389350.87,0,0,185345,147774.96490328846,147774.96490328846,0,Low
NA,27389350.87,0,0,102396968,267.4820495661551,267.4820495661551,0,Low
NA,27389350.87,0,0,89524246,305.9433851026235,305.9433851026235,0,Low
NA,27389350.87,0,0,112114,244299.11402679415,244299.11402679415,0,Low
NA,27389350.87,0,0,17904421,1529.7535100409,1529.7535100409,0,Low
NA,27389350.87,0,0,871540,31426.384182022626,31426.384182022626,0,Low
NA,27389350.87,0,0,10920,2508182.314102564,2508182.314102564,0,Low
NA,27389350.87,0,0,87058473,314.60867536695713,314.60867536695713,0,Low
NA,27389350.87,0,0,86507,316614.2724866196,316614.2724866196,0,Low
NA,27389350.87,0,0,28213017,970.8054572823602,970.8054572823602,0,Low
NA,27389350.87,0,0,11478,2386247.679909392,2386247.679909392,0,Low
NA,27389350.87,0,0,8021406686,3.4145321316027335,3.4145321316027335,0,Low
NA,27389350.87,0,0,475299909,57.625407350961645,57.625407350961645,0,Low
NA,27389350.87,0,0,199713824,137.14298951083126,137.14298951083126,0,Low
NA,27389350.87,0,0,264719925,103.46539222538689,103.46539222538689,0,Low
NA,27389350.87,0,0,71212991,384.61171880844046,384.61171880844046,0,Low
NA,27389350.87,0,0,435937001,62.82869040061135,62.82869040061135,0,Low
NA,27389350.87,0,0,1034848565,26.467013432057087,26.467013432057087,0,Low
NA,27389350.87,0,0,380481775,71.98597323091231,71.98597323091231,0,Low
NA,27389350.87,0,0,179821109,152.31443639912152,152.31443639912152,0,Low
NA,27389350.87,0,0,44052902,621.7377204797995,621.7377204797995,0,Low
NA,27389350.87,0,0,430492778,63.62325286209563,63.62325286209563,0,Low
NA,27389350.87,0,0,4747661033,5.769019877287436,5.769019877287436,0,Low
NA,27389350.87,0,0,79341768,345.2072163302436,345.2072163302436,0,Low
NA,27389350.87,0,0,1663264901,16.467221098414797,16.467221098414797,0,Low
NA,27389350.87,0,0,2022467287,13.54254333113473,13.54254333113473,0,Low
NA,27389350.87,0,0,684898412,39.99038454479582,39.99038454479582,0,Low
NA,27389350.87,0,0,297688665,92.00669723182104,92.00669723182104,0,Low
NA,27389350.87,0,0,746964086,36.667560573989896,36.667560573989896,0,Low
NA,27389350.87,0,0,289050977,94.75612625242917,94.75612625242917,0,Low
NA,27389350.87,0,0,107439461,254.92822297386618,254.92822297386618,0,Low
NA,27389350.87,0,0,151975351,180.22232348718182,180.22232348718182,0,Low
NA,27389350.87,0,0,198498297,137.98280027561142,137.98280027561142,0,Low
NA,27389350.87,0,0,45049350,607.9854841412806,607.9854841412806,0,Low
NA,27389350.87,0,0,31332719,874.1453580839889,874.1453580839889,0,Low
NA,27389350.87,0,0,12503827,2190.477433029104,2190.477433029104,0,Low
NA,27389350.87,0,0,449113453,60.98537170740241,60.98537170740241,0,Low
NA,27389350.87,0,0,1134811910,24.13558637219449,24.13558637219449,0,Low
NA,27389350.87,0,0,566128954,48.38005665755085,48.38005665755085,0,Low
NA,27389350.87,0,0,72230332,379.1945864238863,379.1945864238863,0,Low
NA,27389350.87,0,0,1039281637,26.35411797427919,26.35411797427919,0,Low
NA,27389350.87,0,0,1780529299,15.382701585075125,15.382701585075125,0,Low
NA,22554658.57,0,0,5343,4221347.289912035,4221347.289912035,0,Low
NA,22554658.57,0,0,12077154,1867.547484283135,1867.547484283135,0,Low
NA,22554658.57,0,0,7465915,3021.017326074567,3021.017326074567,0,Low
NA,22554658.57,0,0,704356,32021.67450834521,32021.67450834521,0,Low
NA,22554658.57,0,0,1425179569,15.825836309052505,15.825836309052505,0,Low
NA,22554658.57,0,0,23420111,963.0466128021341,963.0466128021341,0,Low
NA,22554658.57,0,0,30395002,742.0515573580157,742.0515573580157,0,Low
NA,22554658.57,0,0,185345,121690.13768917424,121690.13768917424,0,Low
NA,22554658.57,0,0,102396968,220.2668595617011,220.2668595617011,0,Low
NA,22554658.57,0,0,89524246,251.93910675326995,251.93910675326995,0,Low
NA,22554658.57,0,0,112114,201176.11154717518,201176.11154717518,0,Low
NA,22554658.57,0,0,17904421,1259.7256604946901,1259.7256604946901,0,Low
NA,22554658.57,0,0,871540,25879.085951304587,25879.085951304587,0,Low
NA,22554658.57,0,0,10920,2065444.923992674,2065444.923992674,0,Low
NA,22554658.57,0,0,87058473,259.0748239978893,259.0748239978893,0,Low
NA,22554658.57,0,0,86507,260726.39867293977,260726.39867293977,0,Low
NA,22554658.57,0,0,28213017,799.4415687623908,799.4415687623908,0,Low
NA,22554658.57,0,0,11478,1965033.8534587908,1965033.8534587908,0,Low
NA,22554658.57,0,0,8021406686,2.811808383854333,2.811808383854333,0,Low
NA,22554658.57,0,0,475299909,47.4535301667815,47.4535301667815,0,Low
NA,22554658.57,0,0,199713824,112.93488912414996,112.93488912414996,0,Low
NA,22554658.57,0,0,264719925,85.20196796671048,85.20196796671048,0,Low
NA,22554658.57,0,0,71212991,316.7211242398174,316.7211242398174,0,Low
NA,22554658.57,0,0,435937001,51.73834411454328,51.73834411454328,0,Low
NA,22554658.57,0,0,1034848565,21.795129580142966,21.795129580142966,0,Low
NA,22554658.57,0,0,380481775,59.279208761050384,59.279208761050384,0,Low
NA,22554658.57,0,0,179821109,125.4283142587003,125.4283142587003,0,Low
NA,22554658.57,0,0,44052902,511.9903013426902,511.9903013426902,0,Low
NA,22554658.57,0,0,430492778,52.392652612629895,52.392652612629895,0,Low
NA,22554658.57,0,0,4747661033,4.7506884786481764,4.7506884786481764,0,Low
NA,22554658.57,0,0,79341768,284.27219532088066,284.27219532088066,0,Low
NA,22554658.57,0,0,1663264901,13.560472872625116,13.560472872625116,0,Low
NA,22554658.57,0,0,2022467287,11.15205111844165,11.15205111844165,0,Low
NA,22554658.57,0,0,684898412,32.93139270703989,32.93139270703989,0,Low
NA,22554658.57,0,0,297688665,75.76593005313119,75.76593005313119,0,Low
NA,22554658.57,0,0,746964086,30.195104413627725,30.195104413627725,0,Low
NA,22554658.57,0,0,289050977,78.03003748366504,78.03003748366504,0,Low
NA,22554658.57,0,0,107439461,209.9289996438087,209.9289996438087,0,Low
NA,22554658.57,0,0,151975351,148.40997847078503,148.40997847078503,0,Low
NA,22554658.57,0,0,198498297,113.62645882045024,113.62645882045024,0,Low
NA,22554658.57,0,0,45049350,500.66557164531787,500.66557164531787,0,Low
NA,22554658.57,0,0,31332719,719.8436423599242,719.8436423599242,0,Low
NA,22554658.57,0,0,12503827,1803.8204279377826,1803.8204279377826,0,Low
NA,22554658.57,0,0,449113453,50.22040292789893,50.22040292789893,0,Low
NA,22554658.57,0,0,1134811910,19.87523956282764,19.87523956282764,0,Low
NA,22554658.57,0,0,566128954,39.84014315226138,39.84014315226138,0,Low
NA,22554658.57,0,0,72230332,312.26020904901833,312.26020904901833,0,Low
NA,22554658.57,0,0,1039281637,21.702162115657586,21.702162115657586,0,Low
NA,22554658.57,0,0,1780529299,12.667389737797288,12.667389737797288,0,Low
NA,75457.6,0,0,5343,14122.702601534718,14122.702601534718,0,Low
NA,75457.6,0,0,12077154,6.247962061260459,6.247962061260459,0,Low
NA,75457.6,0,0,7465915,10.106946034076199,10.106946034076199,0,Low
NA,75457.6,0,0,704356,107.12991725775034,107.12991725775034,0,Low
NA,75457.6,0,0,1425179569,0.05294602984867797,0.05294602984867797,0,Low
NA,75457.6,0,0,23420111,3.221914703990942,3.221914703990942,0,Low
NA,75457.6,0,0,30395002,2.482566048194371,2.482566048194371,0,Low
NA,75457.6,0,0,185345,407.1196957026086,407.1196957026086,0,Low
NA,75457.6,0,0,102396968,0.7369124445169118,0.7369124445169118,0,Low
NA,75457.6,0,0,89524246,0.8428733373526541,0.8428733373526541,0,Low
NA,75457.6,0,0,112114,673.0435092851918,673.0435092851918,0,Low
NA,75457.6,0,0,17904421,4.214467477054969,4.214467477054969,0,Low
NA,75457.6,0,0,871540,86.57961768823003,86.57961768823003,0,Low
NA,75457.6,0,0,10920,6910.03663003663,6910.03663003663,0,Low
NA,75457.6,0,0,87058473,0.8667461925274063,0.8667461925274063,0,Low
NA,75457.6,0,0,86507,872.2716080779591,872.2716080779591,0,Low
NA,75457.6,0,0,28213017,2.6745668497630013,2.6745668497630013,0,Low
NA,75457.6,0,0,11478,6574.1069872800135,6574.1069872800135,0,Low
NA,75457.6,0,0,8021406686,0.00940702833727386,0.00940702833727386,0,Low
NA,75457.6,0,0,475299909,0.15875786755094876,0.15875786755094876,0,Low
NA,75457.6,0,0,199713824,0.3778286274264119,0.3778286274264119,0,Low
NA,75457.6,0,0,264719925,0.28504692270519494,0.28504692270519494,0,Low
NA,75457.6,0,0,71212991,1.0596044196486565,1.0596044196486565,0,Low
NA,75457.6,0,0,435937001,0.17309290064139338,0.17309290064139338,0,Low
NA,75457.6,0,0,1034848565,0.0729165624344273,0.0729165624344273,0,Low
NA,75457.6,0,0,380481775,0.1983211942280284,0.1983211942280284,0,Low
NA,75457.6,0,0,179821109,0.4196259294563688,0.4196259294563688,0,Low
NA,75457.6,0,0,44052902,1.7128860205395777,1.7128860205395777,0,Low
NA,75457.6,0,0,430492778,0.17528191843441332,0.17528191843441332,0,Low
NA,75457.6,0,0,4747661033,0.015893636777248837,0.015893636777248837,0,Low
NA,75457.6,0,0,79341768,0.9510451040112945,0.9510451040112945,0,Low
NA,75457.6,0,0,1663264901,0.04536715706237343,0.04536715706237343,0,Low
NA,75457.6,0,0,2022467287,0.03730967639626401,0.03730967639626401,0,Low
NA,75457.6,0,0,684898412,0.1101734194121624,0.1101734194121624,0,Low
NA,75457.6,0,0,297688665,0.2534782437886911,0.2534782437886911,0,Low
NA,75457.6,0,0,746964086,0.10101904685147071,0.10101904685147071,0,Low
NA,75457.6,0,0,289050977,0.2610529145521622,0.2610529145521622,0,Low
NA,75457.6,0,0,107439461,0.7023266805108042,0.7023266805108042,0,Low
NA,75457.6,0,0,151975351,0.4965120955700244,0.4965120955700244,0,Low
NA,75457.6,0,0,198498297,0.38014230419316897,0.38014230419316897,0,Low
NA,75457.6,0,0,45049350,1.6749986403799388,1.6749986403799388,0,Low
NA,75457.6,0,0,31332719,2.408268494030154,2.408268494030154,0,Low
NA,75457.6,0,0,12503827,6.034760397756623,6.034760397756623,0,Low
NA,75457.6,0,0,449113453,0.16801456179047033,0.16801456179047033,0,Low
NA,75457.6,0,0,1134811910,0.06649348613198816,0.06649348613198816,0,Low
NA,75457.6,0,0,566128954,0.13328694719966575,0.13328694719966575,0,Low
NA,75457.6,0,0,72230332,1.0446802321218738,1.0446802321218738,0,Low
NA,75457.6,0,0,1039281637,0.07260553570234976,0.07260553570234976,0,Low
NA,75457.6,0,0,1780529299,0.04237930824411556,0.04237930824411556,0,Low
NA,10198181.2,0,0,5343,1908699.4572337638,1908699.4572337638,0,Low
NA,10198181.2,0,0,12077154,844.419239830841,844.419239830841,0,Low
NA,10198181.2,0,0,7465915,1365.9653505297074,1365.9653505297074,0,Low
NA,10198181.2,0,0,704356,14478.731209785961,14478.731209785961,0,Low
NA,10198181.2,0,0,1425179569,7.155716670254905,7.155716670254905,0,Low
NA,10198181.2,0,0,23420111,435.44546821319506,435.44546821319506,0,Low
NA,10198181.2,0,0,30395002,335.5216492500971,335.5216492500971,0,Low
NA,10198181.2,0,0,185345,55022.69389516847,55022.69389516847,0,Low
NA,10198181.2,0,0,102396968,99.59456221399056,99.59456221399056,0,Low
NA,10198181.2,0,0,89524246,113.91529843211413,113.91529843211413,0,Low
NA,10198181.2,0,0,112114,90962.60235117827,90962.60235117827,0,Low
NA,10198181.2,0,0,17904421,569.5901140841137,569.5901140841137,0,Low
NA,10198181.2,0,0,871540,11701.334649012093,11701.334649012093,0,Low
NA,10198181.2,0,0,10920,933899.3772893773,933899.3772893773,0,Low
NA,10198181.2,0,0,87058473,117.14174219435253,117.14174219435253,0,Low
NA,10198181.2,0,0,86507,117888.50844440334,117888.50844440334,0,Low
NA,10198181.2,0,0,28213017,361.4707778327997,361.4707778327997,0,Low
NA,10198181.2,0,0,11478,888498.1007144102,888498.1007144102,0,Low
NA,10198181.2,0,0,8021406686,1.2713706709072847,1.2713706709072847,0,Low
NA,10198181.2,0,0,475299909,21.456307916103558,21.456307916103558,0,Low
NA,10198181.2,0,0,199713824,51.063972416851826,51.063972416851826,0,Low
NA,10198181.2,0,0,264719925,38.524418590704876,38.524418590704876,0,Low
NA,10198181.2,0,0,71212991,143.2067528240739,143.2067528240739,0,Low
NA,10198181.2,0,0,435937001,23.393704082485076,23.393704082485076,0,Low
NA,10198181.2,0,0,1034848565,9.854757058101539,9.854757058101539,0,Low
NA,10198181.2,0,0,380481775,26.803336900959316,26.803336900959316,0,Low
NA,10198181.2,0,0,179821109,56.71292573331866,56.71292573331866,0,Low
NA,10198181.2,0,0,44052902,231.49851058620382,231.49851058620382,0,Low
NA,10198181.2,0,0,430492778,23.689552348309082,23.689552348309082,0,Low
NA,10198181.2,0,0,4747661033,2.148043242580836,2.148043242580836,0,Low
NA,10198181.2,0,0,79341768,128.53483678357154,128.53483678357154,0,Low
NA,10198181.2,0,0,1663264901,6.131423319201034,6.131423319201034,0,Low
NA,10198181.2,0,0,2022467287,5.042445564164025,5.042445564164025,0,Low
NA,10198181.2,0,0,684898412,14.890064017260416,14.890064017260416,0,Low
NA,10198181.2,0,0,297688665,34.25787542162548,34.25787542162548,0,Low
NA,10198181.2,0,0,746964086,13.652840064388316,13.652840064388316,0,Low
NA,10198181.2,0,0,289050977,35.28160086447312,35.28160086447312,0,Low
NA,10198181.2,0,0,107439461,94.92025653404944,94.92025653404944,0,Low
NA,10198181.2,0,0,151975351,67.10417928233639,67.10417928233639,0,Low
NA,10198181.2,0,0,198498297,51.376668485976985,51.376668485976985,0,Low
NA,10198181.2,0,0,45049350,226.37798769571592,226.37798769571592,0,Low
NA,10198181.2,0,0,31332719,325.48024957553156,325.48024957553156,0,Low
NA,10198181.2,0,0,12503827,815.6047904373597,815.6047904373597,0,Low
NA,10198181.2,0,0,449113453,22.707360761246225,22.707360761246225,0,Low
NA,10198181.2,0,0,1134811910,8.986670927695851,8.986670927695851,0,Low
NA,10198181.2,0,0,566128954,18.01388381206166,18.01388381206166,0,Low
NA,10198181.2,0,0,72230332,141.18973175978203,141.18973175978203,0,Low
NA,10198181.2,0,0,1039281637,9.812721438471831,9.812721438471831,0,Low
NA,10198181.2,0,0,1780529299,5.727612123949666,5.727612123949666,0,Low
NA,973167.4,0,0,5343,182138.7609956953,182138.7609956953,0,Low
NA,973167.4,0,0,12077154,80.57919937097763,80.57919937097763,0,Low
NA,973167.4,0,0,7465915,130.3480417336656,130.3480417336656,0,Low
NA,973167.4,0,0,704356,1381.6413858900896,1381.6413858900896,0,Low
NA,973167.4,0,0,1425179569,0.6828384444795531,0.6828384444795531,0,Low
NA,973167.4,0,0,23420111,41.55263824326025,41.55263824326025,0,Low
NA,973167.4,0,0,30395002,32.01734943133085,32.01734943133085,0,Low
NA,973167.4,0,0,185345,5250.572715746311,5250.572715746311,0,Low
NA,973167.4,0,0,102396968,9.503869294254885,9.503869294254885,0,Low
NA,973167.4,0,0,89524246,10.870433915746132,10.870433915746132,0,Low
NA,973167.4,0,0,112114,8680.159480528748,8680.159480528748,0,Low
NA,973167.4,0,0,17904421,54.35346945874429,54.35346945874429,0,Low
NA,973167.4,0,0,871540,1116.6066961929457,1116.6066961929457,0,Low
NA,973167.4,0,0,10920,89117.89377289377,89117.89377289377,0,Low
NA,973167.4,0,0,87058473,11.178319197029793,11.178319197029793,0,Low
NA,973167.4,0,0,86507,11249.579802790526,11249.579802790526,0,Low
NA,973167.4,0,0,28213017,34.493560188901455,34.493560188901455,0,Low
NA,973167.4,0,0,11478,84785.45042690364,84785.45042690364,0,Low
NA,973167.4,0,0,8021406686,0.12132128915723697,0.12132128915723697,0,Low
NA,973167.4,0,0,475299909,2.0474807202203777,2.0474807202203777,0,Low
NA,973167.4,0,0,199713824,4.872809405522173,4.872809405522173,0,Low
NA,973167.4,0,0,264719925,3.676215154563828,3.676215154563828,0,Low
NA,973167.4,0,0,71212991,13.665588066649244,13.665588066649244,0,Low
NA,973167.4,0,0,435937001,2.232357881454527,2.232357881454527,0,Low
NA,973167.4,0,0,1034848565,0.9403959505901233,0.9403959505901233,0,Low
NA,973167.4,0,0,380481775,2.5577240854703223,2.5577240854703223,0,Low
NA,973167.4,0,0,179821109,5.411864076536198,5.411864076536198,0,Low
NA,973167.4,0,0,44052902,22.090880641643086,22.090880641643086,0,Low
NA,973167.4,0,0,430492778,2.2605893750905155,2.2605893750905155,0,Low
NA,973167.4,0,0,4747661033,0.20497828156553652,0.20497828156553652,0,Low
NA,973167.4,0,0,79341768,12.265511905406495,12.265511905406495,0,Low
NA,973167.4,0,0,1663264901,0.5850946529412755,0.5850946529412755,0,Low
NA,973167.4,0,0,2022467287,0.48117831435658714,0.48117831435658714,0,Low
NA,973167.4,0,0,684898412,1.4208930593928724,1.4208930593928724,0,Low
NA,973167.4,0,0,297688665,3.269077779632624,3.269077779632624,0,Low
NA,973167.4,0,0,746964086,1.3028302407567156,1.3028302407567156,0,Low
NA,973167.4,0,0,289050977,3.366767378198483,3.366767378198483,0,Low
NA,973167.4,0,0,107439461,9.05782094346136,9.05782094346136,0,Low
NA,973167.4,0,0,151975351,6.4034555182570365,6.4034555182570365,0,Low
NA,973167.4,0,0,198498297,4.9026486106326645,4.9026486106326645,0,Low
NA,973167.4,0,0,45049350,21.602251752799987,21.602251752799987,0,Low
NA,973167.4,0,0,31332719,31.05914300000584,31.05914300000584,0,Low
NA,973167.4,0,0,12503827,77.82956370077737,77.82956370077737,0,Low
NA,973167.4,0,0,449113453,2.1668631689819366,2.1668631689819366,0,Low
NA,973167.4,0,0,1134811910,0.8575583243570294,0.8575583243570294,0,Low
NA,973167.4,0,0,566128954,1.718985388618721,1.718985388618721,0,Low
NA,973167.4,0,0,72230332,13.473112653005666,13.473112653005666,0,Low
NA,973167.4,0,0,1039281637,0.9363846770247515,0.9363846770247515,0,Low
NA,973167.4,0,0,1780529299,0.5465607336799011,0.5465607336799011,0,Low
NA,27284172.16,0,0,5343,5106526.700355605,5106526.700355605,0,Low
NA,27284172.16,0,0,12077154,2259.1557713017487,2259.1557713017487,0,Low
NA,27284172.16,0,0,7465915,3654.498097018249,3654.498097018249,0,Low
NA,27284172.16,0,0,704356,38736.33810175536,38736.33810175536,0,Low
NA,27284172.16,0,0,1425179569,19.144375034189114,19.144375034189114,0,Low
NA,27284172.16,0,0,23420111,1164.9890199068655,1164.9890199068655,0,Low
NA,27284172.16,0,0,30395002,897.6532444380165,897.6532444380165,0,Low
NA,27284172.16,0,0,185345,147207.4896004748,147207.4896004748,0,Low
NA,27284172.16,0,0,102396968,266.4548833125606,266.4548833125606,0,Low
NA,27284172.16,0,0,89524246,304.7685222615558,304.7685222615558,0,Low
NA,27284172.16,0,0,112114,243360.97329503897,243360.97329503897,0,Low
NA,27284172.16,0,0,17904421,1523.8790553461629,1523.8790553461629,0,Low
NA,27284172.16,0,0,871540,31305.702733093145,31305.702733093145,0,Low
NA,27284172.16,0,0,10920,2498550.564102564,2498550.564102564,0,Low
NA,27284172.16,0,0,87058473,313.40053667148516,313.40053667148516,0,Low
NA,27284172.16,0,0,86507,315398.43203440186,315398.43203440186,0,Low
NA,27284172.16,0,0,28213017,967.077436631467,967.077436631467,0,Low
NA,27284172.16,0,0,11478,2377084.17494337,2377084.17494337,0,Low
NA,27284172.16,0,0,8021406686,3.401419879086779,3.401419879086779,0,Low
NA,27284172.16,0,0,475299909,57.40411820697403,57.40411820697403,0,Low
NA,27284172.16,0,0,199713824,136.61634239200185,136.61634239200185,0,Low
NA,27284172.16,0,0,264719925,103.06807150991752,103.06807150991752,0,Low
NA,27284172.16,0,0,71212991,383.1347592183005,383.1347592183005,0,Low
NA,27284172.16,0,0,435937001,62.58741996529907,62.58741996529907,0,Low
NA,27284172.16,0,0,1034848565,26.365376619138473,26.365376619138473,0,Low
NA,27284172.16,0,0,380481775,71.70953762502816,71.70953762502816,0,Low
NA,27284172.16,0,0,179821109,151.7295289286643,151.7295289286643,0,Low
NA,27284172.16,0,0,44052902,619.3501658528648,619.3501658528648,0,Low
NA,27284172.16,0,0,430492778,63.37893120241845,63.37893120241845,0,Low
NA,27284172.16,0,0,4747661033,5.746866082130426,5.746866082130426,0,Low
NA,27284172.16,0,0,79341768,343.8815752126925,343.8815752126925,0,Low
NA,27284172.16,0,0,1663264901,16.403984803380396,16.403984803380396,0,Low
NA,27284172.16,0,0,2022467287,13.490538183424274,13.490538183424274,0,Low
NA,27284172.16,0,0,684898412,39.83681620800721,39.83681620800721,0,Low
NA,27284172.16,0,0,297688665,91.6533794123468,91.6533794123468,0,Low
NA,27284172.16,0,0,746964086,36.526752318316944,36.526752318316944,0,Low
NA,27284172.16,0,0,289050977,94.39225026386954,94.39225026386954,0,Low
NA,27284172.16,0,0,107439461,253.94926506565403,253.94926506565403,0,Low
NA,27284172.16,0,0,151975351,179.53024605944157,179.53024605944157,0,Low
NA,27284172.16,0,0,198498297,137.45292817298076,137.45292817298076,0,Low
NA,27284172.16,0,0,45049350,605.6507399107867,605.6507399107867,0,Low
NA,27284172.16,0,0,31332719,870.7885249282068,870.7885249282068,0,Low
NA,27284172.16,0,0,12503827,2182.0657115617482,2182.0657115617482,0,Low
NA,27284172.16,0,0,449113453,60.75117985833303,60.75117985833303,0,Low
NA,27284172.16,0,0,1134811910,24.042902545850087,24.042902545850087,0,Low
NA,27284172.16,0,0,566128954,48.19427087631345,48.19427087631345,0,Low
NA,27284172.16,0,0,72230332,377.73842933464573,377.73842933464573,0,Low
NA,27284172.16,0,0,1039281637,26.25291469476815,26.25291469476815,0,Low
NA,27284172.16,0,0,1780529299,15.323629987624258,15.323629987624258,0,Low
NA,17632067,0,0,5343,3300031.255848774,3300031.255848774,0,Low
NA,17632067,0,0,12077154,1459.9521542906548,1459.9521542906548,0,Low
NA,17632067,0,0,7465915,2361.6752936512135,2361.6752936512135,0,Low
NA,17632067,0,0,704356,25032.89103805462,25032.89103805462,0,Low
NA,17632067,0,0,1425179569,12.371821336431184,12.371821336431184,0,Low
NA,17632067,0,0,23420111,752.8600953257651,752.8600953257651,0,Low
NA,17632067,0,0,30395002,580.0975765686741,580.0975765686741,0,Low
NA,17632067,0,0,185345,95131.06369203377,95131.06369203377,0,Low
NA,17632067,0,0,102396968,172.19325283147055,172.19325283147055,0,Low
NA,17632067,0,0,89524246,196.95297964307903,196.95297964307903,0,Low
NA,17632067,0,0,112114,157269.09217403713,157269.09217403713,0,Low
NA,17632067,0,0,17904421,984.7884497354033,984.7884497354033,0,Low
NA,17632067,0,0,871540,20230.93260206072,20230.93260206072,0,Low
NA,17632067,0,0,10920,1614658.15018315,1614658.15018315,0,Low
NA,17632067,0,0,87058473,202.53131478655732,202.53131478655732,0,Low
NA,17632067,0,0,86507,203822.4305547528,203822.4305547528,0,Low
NA,17632067,0,0,28213017,624.962122980325,624.962122980325,0,Low
NA,17632067,0,0,11478,1536161.9620142882,1536161.9620142882,0,Low
NA,17632067,0,0,8021406686,2.1981265493961017,2.1981265493961017,0,Low
NA,17632067,0,0,475299909,37.096718653064165,37.096718653064165,0,Low
NA,17632067,0,0,199713824,88.28666261980943,88.28666261980943,0,Low
NA,17632067,0,0,264719925,66.60649741420107,66.60649741420107,0,Low
NA,17632067,0,0,71212991,247.59621457270345,247.59621457270345,0,Low
NA,17632067,0,0,435937001,40.446364863623955,40.446364863623955,0,Low
NA,17632067,0,0,1034848565,17.03830646950745,17.03830646950745,0,Low
NA,17632067,0,0,380481775,46.34142331784486,46.34142331784486,0,Low
NA,17632067,0,0,179821109,98.0533770370641,98.0533770370641,0,Low
NA,17632067,0,0,44052902,400.24757052327675,400.24757052327675,0,Low
NA,17632067,0,0,430492778,40.957869448857515,40.957869448857515,0,Low
NA,17632067,0,0,4747661033,3.7138428538691337,3.7138428538691337,0,Low
NA,17632067,0,0,79341768,222.22931810644803,222.22931810644803,0,Low
NA,17632067,0,0,1663264901,10.600877220098328,10.600877220098328,0,Low
NA,17632067,0,0,2022467287,8.71809750067913,8.71809750067913,0,Low
NA,17632067,0,0,684898412,25.74406173393201,25.74406173393201,0,Low
NA,17632067,0,0,297688665,59.22989039572602,59.22989039572602,0,Low
NA,17632067,0,0,746964086,23.60497289022273,23.60497289022273,0,Low
NA,17632067,0,0,289050977,60.99985263153081,60.99985263153081,0,Low
NA,17632067,0,0,107439461,164.11164795400452,164.11164795400452,0,Low
NA,17632067,0,0,151975351,116.01925499089651,116.01925499089651,0,Low
NA,17632067,0,0,198498297,88.82729608506415,88.82729608506415,0,Low
NA,17632067,0,0,45049350,391.39448182937156,391.39448182937156,0,Low
NA,17632067,0,0,31332719,562.7365757820124,562.7365757820124,0,Low
NA,17632067,0,0,12503827,1410.1336334867717,1410.1336334867717,0,Low
NA,17632067,0,0,449113453,39.25971685377236,39.25971685377236,0,Low
NA,17632067,0,0,1134811910,15.537435626666978,15.537435626666978,0,Low
NA,17632067,0,0,566128954,31.144965957702986,31.144965957702986,0,Low
NA,17632067,0,0,72230332,244.1089015069182,244.1089015069182,0,Low
NA,17632067,0,0,1039281637,16.96562930804482,16.96562930804482,0,Low
NA,17632067,0,0,1780529299,9.902710957861077,9.902710957861077,0,Low
NA,64480,0,0,5343,12068.126520681266,12068.126520681266,0,Low
NA,64480,0,0,12077154,5.339006193015341,5.339006193015341,0,Low
NA,64480,0,0,7465915,8.63658372751364,8.63658372751364,0,Low
NA,64480,0,0,704356,91.54461664272044,91.54461664272044,0,Low
NA,64480,0,0,1425179569,0.04524342153265881,0.04524342153265881,0,Low
NA,64480,0,0,23420111,2.7531893422708373,2.7531893422708373,0,Low
NA,64480,0,0,30395002,2.1214014067181175,2.1214014067181175,0,Low
NA,64480,0,0,185345,347.8917694030052,347.8917694030052,0,Low
NA,64480,0,0,102396968,0.6297061452053931,0.6297061452053931,0,Low
NA,64480,0,0,89524246,0.7202518075382618,0.7202518075382618,0,Low
NA,64480,0,0,112114,575.1288866689263,575.1288866689263,0,Low
NA,64480,0,0,17904421,3.6013451649735,3.6013451649735,0,Low
NA,64480,0,0,871540,73.98398237602404,73.98398237602404,0,Low
NA,64480,0,0,10920,5904.761904761905,5904.761904761905,0,Low
NA,64480,0,0,87058473,0.7406516307723431,0.7406516307723431,0,Low
NA,64480,0,0,86507,745.3732067925139,745.3732067925139,0,Low
NA,64480,0,0,28213017,2.2854698595332787,2.2854698595332787,0,Low
NA,64480,0,0,11478,5617.703432653772,5617.703432653772,0,Low
NA,64480,0,0,8021406686,0.008038490320225113,0.008038490320225113,0,Low
NA,64480,0,0,475299909,0.13566171332887841,0.13566171332887841,0,Low
NA,64480,0,0,199713824,0.3228619767452853,0.3228619767452853,0,Low
NA,64480,0,0,264719925,0.24357818928816938,0.24357818928816938,0,Low
NA,64480,0,0,71212991,0.9054527705485647,0.9054527705485647,0,Low
NA,64480,0,0,435937001,0.14791128041916313,0.14791128041916313,0,Low
NA,64480,0,0,1034848565,0.0623086335342215,0.0623086335342215,0,Low
NA,64480,0,0,380481775,0.16946935237568211,0.16946935237568211,0,Low
NA,64480,0,0,179821109,0.3585785915712487,0.3585785915712487,0,Low
NA,64480,0,0,44052902,1.4636947186816434,1.4636947186816434,0,Low
NA,64480,0,0,430492778,0.1497818390811657,0.1497818390811657,0,Low
NA,64480,0,0,4747661033,0.01358142452711198,0.01358142452711198,0,Low
NA,64480,0,0,79341768,0.8126867049395723,0.8126867049395723,0,Low
NA,64480,0,0,1663264901,0.03876712600694746,0.03876712600694746,0,Low
NA,64480,0,0,2022467287,0.03188185065561459,0.03188185065561459,0,Low
NA,64480,0,0,684898412,0.09414534896016083,0.09414534896016083,0,Low
NA,64480,0,0,297688665,0.21660213364187045,0.21660213364187045,0,Low
NA,64480,0,0,746964086,0.0863227579592093,0.0863227579592093,0,Low
NA,64480,0,0,289050977,0.223074838456609,0.223074838456609,0,Low
NA,64480,0,0,107439461,0.600151931141948,0.600151931141948,0,Low
NA,64480,0,0,151975351,0.42427932934992857,0.42427932934992857,0,Low
NA,64480,0,0,198498297,0.3248390589466871,0.3248390589466871,0,Low
NA,64480,0,0,45049350,1.4313192088232127,1.4313192088232127,0,Low
NA,64480,0,0,31332719,2.0579126886498424,2.0579126886498424,0,Low
NA,64480,0,0,12503827,5.156821187625197,5.156821187625197,0,Low
NA,64480,0,0,449113453,0.14357174021237792,0.14357174021237792,0,Low
NA,64480,0,0,1134811910,0.05681998878563056,0.05681998878563056,0,Low
NA,64480,0,0,566128954,0.11389631204059561,0.11389631204059561,0,Low
NA,64480,0,0,72230332,0.8926997594307057,0.8926997594307057,0,Low
NA,64480,0,0,1039281637,0.06204285508798998,0.06204285508798998,0,Low
NA,64480,0,0,1780529299,0.03621395055740669,0.03621395055740669,0,Low
NA,62519497,0,0,5343,11701197.267452741,11701197.267452741,0,Low
NA,62519497,0,0,12077154,5176.674653647706,5176.674653647706,0,Low
NA,62519497,0,0,7465915,8373.989926218019,8373.989926218019,0,Low
NA,62519497,0,0,704356,88761.21875869589,88761.21875869589,0,Low
NA,62519497,0,0,1425179569,43.86780329995034,43.86780329995034,0,Low
NA,62519497,0,0,23420111,2669.4791070802353,2669.4791070802353,0,Low
NA,62519497,0,0,30395002,2056.9005720085165,2056.9005720085165,0,Low
NA,62519497,0,0,185345,337314.1816612264,337314.1816612264,0,Low
NA,62519497,0,0,102396968,610.5600411918447,610.5600411918447,0,Low
NA,62519497,0,0,89524246,698.3526786698656,698.3526786698656,0,Low
NA,62519497,0,0,112114,557642.1945519738,557642.1945519738,0,Low
NA,62519497,0,0,17904421,3491.8469019467316,3491.8469019467316,0,Low
NA,62519497,0,0,871540,71734.51247217569,71734.51247217569,0,Low
NA,62519497,0,0,10920,5725228.663003663,5725228.663003663,0,Low
NA,62519497,0,0,87058473,718.1322488851832,718.1322488851832,0,Low
NA,62519497,0,0,86507,722710.2662212306,722710.2662212306,0,Low
NA,62519497,0,0,28213017,2215.9805525229717,2215.9805525229717,0,Low
NA,62519497,0,0,11478,5446898.152988326,5446898.152988326,0,Low
NA,62519497,0,0,8021406686,7.794081443235778,7.794081443235778,0,Low
NA,62519497,0,0,475299909,131.53694291997013,131.53694291997013,0,Low
NA,62519497,0,0,199713824,313.04541542402194,313.04541542402194,0,Low
NA,62519497,0,0,264719925,236.1722375072447,236.1722375072447,0,Low
NA,62519497,0,0,71212991,877.9226391431866,877.9226391431866,0,Low
NA,62519497,0,0,435937001,143.41406408858606,143.41406408858606,0,Low
NA,62519497,0,0,1034848565,60.41415054771806,60.41415054771806,0,Low
NA,62519497,0,0,380481775,164.3166666787128,164.3166666787128,0,Low
NA,62519497,0,0,179821109,347.676072890864,347.676072890864,0,Low
NA,62519497,0,0,44052902,1419.1913395399013,1419.1913395399013,0,Low
NA,62519497,0,0,430492778,145.22774874518336,145.22774874518336,0,Low
NA,62519497,0,0,4747661033,13.168483715547517,13.168483715547517,0,Low
NA,62519497,0,0,79341768,787.9771093580874,787.9771093580874,0,Low
NA,62519497,0,0,1663264901,37.58841839469563,37.58841839469563,0,Low
NA,62519497,0,0,2022467287,30.912488623110175,30.912488623110175,0,Low
NA,62519497,0,0,684898412,91.28287626983139,91.28287626983139,0,Low
NA,62519497,0,0,297688665,210.0163840635316,210.0163840635316,0,Low
NA,62519497,0,0,746964086,83.69812976523747,83.69812976523747,0,Low
NA,62519497,0,0,289050977,216.2922874327458,216.2922874327458,0,Low
NA,62519497,0,0,107439461,581.9044177818428,581.9044177818428,0,Low
NA,62519497,0,0,151975351,411.37919135320834,411.37919135320834,0,Low
NA,62519497,0,0,198498297,314.9623847906363,314.9623847906363,0,Low
NA,62519497,0,0,45049350,1387.8002013347584,1387.8002013347584,0,Low
NA,62519497,0,0,31332719,1995.3422171883647,1995.3422171883647,0,Low
NA,62519497,0,0,12503827,5000.02895113632,5000.02895113632,0,Low
NA,62519497,0,0,449113453,139.20646683456172,139.20646683456172,0,Low
NA,62519497,0,0,1134811910,55.09238707232109,55.09238707232109,0,Low
NA,62519497,0,0,566128954,110.43331480975623,110.43331480975623,0,Low
NA,62519497,0,0,72230332,865.5573810736464,865.5573810736464,0,Low
NA,62519497,0,0,1039281637,60.15645304815484,60.15645304815484,0,Low
NA,62519497,0,0,1780529299,35.112871793299256,35.112871793299256,0,Low
NA,1162118007.9,0,0,5343,217502902.47052217,217502902.47052217,0,Low
NA,1162118007.9,0,0,12077154,96224.49195398188,96224.49195398188,0,Low
NA,1162118007.9,0,0,7465915,155656.47451116174,155656.47451116174,0,Low
NA,1162118007.9,0,0,704356,1649901.481495153,1649901.481495153,0,Low
NA,1162118007.9,0,0,1425179569,815.4186554297987,815.4186554297987,0,Low
NA,1162118007.9,0,0,23420111,49620.516653401,49620.516653401,0,Low
NA,1162118007.9,0,0,30395002,38233.85199645652,38233.85199645652,0,Low
NA,1162118007.9,0,0,185345,6270026.210040735,6270026.210040735,0,Low
NA,1162118007.9,0,0,102396968,11349.144711980143,11349.144711980143,0,Low
NA,1162118007.9,0,0,89524246,12981.042117908482,12981.042117908482,0,Low
NA,1162118007.9,0,0,112114,10365503.040655047,10365503.040655047,0,Low
NA,1162118007.9,0,0,17904421,64906.762854827866,64906.762854827866,0,Low
NA,1162118007.9,0,0,871540,1333407.5405603873,1333407.5405603873,0,Low
NA,1162118007.9,0,0,10920,106421062.9945055,106421062.9945055,0,Low
NA,1162118007.9,0,0,87058473,13348.706540028563,13348.706540028563,0,Low
NA,1162118007.9,0,0,86507,13433803.136162391,13433803.136162391,0,Low
NA,1162118007.9,0,0,28213017,41190.844917436516,41190.844917436516,0,Low
NA,1162118007.9,0,0,11478,101247430.55410351,101247430.55410351,0,Low
NA,1162118007.9,0,0,8021406686,144.87708370755956,144.87708370755956,0,Low
NA,1162118007.9,0,0,475299909,2445.0204721162695,2445.0204721162695,0,Low
NA,1162118007.9,0,0,199713824,5818.916210327033,5818.916210327033,0,Low
NA,1162118007.9,0,0,264719925,4389.990696393556,4389.990696393556,0,Low
NA,1162118007.9,0,0,71212991,16318.904620927942,16318.904620927942,0,Low
NA,1162118007.9,0,0,435937001,2665.7934638129054,2665.7934638129054,0,Low
NA,1162118007.9,0,0,1034848565,1122.983639543434,1122.983639543434,0,Low
NA,1162118007.9,0,0,380481775,3054.332912266297,3054.332912266297,0,Low
NA,1162118007.9,0,0,179821109,6462.6339719659945,6462.6339719659945,0,Low
NA,1162118007.9,0,0,44052902,26380.05568622925,26380.05568622925,0,Low
NA,1162118007.9,0,0,430492778,2699.506396597436,2699.506396597436,0,Low
NA,1162118007.9,0,0,4747661033,244.77695434075022,244.77695434075022,0,Low
NA,1162118007.9,0,0,79341768,14646.98906003708,14646.98906003708,0,Low
NA,1162118007.9,0,0,1663264901,698.6968865881214,698.6968865881214,0,Low
NA,1162118007.9,0,0,2022467287,574.6041062665653,574.6041062665653,0,Low
NA,1162118007.9,0,0,684898412,1696.774277087972,1696.774277087972,0,Low
NA,1162118007.9,0,0,297688665,3903.8033507254972,3903.8033507254972,0,Low
NA,1162118007.9,0,0,746964086,1555.788329962627,1555.788329962627,0,Low
NA,1162118007.9,0,0,289050977,4020.4604044635353,4020.4604044635353,0,Low
NA,1162118007.9,0,0,107439461,10816.49141836257,10816.49141836257,0,Low
NA,1162118007.9,0,0,151975351,7646.753241583236,7646.753241583236,0,Low
NA,1162118007.9,0,0,198498297,5854.549008548925,5854.549008548925,0,Low
NA,1162118007.9,0,0,45049350,25796.55439867612,25796.55439867612,0,Low
NA,1162118007.9,0,0,31332719,37089.599785451115,37089.599785451115,0,Low
NA,1162118007.9,0,0,12503827,92940.98581978142,92940.98581978142,0,Low
NA,1162118007.9,0,0,449113453,2587.582269329171,2587.582269329171,0,Low
NA,1162118007.9,0,0,1134811910,1024.0622235802937,1024.0622235802937,0,Low
NA,1162118007.9,0,0,566128954,2052.7443432967393,2052.7443432967393,0,Low
NA,1162118007.9,0,0,72230332,16089.058096811737,16089.058096811737,0,Low
NA,1162118007.9,0,0,1039281637,1118.1935353486863,1118.1935353486863,0,Low
NA,1162118007.9,0,0,1780529299,652.6812047140596,652.6812047140596,0,Low
NA,788933616.99,0,0,5343,147657424.1044357,147657424.1044357,0,Low
NA,788933616.99,0,0,12077154,65324.46443839335,65324.46443839335,0,Low
NA,788933616.99,0,0,7465915,105671.39017655572,105671.39017655572,0,Low
NA,788933616.99,0,0,704356,1120077.9392665073,1120077.9392665073,0,Low
NA,788933616.99,0,0,1425179569,553.5678690254927,553.5678690254927,0,Low
NA,788933616.99,0,0,23420111,33686.16045372287,33686.16045372287,0,Low
NA,788933616.99,0,0,30395002,25956.031093204074,25956.031093204074,0,Low
NA,788933616.99,0,0,185345,4256568.113464081,4256568.113464081,0,Low
NA,788933616.99,0,0,102396968,7704.65798352545,7704.65798352545,0,Low
NA,788933616.99,0,0,89524246,8812.513394304377,8812.513394304377,0,Low
NA,788933616.99,0,0,112114,7036887.605383806,7036887.605383806,0,Low
NA,788933616.99,0,0,17904421,44063.62076662518,44063.62076662518,0,Low
NA,788933616.99,0,0,871540,905217.9096656493,905217.9096656493,0,Low
NA,788933616.99,0,0,10920,72246668.22252747,72246668.22252747,0,Low
NA,788933616.99,0,0,87058473,9062.111817536703,9062.111817536703,0,Low
NA,788933616.99,0,0,86507,9119881.824476631,9119881.824476631,0,Low
NA,788933616.99,0,0,28213017,27963.461581935742,27963.461581935742,0,Low
NA,788933616.99,0,0,11478,68734415.14113957,68734415.14113957,0,Low
NA,788933616.99,0,0,8021406686,98.35352424743023,98.35352424743023,0,Low
NA,788933616.99,0,0,475299909,1659.8648601676884,1659.8648601676884,0,Low
NA,788933616.99,0,0,199713824,3950.3205195750497,3950.3205195750497,0,Low
NA,788933616.99,0,0,264719925,2980.2577837312397,2980.2577837312397,0,Low
NA,788933616.99,0,0,71212991,11078.50696778064,11078.50696778064,0,Low
NA,788933616.99,0,0,435937001,1809.7422682182464,1809.7422682182464,0,Low
NA,788933616.99,0,0,1034848565,762.3662472682657,762.3662472682657,0,Low
NA,788933616.99,0,0,380481775,2073.512238503408,2073.512238503408,0,Low
NA,788933616.99,0,0,179821109,4387.324832870428,4387.324832870428,0,Low
NA,788933616.99,0,0,44052902,17908.77742832924,17908.77742832924,0,Low
NA,788933616.99,0,0,430492778,1832.6291573467465,1832.6291573467465,0,Low
NA,788933616.99,0,0,4747661033,166.1731137725055,166.1731137725055,0,Low
NA,788933616.99,0,0,79341768,9943.484206074158,9943.484206074158,0,Low
NA,788933616.99,0,0,1663264901,474.32830243436973,474.32830243436973,0,Low
NA,788933616.99,0,0,2022467287,390.08473564002816,390.08473564002816,0,Low
NA,788933616.99,0,0,684898412,1151.8987388015728,1151.8987388015728,0,Low
NA,788933616.99,0,0,297688665,2650.197033837348,2650.197033837348,0,Low
NA,788933616.99,0,0,746964086,1056.1868124272844,1056.1868124272844,0,Low
NA,788933616.99,0,0,289050977,2729.392666920479,2729.392666920479,0,Low
NA,788933616.99,0,0,107439461,7343.052633054442,7343.052633054442,0,Low
NA,788933616.99,0,0,151975351,5191.194570690612,5191.194570690612,0,Low
NA,788933616.99,0,0,198498297,3974.510758598599,3974.510758598599,0,Low
NA,788933616.99,0,0,45049350,17512.65261296778,17512.65261296778,0,Low
NA,788933616.99,0,0,31332719,25179.226130678286,25179.226130678286,0,Low
NA,788933616.99,0,0,12503827,63095.37208008396,63095.37208008396,0,Low
NA,788933616.99,0,0,449113453,1756.6465927931133,1756.6465927931133,0,Low
NA,788933616.99,0,0,1134811910,695.2109067924746,695.2109067924746,0,Low
NA,788933616.99,0,0,566128954,1393.5581485733371,1393.5581485733371,0,Low
NA,788933616.99,0,0,72230332,10922.469759518757,10922.469759518757,0,Low
NA,788933616.99,0,0,1039281637,759.1143621736097,759.1143621736097,0,Low
NA,788933616.99,0,0,1780529299,443.08937653151196,443.08937653151196,0,Low
NA,811384426.43,0,0,5343,151859334.91109863,151859334.91109863,0,Low
NA,811384426.43,0,0,12077154,67183.41311454668,67183.41311454668,0,Low
NA,811384426.43,0,0,7465915,108678.49773671413,108678.49773671413,0,Low
NA,811384426.43,0,0,704356,1151952.1753630266,1151952.1753630266,0,Low
NA,811384426.43,0,0,1425179569,569.320837934353,569.320837934353,0,Low
NA,811384426.43,0,0,23420111,34644.77288045304,34644.77288045304,0,Low
NA,811384426.43,0,0,30395002,26694.665999034973,26694.665999034973,0,Low
NA,811384426.43,0,0,185345,4377697.949391675,4377697.949391675,0,Low
NA,811384426.43,0,0,102396968,7923.910661397708,7923.910661397708,0,Low
NA,811384426.43,0,0,89524246,9063.292489835658,9063.292489835658,0,Low
NA,811384426.43,0,0,112114,7237137.435378276,7237137.435378276,0,Low
NA,811384426.43,0,0,17904421,45317.54623229648,45317.54623229648,0,Low
NA,811384426.43,0,0,871540,930977.8397204948,930977.8397204948,0,Low
NA,811384426.43,0,0,10920,74302603.15293041,74302603.15293041,0,Low
NA,811384426.43,0,0,87058473,9319.993775103314,9319.993775103314,0,Low
NA,811384426.43,0,0,86507,9379407.752320621,9379407.752320621,0,Low
NA,811384426.43,0,0,28213017,28759.22225652081,28759.22225652081,0,Low
NA,811384426.43,0,0,11478,70690401.32688622,70690401.32688622,0,Low
NA,811384426.43,0,0,8021406686,101.15238613273821,101.15238613273821,0,Low
NA,811384426.43,0,0,475299909,1707.0998985400606,1707.0998985400606,0,Low
NA,811384426.43,0,0,199713824,4062.735419006348,4062.735419006348,0,Low
NA,811384426.43,0,0,264719925,3065.0674535738103,3065.0674535738103,0,Low
NA,811384426.43,0,0,71212991,11393.769802900148,11393.769802900148,0,Low
NA,811384426.43,0,0,435937001,1861.242391833585,1861.242391833585,0,Low
NA,811384426.43,0,0,1034848565,784.0610248418328,784.0610248418328,0,Low
NA,811384426.43,0,0,380481775,2132.518506122928,2132.518506122928,0,Low
NA,811384426.43,0,0,179821109,4512.175633562576,4512.175633562576,0,Low
NA,811384426.43,0,0,44052902,18418.410356484575,18418.410356484575,0,Low
NA,811384426.43,0,0,430492778,1884.780576806796,1884.780576806796,0,Low
NA,811384426.43,0,0,4747661033,170.90192850547592,170.90192850547592,0,Low
NA,811384426.43,0,0,79341768,10226.447517907593,10226.447517907593,0,Low
NA,811384426.43,0,0,1663264901,487.82633839154164,487.82633839154164,0,Low
NA,811384426.43,0,0,2022467287,401.18543901570655,401.18543901570655,0,Low
NA,811384426.43,0,0,684898412,1184.6785044524238,1184.6785044524238,0,Low
NA,811384426.43,0,0,297688665,2725.614112415063,2725.614112415063,0,Low
NA,811384426.43,0,0,746964086,1086.2428885637214,1086.2428885637214,0,Low
NA,811384426.43,0,0,289050977,2807.063428227056,2807.063428227056,0,Low
NA,811384426.43,0,0,107439461,7552.015049945197,7552.015049945197,0,Low
NA,811384426.43,0,0,151975351,5338.921220389219,5338.921220389219,0,Low
NA,811384426.43,0,0,198498297,4087.6140435099046,4087.6140435099046,0,Low
NA,811384426.43,0,0,45049350,18011.012954237962,18011.012954237962,0,Low
NA,811384426.43,0,0,31332719,25895.755374118664,25895.755374118664,0,Low
NA,811384426.43,0,0,12503827,64890.88712039922,64890.88712039922,0,Low
NA,811384426.43,0,0,449113453,1806.6357643265699,1806.6357643265699,0,Low
NA,811384426.43,0,0,1134811910,714.9946341592414,714.9946341592414,0,Low
NA,811384426.43,0,0,566128954,1433.214854490555,1433.214854490555,0,Low
NA,811384426.43,0,0,72230332,11233.292218980801,11233.292218980801,0,Low
NA,811384426.43,0,0,1039281637,780.7166003357374,780.7166003357374,0,Low
NA,811384426.43,0,0,1780529299,455.69844140486674,455.69844140486674,0,Low
YEM,60000,0,0,38222876,1.569740591995223,1.569740591995223,0,Low
YEM,100000,0,0,38222876,2.616234319992038,2.616234319992038,0,Low
ZMB,2706243.46,37698805.469499,32800468.6813716,20152938,2004.9210159580207,1761.8628182834482,-0.12123080946329992,Medium
ZMB,62279.91,37698805.469499,32800468.6813716,20152938,1873.726073066815,1630.667875392243,-0.12971917355921037,Medium
ZMB,234924.63,37698805.469499,32800468.6813716,20152938,1882.292800161396,1639.2346024868234,-0.12912879316848666,Medium
ZWE,1019603.9,36726027.661203,34573655.611926,16069056,2348.9638446217996,2215.018698791391,-0.05702307685028439,Medium
ZWE,539,36726027.661203,34573655.611926,16069056,2285.545999790093,2151.6008539596846,-0.05860531612258516,Medium
ZWE,250000,36726027.661203,34573655.611926,16069056,2301.0703093699467,2167.125163539538,-0.05820993182389293,Medium
